Chave,Titulo,Tipo,Data Criacao,Data Mudanca,Status Antigo,Status Novo,Autor,Squad,Start Date Historia,Deadline Historia,Planned End Date
BF3E4-61,[BMC - 1] Entidade: BMC - Tamanho M,Story,2026-02-24T12:53:16.393-0300,2026-04-07T16:36:09.455-0300,Test,Done,samyra.almeida,SQUAD_1,2026-03-09,2026-04-07,
BF3E4-61,[BMC - 1] Entidade: BMC - Tamanho M,Story,2026-02-24T12:53:16.393-0300,2026-04-06T10:55:42.669-0300,Waiting Test,Test,maite.willig,SQUAD_1,2026-03-09,2026-04-07,
BF3E4-61,[BMC - 1] Entidade: BMC - Tamanho M,Story,2026-02-24T12:53:16.393-0300,2026-04-06T10:55:39.210-0300,In Code Review,Waiting Test,maite.willig,SQUAD_1,2026-03-09,2026-04-07,
BF3E4-61,[BMC - 1] Entidade: BMC - Tamanho M,Story,2026-02-24T12:53:16.393-0300,2026-04-06T10:55:35.019-0300,WAITING CODE REVIEW,In Code Review,maite.willig,SQUAD_1,2026-03-09,2026-04-07,
BF3E4-61,[BMC - 1] Entidade: BMC - Tamanho M,Story,2026-02-24T12:53:16.393-0300,2026-04-06T10:55:32.232-0300,IN DEVELOPMENT,WAITING CODE REVIEW,maite.willig,SQUAD_1,2026-03-09,2026-04-07,
BF3E4-61,[BMC - 1] Entidade: BMC - Tamanho M,Story,2026-02-24T12:53:16.393-0300,2026-03-17T10:59:06.678-0300,To Do,IN DEVELOPMENT,artur.mariano,SQUAD_1,2026-03-09,2026-04-07,
BF3E4-61,[BMC - 1] Entidade: BMC - Tamanho M,Story,2026-02-24T12:53:16.393-0300,2026-03-09T11:09:17.678-0300,Refined,To Do,maite.willig,SQUAD_1,2026-03-09,2026-04-07,
BF3E4-61,[BMC - 1] Entidade: BMC - Tamanho M,Story,2026-02-24T12:53:16.393-0300,2026-03-09T11:09:03.946-0300,IN REFINEMENT,Refined,maite.willig,SQUAD_1,2026-03-09,2026-04-07,
BF3E4-61,[BMC - 1] Entidade: BMC - Tamanho M,Story,2026-02-24T12:53:16.393-0300,2026-03-09T11:09:01.041-0300,WAITING REFINEMENT,IN REFINEMENT,maite.willig,SQUAD_1,2026-03-09,2026-04-07,
BF3E4-1914,[CLIENTE - 42] Assunto: Hub Cart e Hub User (Parte 6) - TAMANHO: P,Story,2026-03-09T12:08:48.508-0300,2026-05-08T11:58:00.378-0300,IN DEVELOPMENT,Canceled,lucas.carvalho4,SQUAD_3,2026-05-14,2026-05-14,
BF3E4-1914,[CLIENTE - 42] Assunto: Hub Cart e Hub User (Parte 6) - TAMANHO: P,Story,2026-03-09T12:08:48.508-0300,2026-05-08T10:04:47.555-0300,To Do,IN DEVELOPMENT,lucivan.batista,SQUAD_3,2026-05-14,2026-05-14,
BF3E4-1914,[CLIENTE - 42] Assunto: Hub Cart e Hub User (Parte 6) - TAMANHO: P,Story,2026-03-09T12:08:48.508-0300,2026-05-08T10:04:44.995-0300,Refined,To Do,lucivan.batista,SQUAD_3,2026-05-14,2026-05-14,
BF3E4-1914,[CLIENTE - 42] Assunto: Hub Cart e Hub User (Parte 6) - TAMANHO: P,Story,2026-03-09T12:08:48.508-0300,2026-03-17T18:57:00.309-0300,IN REFINEMENT,Refined,willian.santos,SQUAD_3,2026-05-14,2026-05-14,
BF3E4-1914,[CLIENTE - 42] Assunto: Hub Cart e Hub User (Parte 6) - TAMANHO: P,Story,2026-03-09T12:08:48.508-0300,2026-03-17T18:56:56.592-0300,WAITING REFINEMENT,IN REFINEMENT,willian.santos,SQUAD_3,2026-05-14,2026-05-14,
BF3E4-1914,[CLIENTE - 42] Assunto: Hub Cart e Hub User (Parte 6) - TAMANHO: P,Story,2026-03-09T12:08:48.508-0300,2026-03-17T18:56:43.172-0300,Open,WAITING REFINEMENT,willian.santos,SQUAD_3,2026-05-14,2026-05-14,
BF3E4-1912,[CLIENTE - 41] Assunto: Relacionamento Cliente (Parte 4) - TAMANHO: M,Story,2026-03-09T12:08:31.367-0300,2026-05-08T18:33:34.415-0300,Test,Done,elenice.damitz,SQUAD_3,2026-05-13,2026-05-15,
BF3E4-1912,[CLIENTE - 41] Assunto: Relacionamento Cliente (Parte 4) - TAMANHO: M,Story,2026-03-09T12:08:31.367-0300,2026-05-08T10:06:55.959-0300,Waiting Test,Test,elenice.damitz,SQUAD_3,2026-05-13,2026-05-15,
BF3E4-1912,[CLIENTE - 41] Assunto: Relacionamento Cliente (Parte 4) - TAMANHO: M,Story,2026-03-09T12:08:31.367-0300,2026-05-07T15:21:39.637-0300,IN DEVELOPMENT,Waiting Test,decio.michellis,SQUAD_3,2026-05-13,2026-05-15,
BF3E4-1912,[CLIENTE - 41] Assunto: Relacionamento Cliente (Parte 4) - TAMANHO: M,Story,2026-03-09T12:08:31.367-0300,2026-05-06T16:15:41.796-0300,To Do,IN DEVELOPMENT,decio.michellis,SQUAD_3,2026-05-13,2026-05-15,
BF3E4-1912,[CLIENTE - 41] Assunto: Relacionamento Cliente (Parte 4) - TAMANHO: M,Story,2026-03-09T12:08:31.367-0300,2026-05-06T16:15:39.229-0300,Refined,To Do,decio.michellis,SQUAD_3,2026-05-13,2026-05-15,
BF3E4-1912,[CLIENTE - 41] Assunto: Relacionamento Cliente (Parte 4) - TAMANHO: M,Story,2026-03-09T12:08:31.367-0300,2026-03-17T18:56:17.988-0300,IN REFINEMENT,Refined,willian.santos,SQUAD_3,2026-05-13,2026-05-15,
BF3E4-1912,[CLIENTE - 41] Assunto: Relacionamento Cliente (Parte 4) - TAMANHO: M,Story,2026-03-09T12:08:31.367-0300,2026-03-17T18:56:15.307-0300,WAITING REFINEMENT,IN REFINEMENT,willian.santos,SQUAD_3,2026-05-13,2026-05-15,
BF3E4-1912,[CLIENTE - 41] Assunto: Relacionamento Cliente (Parte 4) - TAMANHO: M,Story,2026-03-09T12:08:31.367-0300,2026-03-17T18:56:12.577-0300,Open,WAITING REFINEMENT,willian.santos,SQUAD_3,2026-05-13,2026-05-15,
BF3E4-1907,[CLIENTE - 40] Assunto: Dados Públicos CNPJ - Target & Views (Parte 4) - TAMANHO: P,Story,2026-03-09T12:08:17.223-0300,2026-05-05T17:13:22.825-0300,IN DEVELOPMENT,Canceled,lucas.carvalho4,SQUAD_3,2026-05-06,2026-05-14,
BF3E4-1907,[CLIENTE - 40] Assunto: Dados Públicos CNPJ - Target & Views (Parte 4) - TAMANHO: P,Story,2026-03-09T12:08:17.223-0300,2026-05-05T10:57:23.113-0300,To Do,IN DEVELOPMENT,miguel.machado2,SQUAD_3,2026-05-06,2026-05-14,
BF3E4-1907,[CLIENTE - 40] Assunto: Dados Públicos CNPJ - Target & Views (Parte 4) - TAMANHO: P,Story,2026-03-09T12:08:17.223-0300,2026-05-05T10:57:21.237-0300,Refined,To Do,miguel.machado2,SQUAD_3,2026-05-06,2026-05-14,
BF3E4-1907,[CLIENTE - 40] Assunto: Dados Públicos CNPJ - Target & Views (Parte 4) - TAMANHO: P,Story,2026-03-09T12:08:17.223-0300,2026-03-17T18:55:45.469-0300,IN REFINEMENT,Refined,willian.santos,SQUAD_3,2026-05-06,2026-05-14,
BF3E4-1907,[CLIENTE - 40] Assunto: Dados Públicos CNPJ - Target & Views (Parte 4) - TAMANHO: P,Story,2026-03-09T12:08:17.223-0300,2026-03-17T18:55:43.109-0300,WAITING REFINEMENT,IN REFINEMENT,willian.santos,SQUAD_3,2026-05-06,2026-05-14,
BF3E4-1907,[CLIENTE - 40] Assunto: Dados Públicos CNPJ - Target & Views (Parte 4) - TAMANHO: P,Story,2026-03-09T12:08:17.223-0300,2026-03-17T18:55:40.845-0300,Open,WAITING REFINEMENT,willian.santos,SQUAD_3,2026-05-06,2026-05-14,
BF3E4-1899,[CLIENTE - 39] Assunto: Dados Públicos CNPJ - Staging (Parte 3) - TAMANHO: M,Story,2026-03-09T12:08:01.711-0300,2026-05-13T18:34:04.987-0300,Test,Done,elenice.damitz,SQUAD_3,2026-05-12,2026-05-20,2026-05-13T23:30:00.000-0300
BF3E4-1899,[CLIENTE - 39] Assunto: Dados Públicos CNPJ - Staging (Parte 3) - TAMANHO: M,Story,2026-03-09T12:08:01.711-0300,2026-05-12T17:10:21.885-0300,Waiting Test,Test,marina.bueno,SQUAD_3,2026-05-12,2026-05-20,2026-05-13T23:30:00.000-0300
BF3E4-1899,[CLIENTE - 39] Assunto: Dados Públicos CNPJ - Staging (Parte 3) - TAMANHO: M,Story,2026-03-09T12:08:01.711-0300,2026-05-12T12:19:26.418-0300,IN DEVELOPMENT,Waiting Test,marina.bueno,SQUAD_3,2026-05-12,2026-05-20,2026-05-13T23:30:00.000-0300
BF3E4-1899,[CLIENTE - 39] Assunto: Dados Públicos CNPJ - Staging (Parte 3) - TAMANHO: M,Story,2026-03-09T12:08:01.711-0300,2026-05-07T18:20:51.813-0300,To Do,IN DEVELOPMENT,vinicius.souza2,SQUAD_3,2026-05-12,2026-05-20,2026-05-13T23:30:00.000-0300
BF3E4-1899,[CLIENTE - 39] Assunto: Dados Públicos CNPJ - Staging (Parte 3) - TAMANHO: M,Story,2026-03-09T12:08:01.711-0300,2026-05-07T18:20:49.297-0300,Refined,To Do,vinicius.souza2,SQUAD_3,2026-05-12,2026-05-20,2026-05-13T23:30:00.000-0300
BF3E4-1897,[CLIENTE - 38] Assunto: Marketing Cloud - Target & Views (Parte 4) - TAMANHO: P,Story,2026-03-09T12:07:48.933-0300,2026-05-19T09:35:29.235-0300,IN DEVELOPMENT,Done,decio.michellis,SQUAD_3,2026-05-12,2026-05-15,2026-05-19T18:00:00.000-0300
BF3E4-1897,[CLIENTE - 38] Assunto: Marketing Cloud - Target & Views (Parte 4) - TAMANHO: P,Story,2026-03-09T12:07:48.933-0300,2026-05-05T12:42:46.940-0300,To Do,IN DEVELOPMENT,marina.bueno,SQUAD_3,2026-05-12,2026-05-15,2026-05-19T18:00:00.000-0300
BF3E4-1897,[CLIENTE - 38] Assunto: Marketing Cloud - Target & Views (Parte 4) - TAMANHO: P,Story,2026-03-09T12:07:48.933-0300,2026-05-05T12:42:43.269-0300,Refined,To Do,marina.bueno,SQUAD_3,2026-05-12,2026-05-15,2026-05-19T18:00:00.000-0300
BF3E4-1886,[CLIENTE - 37] Assunto: EDI - SSH/FTP On-Premise (Parte 3) - TAMANHO: G,Story,2026-03-09T12:07:24.839-0300,2026-05-18T14:26:24.449-0300,Test,Done,joao.ferreira2,SQUAD_3,2026-05-14,2026-05-24,2026-05-15T18:00:00.000-0300
BF3E4-1886,[CLIENTE - 37] Assunto: EDI - SSH/FTP On-Premise (Parte 3) - TAMANHO: G,Story,2026-03-09T12:07:24.839-0300,2026-05-18T14:26:14.248-0300,Waiting Test,Test,joao.ferreira2,SQUAD_3,2026-05-14,2026-05-24,2026-05-15T18:00:00.000-0300
BF3E4-1886,[CLIENTE - 37] Assunto: EDI - SSH/FTP On-Premise (Parte 3) - TAMANHO: G,Story,2026-03-09T12:07:24.839-0300,2026-05-15T17:22:14.305-0300,IN DEVELOPMENT,Waiting Test,joao.ferreira2,SQUAD_3,2026-05-14,2026-05-24,2026-05-15T18:00:00.000-0300
BF3E4-1886,[CLIENTE - 37] Assunto: EDI - SSH/FTP On-Premise (Parte 3) - TAMANHO: G,Story,2026-03-09T12:07:24.839-0300,2026-05-11T14:16:29.956-0300,To Do,IN DEVELOPMENT,joao.ferreira2,SQUAD_3,2026-05-14,2026-05-24,2026-05-15T18:00:00.000-0300
BF3E4-1886,[CLIENTE - 37] Assunto: EDI - SSH/FTP On-Premise (Parte 3) - TAMANHO: G,Story,2026-03-09T12:07:24.839-0300,2026-05-11T09:24:37.928-0300,Refined,To Do,marina.bueno,SQUAD_3,2026-05-14,2026-05-24,2026-05-15T18:00:00.000-0300
BF3E4-1872,[CLIENTE - 36] Assunto: EDI - SSH/FTP On-Premise (Parte 2) - TAMANHO: G,Story,2026-03-09T12:06:59.515-0300,2026-05-13T09:08:36.432-0300,IN DEVELOPMENT,Done,joao.ferreira2,SQUAD_3,2026-05-14,2026-05-25,2026-05-12T18:00:00.000-0300
BF3E4-1872,[CLIENTE - 36] Assunto: EDI - SSH/FTP On-Premise (Parte 2) - TAMANHO: G,Story,2026-03-09T12:06:59.515-0300,2026-05-11T11:04:56.064-0300,To Do,IN DEVELOPMENT,joao.ferreira2,SQUAD_3,2026-05-14,2026-05-25,2026-05-12T18:00:00.000-0300
BF3E4-1872,[CLIENTE - 36] Assunto: EDI - SSH/FTP On-Premise (Parte 2) - TAMANHO: G,Story,2026-03-09T12:06:59.515-0300,2026-05-11T09:24:35.622-0300,Refined,To Do,marina.bueno,SQUAD_3,2026-05-14,2026-05-25,2026-05-12T18:00:00.000-0300
BF3E4-1872,[CLIENTE - 36] Assunto: EDI - SSH/FTP On-Premise (Parte 2) - TAMANHO: G,Story,2026-03-09T12:06:59.515-0300,2026-03-17T18:53:19.585-0300,IN REFINEMENT,Refined,willian.santos,SQUAD_3,2026-05-14,2026-05-25,2026-05-12T18:00:00.000-0300
BF3E4-1872,[CLIENTE - 36] Assunto: EDI - SSH/FTP On-Premise (Parte 2) - TAMANHO: G,Story,2026-03-09T12:06:59.515-0300,2026-03-17T18:53:17.032-0300,WAITING REFINEMENT,IN REFINEMENT,willian.santos,SQUAD_3,2026-05-14,2026-05-25,2026-05-12T18:00:00.000-0300
BF3E4-1872,[CLIENTE - 36] Assunto: EDI - SSH/FTP On-Premise (Parte 2) - TAMANHO: G,Story,2026-03-09T12:06:59.515-0300,2026-03-17T18:53:14.388-0300,Open,WAITING REFINEMENT,willian.santos,SQUAD_3,2026-05-14,2026-05-25,2026-05-12T18:00:00.000-0300
BF3E4-1866,[CLIENTE - 35] Assunto: EDI - Staging Salesforce e Venda Direta (Parte 1) - TAMANHO: P,Story,2026-03-09T12:06:41.381-0300,2026-05-12T09:52:57.445-0300,IN DEVELOPMENT,Canceled,joao.ferreira2,SQUAD_3,2026-05-08,2026-05-14,
BF3E4-1866,[CLIENTE - 35] Assunto: EDI - Staging Salesforce e Venda Direta (Parte 1) - TAMANHO: P,Story,2026-03-09T12:06:41.381-0300,2026-05-11T09:24:12.267-0300,To Do,IN DEVELOPMENT,marina.bueno,SQUAD_3,2026-05-08,2026-05-14,
BF3E4-1866,[CLIENTE - 35] Assunto: EDI - Staging Salesforce e Venda Direta (Parte 1) - TAMANHO: P,Story,2026-03-09T12:06:41.381-0300,2026-05-11T09:24:09.491-0300,Refined,To Do,marina.bueno,SQUAD_3,2026-05-08,2026-05-14,
BF3E4-1866,[CLIENTE - 35] Assunto: EDI - Staging Salesforce e Venda Direta (Parte 1) - TAMANHO: P,Story,2026-03-09T12:06:41.381-0300,2026-03-17T18:52:39.199-0300,IN REFINEMENT,Refined,willian.santos,SQUAD_3,2026-05-08,2026-05-14,
BF3E4-1866,[CLIENTE - 35] Assunto: EDI - Staging Salesforce e Venda Direta (Parte 1) - TAMANHO: P,Story,2026-03-09T12:06:41.381-0300,2026-03-17T18:52:36.677-0300,WAITING REFINEMENT,IN REFINEMENT,willian.santos,SQUAD_3,2026-05-08,2026-05-14,
BF3E4-1866,[CLIENTE - 35] Assunto: EDI - Staging Salesforce e Venda Direta (Parte 1) - TAMANHO: P,Story,2026-03-09T12:06:41.381-0300,2026-03-17T18:52:34.186-0300,Open,WAITING REFINEMENT,willian.santos,SQUAD_3,2026-05-08,2026-05-14,
BF3E4-1852,[CLIENTE - 34] Assunto: API - Carga Diária e Integrações - TAMANHO: G,Story,2026-03-09T12:06:13.009-0300,2026-05-22T11:36:15.621-0300,Test,Done,lucilene.bruneli,SQUAD_3,2026-05-14,2026-05-23,2026-05-22T23:30:00.000-0300
BF3E4-1852,[CLIENTE - 34] Assunto: API - Carga Diária e Integrações - TAMANHO: G,Story,2026-03-09T12:06:13.009-0300,2026-05-13T17:01:50.028-0300,Waiting Test,Test,lucilene.bruneli,SQUAD_3,2026-05-14,2026-05-23,2026-05-22T23:30:00.000-0300
BF3E4-1852,[CLIENTE - 34] Assunto: API - Carga Diária e Integrações - TAMANHO: G,Story,2026-03-09T12:06:13.009-0300,2026-05-13T16:58:39.783-0300,IN DEVELOPMENT,Waiting Test,decio.michellis,SQUAD_3,2026-05-14,2026-05-23,2026-05-22T23:30:00.000-0300
BF3E4-1841,[CLIENTE - 33] Assunto: EDI - Envio CCDB (Parte 2) - TAMANHO: G,Story,2026-03-09T12:05:49.422-0300,2026-05-13T16:57:41.122-0300,Test,Done,lucilene.bruneli,SQUAD_3,2026-05-07,2026-05-17,
BF3E4-1841,[CLIENTE - 33] Assunto: EDI - Envio CCDB (Parte 2) - TAMANHO: G,Story,2026-03-09T12:05:49.422-0300,2026-05-13T09:10:21.076-0300,Waiting Test,Test,joao.ferreira2,SQUAD_3,2026-05-07,2026-05-17,
BF3E4-1841,[CLIENTE - 33] Assunto: EDI - Envio CCDB (Parte 2) - TAMANHO: G,Story,2026-03-09T12:05:49.422-0300,2026-05-13T09:10:10.081-0300,IN DEVELOPMENT,Waiting Test,joao.ferreira2,SQUAD_3,2026-05-07,2026-05-17,
BF3E4-1841,[CLIENTE - 33] Assunto: EDI - Envio CCDB (Parte 2) - TAMANHO: G,Story,2026-03-09T12:05:49.422-0300,2026-05-11T09:24:07.225-0300,To Do,IN DEVELOPMENT,marina.bueno,SQUAD_3,2026-05-07,2026-05-17,
BF3E4-1841,[CLIENTE - 33] Assunto: EDI - Envio CCDB (Parte 2) - TAMANHO: G,Story,2026-03-09T12:05:49.422-0300,2026-05-11T09:24:04.592-0300,Refined,To Do,marina.bueno,SQUAD_3,2026-05-07,2026-05-17,
BF3E4-1830,[CLIENTE - 32] Assunto: EDI - Envio CCDB (Parte 1) - TAMANHO: G,Story,2026-03-09T12:05:17.754-0300,2026-05-12T17:22:44.533-0300,Test,Done,elenice.damitz,SQUAD_3,2026-05-06,2026-05-16,
BF3E4-1830,[CLIENTE - 32] Assunto: EDI - Envio CCDB (Parte 1) - TAMANHO: G,Story,2026-03-09T12:05:17.754-0300,2026-05-11T15:36:42.422-0300,Waiting Test,Test,elenice.damitz,SQUAD_3,2026-05-06,2026-05-16,
BF3E4-1830,[CLIENTE - 32] Assunto: EDI - Envio CCDB (Parte 1) - TAMANHO: G,Story,2026-03-09T12:05:17.754-0300,2026-05-11T15:36:39.344-0300,IN DEVELOPMENT,Waiting Test,elenice.damitz,SQUAD_3,2026-05-06,2026-05-16,
BF3E4-1830,[CLIENTE - 32] Assunto: EDI - Envio CCDB (Parte 1) - TAMANHO: G,Story,2026-03-09T12:05:17.754-0300,2026-05-07T17:13:26.060-0300,To Do,IN DEVELOPMENT,joao.ferreira2,SQUAD_3,2026-05-06,2026-05-16,
BF3E4-1830,[CLIENTE - 32] Assunto: EDI - Envio CCDB (Parte 1) - TAMANHO: G,Story,2026-03-09T12:05:17.754-0300,2026-05-07T17:13:22.493-0300,Refined,To Do,joao.ferreira2,SQUAD_3,2026-05-06,2026-05-16,
BF3E4-1828,[CLIENTE - 31] Assunto: Visão 360 (Parte 3) - TAMANHO: P,Story,2026-03-09T12:05:02.114-0300,2026-03-26T17:16:09.986-0300,Refined,Canceled,willian.santos,SQUAD_3,2026-05-04,2026-05-11,
BF3E4-1828,[CLIENTE - 31] Assunto: Visão 360 (Parte 3) - TAMANHO: P,Story,2026-03-09T12:05:02.114-0300,2026-03-17T18:49:13.061-0300,IN REFINEMENT,Refined,willian.santos,SQUAD_3,2026-05-04,2026-05-11,
BF3E4-1828,[CLIENTE - 31] Assunto: Visão 360 (Parte 3) - TAMANHO: P,Story,2026-03-09T12:05:02.114-0300,2026-03-17T18:49:10.574-0300,WAITING REFINEMENT,IN REFINEMENT,willian.santos,SQUAD_3,2026-05-04,2026-05-11,
BF3E4-1828,[CLIENTE - 31] Assunto: Visão 360 (Parte 3) - TAMANHO: P,Story,2026-03-09T12:05:02.114-0300,2026-03-17T18:49:07.891-0300,Open,WAITING REFINEMENT,willian.santos,SQUAD_3,2026-05-04,2026-05-11,
BF3E4-1826,[CLIENTE - 30] Assunto: Visão 360 (Parte 2) - TAMANHO: G,Story,2026-03-09T12:04:33.848-0300,2026-05-22T21:01:23.589-0300,Test,Done,lucilene.bruneli,SQUAD_3,2026-05-08,2026-05-20,2026-05-21T18:00:00.000-0300
BF3E4-1826,[CLIENTE - 30] Assunto: Visão 360 (Parte 2) - TAMANHO: G,Story,2026-03-09T12:04:33.848-0300,2026-05-22T21:01:13.476-0300,Waiting Test,Test,lucilene.bruneli,SQUAD_3,2026-05-08,2026-05-20,2026-05-21T18:00:00.000-0300
BF3E4-1826,[CLIENTE - 30] Assunto: Visão 360 (Parte 2) - TAMANHO: G,Story,2026-03-09T12:04:33.848-0300,2026-05-22T19:56:17.297-0300,IN DEVELOPMENT,Waiting Test,isabela.romeu,SQUAD_3,2026-05-08,2026-05-20,2026-05-21T18:00:00.000-0300
BF3E4-1826,[CLIENTE - 30] Assunto: Visão 360 (Parte 2) - TAMANHO: G,Story,2026-03-09T12:04:33.848-0300,2026-05-08T09:58:18.867-0300,To Do,IN DEVELOPMENT,lucas.carvalho4,SQUAD_3,2026-05-08,2026-05-20,2026-05-21T18:00:00.000-0300
BF3E4-1826,[CLIENTE - 30] Assunto: Visão 360 (Parte 2) - TAMANHO: G,Story,2026-03-09T12:04:33.848-0300,2026-05-08T09:58:10.988-0300,Refined,To Do,lucas.carvalho4,SQUAD_3,2026-05-08,2026-05-20,2026-05-21T18:00:00.000-0300
BF3E4-1824,[CLIENTE - 29] Assunto: Visão 360 (Parte 1) - TAMANHO: G,Story,2026-03-09T12:04:04.154-0300,2026-05-15T11:09:25.837-0300,Test,Done,pedro.ribeiro4,SQUAD_3,2026-04-30,2026-05-13,2026-05-15T19:00:00.000-0300
BF3E4-1824,[CLIENTE - 29] Assunto: Visão 360 (Parte 1) - TAMANHO: G,Story,2026-03-09T12:04:04.154-0300,2026-05-14T10:51:17.624-0300,Waiting Test,Test,lucilene.bruneli,SQUAD_3,2026-04-30,2026-05-13,2026-05-15T19:00:00.000-0300
BF3E4-1824,[CLIENTE - 29] Assunto: Visão 360 (Parte 1) - TAMANHO: G,Story,2026-03-09T12:04:04.154-0300,2026-05-14T09:47:37.212-0300,IN DEVELOPMENT,Waiting Test,lucas.carvalho4,SQUAD_3,2026-04-30,2026-05-13,2026-05-15T19:00:00.000-0300
BF3E4-1824,[CLIENTE - 29] Assunto: Visão 360 (Parte 1) - TAMANHO: G,Story,2026-03-09T12:04:04.154-0300,2026-05-08T09:57:34.459-0300,To Do,IN DEVELOPMENT,lucas.carvalho4,SQUAD_3,2026-04-30,2026-05-13,2026-05-15T19:00:00.000-0300
BF3E4-1824,[CLIENTE - 29] Assunto: Visão 360 (Parte 1) - TAMANHO: G,Story,2026-03-09T12:04:04.154-0300,2026-05-08T09:57:23.954-0300,Refined,To Do,lucas.carvalho4,SQUAD_3,2026-04-30,2026-05-13,2026-05-15T19:00:00.000-0300
BF3E4-1822,[CLIENTE - 28] Assunto: Hub Cart e Hub User (Parte 5) - TAMANHO: G,Story,2026-03-09T12:03:44.625-0300,2026-03-26T17:08:33.594-0300,Refined,Canceled,willian.santos,SQUAD_3,2026-04-29,2026-05-12,
BF3E4-1822,[CLIENTE - 28] Assunto: Hub Cart e Hub User (Parte 5) - TAMANHO: G,Story,2026-03-09T12:03:44.625-0300,2026-03-17T18:46:57.489-0300,IN REFINEMENT,Refined,willian.santos,SQUAD_3,2026-04-29,2026-05-12,
BF3E4-1822,[CLIENTE - 28] Assunto: Hub Cart e Hub User (Parte 5) - TAMANHO: G,Story,2026-03-09T12:03:44.625-0300,2026-03-17T18:46:55.628-0300,WAITING REFINEMENT,IN REFINEMENT,willian.santos,SQUAD_3,2026-04-29,2026-05-12,
BF3E4-1822,[CLIENTE - 28] Assunto: Hub Cart e Hub User (Parte 5) - TAMANHO: G,Story,2026-03-09T12:03:44.625-0300,2026-03-17T18:46:52.931-0300,Open,WAITING REFINEMENT,willian.santos,SQUAD_3,2026-04-29,2026-05-12,
BF3E4-1820,[CLIENTE - 27] Assunto: Hub Cart e Hub User (Parte 4) - TAMANHO: G,Story,2026-03-09T12:03:11.130-0300,2026-03-26T17:07:44.034-0300,Refined,Canceled,willian.santos,SQUAD_3,2026-04-28,2026-05-12,
BF3E4-1820,[CLIENTE - 27] Assunto: Hub Cart e Hub User (Parte 4) - TAMANHO: G,Story,2026-03-09T12:03:11.130-0300,2026-03-17T18:46:08.739-0300,IN REFINEMENT,Refined,willian.santos,SQUAD_3,2026-04-28,2026-05-12,
BF3E4-1820,[CLIENTE - 27] Assunto: Hub Cart e Hub User (Parte 4) - TAMANHO: G,Story,2026-03-09T12:03:11.130-0300,2026-03-17T18:46:06.433-0300,WAITING REFINEMENT,IN REFINEMENT,willian.santos,SQUAD_3,2026-04-28,2026-05-12,
BF3E4-1820,[CLIENTE - 27] Assunto: Hub Cart e Hub User (Parte 4) - TAMANHO: G,Story,2026-03-09T12:03:11.130-0300,2026-03-17T18:46:03.914-0300,Open,WAITING REFINEMENT,willian.santos,SQUAD_3,2026-04-28,2026-05-12,
BF3E4-1818,[CLIENTE - 26] Assunto: Hub Cart e Hub User (Parte 3) - TAMANHO: G,Story,2026-03-09T12:02:51.976-0300,2026-03-26T17:06:58.890-0300,Refined,Canceled,willian.santos,SQUAD_3,2026-04-27,2026-05-11,
BF3E4-1818,[CLIENTE - 26] Assunto: Hub Cart e Hub User (Parte 3) - TAMANHO: G,Story,2026-03-09T12:02:51.976-0300,2026-03-17T18:45:31.770-0300,IN REFINEMENT,Refined,willian.santos,SQUAD_3,2026-04-27,2026-05-11,
BF3E4-1818,[CLIENTE - 26] Assunto: Hub Cart e Hub User (Parte 3) - TAMANHO: G,Story,2026-03-09T12:02:51.976-0300,2026-03-17T18:45:29.850-0300,WAITING REFINEMENT,IN REFINEMENT,willian.santos,SQUAD_3,2026-04-27,2026-05-11,
BF3E4-1818,[CLIENTE - 26] Assunto: Hub Cart e Hub User (Parte 3) - TAMANHO: G,Story,2026-03-09T12:02:51.976-0300,2026-03-17T18:45:27.382-0300,Open,WAITING REFINEMENT,willian.santos,SQUAD_3,2026-04-27,2026-05-11,
BF3E4-1816,[CLIENTE - 25] Assunto: Hub Cart e Hub User (Parte 2) - TAMANHO: G,Story,2026-03-09T12:02:30.859-0300,2026-03-26T17:05:08.030-0300,Refined,Canceled,willian.santos,SQUAD_3,2026-04-23,2026-05-07,
BF3E4-1816,[CLIENTE - 25] Assunto: Hub Cart e Hub User (Parte 2) - TAMANHO: G,Story,2026-03-09T12:02:30.859-0300,2026-03-20T09:41:19.719-0300,IN REFINEMENT,Refined,willian.santos,SQUAD_3,2026-04-23,2026-05-07,
BF3E4-1816,[CLIENTE - 25] Assunto: Hub Cart e Hub User (Parte 2) - TAMANHO: G,Story,2026-03-09T12:02:30.859-0300,2026-03-20T09:41:16.618-0300,WAITING REFINEMENT,IN REFINEMENT,willian.santos,SQUAD_3,2026-04-23,2026-05-07,
BF3E4-1816,[CLIENTE - 25] Assunto: Hub Cart e Hub User (Parte 2) - TAMANHO: G,Story,2026-03-09T12:02:30.859-0300,2026-03-20T09:41:12.120-0300,Open,WAITING REFINEMENT,willian.santos,SQUAD_3,2026-04-23,2026-05-07,
BF3E4-1816,[CLIENTE - 25] Assunto: Hub Cart e Hub User (Parte 2) - TAMANHO: G,Story,2026-03-09T12:02:30.859-0300,2026-03-20T09:41:00.765-0300,WAITING REFINEMENT,Open,willian.santos,SQUAD_3,2026-04-23,2026-05-07,
BF3E4-1816,[CLIENTE - 25] Assunto: Hub Cart e Hub User (Parte 2) - TAMANHO: G,Story,2026-03-09T12:02:30.859-0300,2026-03-17T18:44:24.875-0300,Open,WAITING REFINEMENT,willian.santos,SQUAD_3,2026-04-23,2026-05-07,
BF3E4-1811,[CLIENTE - 24] Assunto: Hub Cart e Hub User (Parte 1) - TAMANHO: G,Story,2026-03-09T12:02:08.405-0300,2026-03-26T17:03:51.812-0300,Refined,Canceled,willian.santos,SQUAD_3,2026-04-23,2026-05-06,
BF3E4-1811,[CLIENTE - 24] Assunto: Hub Cart e Hub User (Parte 1) - TAMANHO: G,Story,2026-03-09T12:02:08.405-0300,2026-03-17T18:43:35.236-0300,IN REFINEMENT,Refined,willian.santos,SQUAD_3,2026-04-23,2026-05-06,
BF3E4-1811,[CLIENTE - 24] Assunto: Hub Cart e Hub User (Parte 1) - TAMANHO: G,Story,2026-03-09T12:02:08.405-0300,2026-03-17T18:43:32.819-0300,WAITING REFINEMENT,IN REFINEMENT,willian.santos,SQUAD_3,2026-04-23,2026-05-06,
BF3E4-1811,[CLIENTE - 24] Assunto: Hub Cart e Hub User (Parte 1) - TAMANHO: G,Story,2026-03-09T12:02:08.405-0300,2026-03-17T18:43:29.757-0300,Open,WAITING REFINEMENT,willian.santos,SQUAD_3,2026-04-23,2026-05-06,
BF3E4-1811,[CLIENTE - 24] Assunto: Hub Cart e Hub User (Parte 1) - TAMANHO: G,Story,2026-03-09T12:02:08.405-0300,2026-03-17T18:43:27.673-0300,WAITING REFINEMENT,Open,willian.santos,SQUAD_3,2026-04-23,2026-05-06,
BF3E4-1811,[CLIENTE - 24] Assunto: Hub Cart e Hub User (Parte 1) - TAMANHO: G,Story,2026-03-09T12:02:08.405-0300,2026-03-17T18:43:24.916-0300,Open,WAITING REFINEMENT,willian.santos,SQUAD_3,2026-04-23,2026-05-06,
BF3E4-1807,[CLIENTE - 23] Assunto: Qualidade e Validação (Parte 2) - TAMANHO: G,Story,2026-03-09T12:01:47.265-0300,2026-05-18T17:36:30.522-0300,Test,Done,gabriel.tagliani,SQUAD_3,2026-04-24,2026-05-05,2026-05-14T18:00:00.000-0300
BF3E4-1807,[CLIENTE - 23] Assunto: Qualidade e Validação (Parte 2) - TAMANHO: G,Story,2026-03-09T12:01:47.265-0300,2026-05-12T13:05:12.132-0300,Waiting Test,Test,gabriel.tagliani,SQUAD_3,2026-04-24,2026-05-05,2026-05-14T18:00:00.000-0300
BF3E4-1807,[CLIENTE - 23] Assunto: Qualidade e Validação (Parte 2) - TAMANHO: G,Story,2026-03-09T12:01:47.265-0300,2026-05-08T17:47:12.963-0300,IN DEVELOPMENT,Waiting Test,viviane.lima2,SQUAD_3,2026-04-24,2026-05-05,2026-05-14T18:00:00.000-0300
BF3E4-1807,[CLIENTE - 23] Assunto: Qualidade e Validação (Parte 2) - TAMANHO: G,Story,2026-03-09T12:01:47.265-0300,2026-05-04T16:41:19.628-0300,To Do,IN DEVELOPMENT,marcio.maciel,SQUAD_3,2026-04-24,2026-05-05,2026-05-14T18:00:00.000-0300
BF3E4-1807,[CLIENTE - 23] Assunto: Qualidade e Validação (Parte 2) - TAMANHO: G,Story,2026-03-09T12:01:47.265-0300,2026-05-04T16:41:01.997-0300,Refined,To Do,marcio.maciel,SQUAD_3,2026-04-24,2026-05-05,2026-05-14T18:00:00.000-0300
BF3E4-1792,[CLIENTE - 22] Assunto: Qualidade e Validação (Parte 1) - TAMANHO: G,Story,2026-03-09T12:01:19.232-0300,2026-05-18T17:36:22.579-0300,Test,Done,gabriel.tagliani,SQUAD_3,2026-04-20,2026-05-04,
BF3E4-1792,[CLIENTE - 22] Assunto: Qualidade e Validação (Parte 1) - TAMANHO: G,Story,2026-03-09T12:01:19.232-0300,2026-05-12T13:05:10.786-0300,Waiting Test,Test,gabriel.tagliani,SQUAD_3,2026-04-20,2026-05-04,
BF3E4-1792,[CLIENTE - 22] Assunto: Qualidade e Validação (Parte 1) - TAMANHO: G,Story,2026-03-09T12:01:19.232-0300,2026-05-08T17:47:10.329-0300,IN DEVELOPMENT,Waiting Test,viviane.lima2,SQUAD_3,2026-04-20,2026-05-04,
BF3E4-1792,[CLIENTE - 22] Assunto: Qualidade e Validação (Parte 1) - TAMANHO: G,Story,2026-03-09T12:01:19.232-0300,2026-05-06T21:18:46.132-0300,To Do,IN DEVELOPMENT,gabriel.tagliani,SQUAD_3,2026-04-20,2026-05-04,
BF3E4-1792,[CLIENTE - 22] Assunto: Qualidade e Validação (Parte 1) - TAMANHO: G,Story,2026-03-09T12:01:19.232-0300,2026-05-06T10:26:28.649-0300,Refined,To Do,jose.draszewski,SQUAD_3,2026-04-20,2026-05-04,
BF3E4-1790,[CLIENTE - 21] Assunto: Privacidade LGPD (Parte 1) - TAMANHO: G,Story,2026-03-09T12:00:57.601-0300,2026-05-23T14:36:10.013-0300,Test,Done,isabela.romeu,SQUAD_3,2026-04-16,2026-04-27,2026-05-22T23:30:00.000-0300
BF3E4-1790,[CLIENTE - 21] Assunto: Privacidade LGPD (Parte 1) - TAMANHO: G,Story,2026-03-09T12:00:57.601-0300,2026-05-21T09:26:24.800-0300,Waiting Test,Test,joao.ferreira2,SQUAD_3,2026-04-16,2026-04-27,2026-05-22T23:30:00.000-0300
BF3E4-1790,[CLIENTE - 21] Assunto: Privacidade LGPD (Parte 1) - TAMANHO: G,Story,2026-03-09T12:00:57.601-0300,2026-05-21T09:26:22.155-0300,IN DEVELOPMENT,Waiting Test,joao.ferreira2,SQUAD_3,2026-04-16,2026-04-27,2026-05-22T23:30:00.000-0300
BF3E4-1790,[CLIENTE - 21] Assunto: Privacidade LGPD (Parte 1) - TAMANHO: G,Story,2026-03-09T12:00:57.601-0300,2026-05-08T10:28:57.102-0300,To Do,IN DEVELOPMENT,olivia.diniz,SQUAD_3,2026-04-16,2026-04-27,2026-05-22T23:30:00.000-0300
BF3E4-1790,[CLIENTE - 21] Assunto: Privacidade LGPD (Parte 1) - TAMANHO: G,Story,2026-03-09T12:00:57.601-0300,2026-05-06T10:26:22.588-0300,Refined,To Do,jose.draszewski,SQUAD_3,2026-04-16,2026-04-27,2026-05-22T23:30:00.000-0300
BF3E4-1788,[CLIENTE - 20] Assunto: Golden Cliente (Parte 5) - TAMANHO: M,Story,2026-03-09T12:00:40.668-0300,2026-05-13T21:16:35.846-0300,Test,Done,isabela.romeu,SQUAD_3,2026-04-16,2026-04-22,2026-05-13T23:30:00.000-0300
BF3E4-1788,[CLIENTE - 20] Assunto: Golden Cliente (Parte 5) - TAMANHO: M,Story,2026-03-09T12:00:40.668-0300,2026-05-13T20:51:47.861-0300,Waiting Test,Test,isabela.romeu,SQUAD_3,2026-04-16,2026-04-22,2026-05-13T23:30:00.000-0300
BF3E4-1788,[CLIENTE - 20] Assunto: Golden Cliente (Parte 5) - TAMANHO: M,Story,2026-03-09T12:00:40.668-0300,2026-05-13T20:51:44.815-0300,IN DEVELOPMENT,Waiting Test,isabela.romeu,SQUAD_3,2026-04-16,2026-04-22,2026-05-13T23:30:00.000-0300
BF3E4-1788,[CLIENTE - 20] Assunto: Golden Cliente (Parte 5) - TAMANHO: M,Story,2026-03-09T12:00:40.668-0300,2026-05-08T10:28:54.595-0300,To Do,IN DEVELOPMENT,olivia.diniz,SQUAD_3,2026-04-16,2026-04-22,2026-05-13T23:30:00.000-0300
BF3E4-1788,[CLIENTE - 20] Assunto: Golden Cliente (Parte 5) - TAMANHO: M,Story,2026-03-09T12:00:40.668-0300,2026-05-06T10:26:17.811-0300,Refined,To Do,jose.draszewski,SQUAD_3,2026-04-16,2026-04-22,2026-05-13T23:30:00.000-0300
BF3E4-1776,[CLIENTE - 19] Assunto: Golden Cliente (Parte 4) - TAMANHO: G,Story,2026-03-09T12:00:05.992-0300,2026-05-22T19:45:58.912-0300,Test,Done,isabela.romeu,SQUAD_3,2026-04-16,2026-04-30,2026-05-22T23:30:00.000-0300
BF3E4-1776,[CLIENTE - 19] Assunto: Golden Cliente (Parte 4) - TAMANHO: G,Story,2026-03-09T12:00:05.992-0300,2026-05-18T19:23:55.185-0300,Waiting Test,Test,isabela.romeu,SQUAD_3,2026-04-16,2026-04-30,2026-05-22T23:30:00.000-0300
BF3E4-1776,[CLIENTE - 19] Assunto: Golden Cliente (Parte 4) - TAMANHO: G,Story,2026-03-09T12:00:05.992-0300,2026-05-18T19:23:50.293-0300,IN DEVELOPMENT,Waiting Test,isabela.romeu,SQUAD_3,2026-04-16,2026-04-30,2026-05-22T23:30:00.000-0300
BF3E4-1776,[CLIENTE - 19] Assunto: Golden Cliente (Parte 4) - TAMANHO: G,Story,2026-03-09T12:00:05.992-0300,2026-05-08T10:28:30.648-0300,To Do,IN DEVELOPMENT,olivia.diniz,SQUAD_3,2026-04-16,2026-04-30,2026-05-22T23:30:00.000-0300
BF3E4-1776,[CLIENTE - 19] Assunto: Golden Cliente (Parte 4) - TAMANHO: G,Story,2026-03-09T12:00:05.992-0300,2026-05-06T10:26:12.201-0300,Refined,To Do,jose.draszewski,SQUAD_3,2026-04-16,2026-04-30,2026-05-22T23:30:00.000-0300
BF3E4-1761,[CLIENTE - 18] Assunto: Golden Cliente (Parte 3) - TAMANHO: G,Story,2026-03-09T11:59:34.167-0300,2026-05-21T11:28:22.129-0300,Test,Done,isabela.romeu,SQUAD_3,2026-04-16,2026-04-30,2026-05-21T23:30:00.000-0300
BF3E4-1761,[CLIENTE - 18] Assunto: Golden Cliente (Parte 3) - TAMANHO: G,Story,2026-03-09T11:59:34.167-0300,2026-05-14T21:08:29.832-0300,Waiting Test,Test,isabela.romeu,SQUAD_3,2026-04-16,2026-04-30,2026-05-21T23:30:00.000-0300
BF3E4-1761,[CLIENTE - 18] Assunto: Golden Cliente (Parte 3) - TAMANHO: G,Story,2026-03-09T11:59:34.167-0300,2026-05-14T21:08:26.436-0300,IN DEVELOPMENT,Waiting Test,isabela.romeu,SQUAD_3,2026-04-16,2026-04-30,2026-05-21T23:30:00.000-0300
BF3E4-1761,[CLIENTE - 18] Assunto: Golden Cliente (Parte 3) - TAMANHO: G,Story,2026-03-09T11:59:34.167-0300,2026-05-07T09:19:39.882-0300,To Do,IN DEVELOPMENT,olivia.diniz,SQUAD_3,2026-04-16,2026-04-30,2026-05-21T23:30:00.000-0300
BF3E4-1746,[CLIENTE - 17] Assunto: Golden Cliente (Parte 2) - TAMANHO: G,Story,2026-03-09T11:59:06.227-0300,2026-05-13T18:07:07.871-0300,Test,Done,isabela.romeu,SQUAD_3,2026-04-15,2026-04-29,2026-05-13T23:00:00.000-0300
BF3E4-1746,[CLIENTE - 17] Assunto: Golden Cliente (Parte 2) - TAMANHO: G,Story,2026-03-09T11:59:06.227-0300,2026-05-13T10:22:14.209-0300,Waiting Test,Test,olivia.diniz,SQUAD_3,2026-04-15,2026-04-29,2026-05-13T23:00:00.000-0300
BF3E4-1746,[CLIENTE - 17] Assunto: Golden Cliente (Parte 2) - TAMANHO: G,Story,2026-03-09T11:59:06.227-0300,2026-05-12T16:40:49.958-0300,IN DEVELOPMENT,Waiting Test,marina.bueno,SQUAD_3,2026-04-15,2026-04-29,2026-05-13T23:00:00.000-0300
BF3E4-1746,[CLIENTE - 17] Assunto: Golden Cliente (Parte 2) - TAMANHO: G,Story,2026-03-09T11:59:06.227-0300,2026-05-06T10:24:36.025-0300,To Do,IN DEVELOPMENT,jose.draszewski,SQUAD_3,2026-04-15,2026-04-29,2026-05-13T23:00:00.000-0300
BF3E4-1746,[CLIENTE - 17] Assunto: Golden Cliente (Parte 2) - TAMANHO: G,Story,2026-03-09T11:59:06.227-0300,2026-05-06T10:24:32.375-0300,Refined,To Do,jose.draszewski,SQUAD_3,2026-04-15,2026-04-29,2026-05-13T23:00:00.000-0300
BF3E4-1731,[CLIENTE - 16] Assunto: Golden Cliente (Parte 1) - TAMANHO: G,Story,2026-03-09T11:58:30.167-0300,2026-05-13T18:07:01.507-0300,Test,Done,isabela.romeu,SQUAD_3,2026-04-14,2026-04-28,2026-05-13T23:30:00.000-0300
BF3E4-1731,[CLIENTE - 16] Assunto: Golden Cliente (Parte 1) - TAMANHO: G,Story,2026-03-09T11:58:30.167-0300,2026-05-13T10:25:40.114-0300,Waiting Test,Test,isabela.romeu,SQUAD_3,2026-04-14,2026-04-28,2026-05-13T23:30:00.000-0300
BF3E4-1731,[CLIENTE - 16] Assunto: Golden Cliente (Parte 1) - TAMANHO: G,Story,2026-03-09T11:58:30.167-0300,2026-05-13T10:25:28.291-0300,IN DEVELOPMENT,Waiting Test,isabela.romeu,SQUAD_3,2026-04-14,2026-04-28,2026-05-13T23:30:00.000-0300
BF3E4-1731,[CLIENTE - 16] Assunto: Golden Cliente (Parte 1) - TAMANHO: G,Story,2026-03-09T11:58:30.167-0300,2026-05-06T10:37:16.765-0300,To Do,IN DEVELOPMENT,jose.draszewski,SQUAD_3,2026-04-14,2026-04-28,2026-05-13T23:30:00.000-0300
BF3E4-1731,[CLIENTE - 16] Assunto: Golden Cliente (Parte 1) - TAMANHO: G,Story,2026-03-09T11:58:30.167-0300,2026-05-06T10:31:56.014-0300,Refined,To Do,jose.draszewski,SQUAD_3,2026-04-14,2026-04-28,2026-05-13T23:30:00.000-0300
BF3E4-1719,[CLIENTE - 15] Assunto: Serviços Financeiros (Parte 1) - TAMANHO: M,Story,2026-03-09T11:58:06.999-0300,2026-05-23T09:35:55.550-0300,Test,Done,isabela.romeu,SQUAD_3,2026-04-13,2026-04-20,2026-05-21T23:30:00.000-0300
BF3E4-1719,[CLIENTE - 15] Assunto: Serviços Financeiros (Parte 1) - TAMANHO: M,Story,2026-03-09T11:58:06.999-0300,2026-05-23T07:24:26.659-0300,Waiting Test,Test,isabela.romeu,SQUAD_3,2026-04-13,2026-04-20,2026-05-21T23:30:00.000-0300
BF3E4-1719,[CLIENTE - 15] Assunto: Serviços Financeiros (Parte 1) - TAMANHO: M,Story,2026-03-09T11:58:06.999-0300,2026-05-22T20:17:51.350-0300,IN DEVELOPMENT,Waiting Test,marina.bueno,SQUAD_3,2026-04-13,2026-04-20,2026-05-21T23:30:00.000-0300
BF3E4-1719,[CLIENTE - 15] Assunto: Serviços Financeiros (Parte 1) - TAMANHO: M,Story,2026-03-09T11:58:06.999-0300,2026-05-11T08:25:33.199-0300,To Do,IN DEVELOPMENT,lucivan.batista,SQUAD_3,2026-04-13,2026-04-20,2026-05-21T23:30:00.000-0300
BF3E4-1715,[CLIENTE - 14] Assunto: Relacionamento Cliente (Parte 3) - TAMANHO: M,Story,2026-03-09T11:57:43.896-0300,2026-05-21T09:59:53.018-0300,Test,Done,vanessa.correia,SQUAD_3,2026-04-13,2026-04-22,2026-05-21T23:30:00.000-0300
BF3E4-1715,[CLIENTE - 14] Assunto: Relacionamento Cliente (Parte 3) - TAMANHO: M,Story,2026-03-09T11:57:43.896-0300,2026-05-20T10:18:59.642-0300,Waiting Test,Test,lucas.carvalho4,SQUAD_3,2026-04-13,2026-04-22,2026-05-21T23:30:00.000-0300
BF3E4-1715,[CLIENTE - 14] Assunto: Relacionamento Cliente (Parte 3) - TAMANHO: M,Story,2026-03-09T11:57:43.896-0300,2026-05-20T10:18:33.692-0300,IN DEVELOPMENT,Waiting Test,lucas.carvalho4,SQUAD_3,2026-04-13,2026-04-22,2026-05-21T23:30:00.000-0300
BF3E4-1715,[CLIENTE - 14] Assunto: Relacionamento Cliente (Parte 3) - TAMANHO: M,Story,2026-03-09T11:57:43.896-0300,2026-05-07T12:16:06.762-0300,To Do,IN DEVELOPMENT,lucivan.batista,SQUAD_3,2026-04-13,2026-04-22,2026-05-21T23:30:00.000-0300
BF3E4-1711,[CLIENTE - 13] Assunto: Relacionamento Cliente (Parte 2) - TAMANHO: G,Story,2026-03-09T11:57:23.404-0300,2026-05-19T15:59:31.122-0300,Test,Done,elenice.damitz,SQUAD_3,2026-04-10,2026-04-24,2026-05-19T23:30:00.000-0300
BF3E4-1711,[CLIENTE - 13] Assunto: Relacionamento Cliente (Parte 2) - TAMANHO: G,Story,2026-03-09T11:57:23.404-0300,2026-05-19T15:53:16.830-0300,Waiting Test,Test,miguel.machado2,SQUAD_3,2026-04-10,2026-04-24,2026-05-19T23:30:00.000-0300
BF3E4-1711,[CLIENTE - 13] Assunto: Relacionamento Cliente (Parte 2) - TAMANHO: G,Story,2026-03-09T11:57:23.404-0300,2026-05-19T15:52:19.700-0300,IN DEVELOPMENT,Waiting Test,miguel.machado2,SQUAD_3,2026-04-10,2026-04-24,2026-05-19T23:30:00.000-0300
BF3E4-1711,[CLIENTE - 13] Assunto: Relacionamento Cliente (Parte 2) - TAMANHO: G,Story,2026-03-09T11:57:23.404-0300,2026-05-06T22:10:52.793-0300,To Do,IN DEVELOPMENT,lucivan.batista,SQUAD_3,2026-04-10,2026-04-24,2026-05-19T23:30:00.000-0300
BF3E4-1711,[CLIENTE - 13] Assunto: Relacionamento Cliente (Parte 2) - TAMANHO: G,Story,2026-03-09T11:57:23.404-0300,2026-05-06T22:10:50.293-0300,Refined,To Do,lucivan.batista,SQUAD_3,2026-04-10,2026-04-24,2026-05-19T23:30:00.000-0300
BF3E4-1698,[CLIENTE - 12] Assunto: Relacionamento Cliente (Parte 1) - TAMANHO: M,Story,2026-03-09T11:56:48.470-0300,2026-05-20T21:53:37.109-0300,Test,Done,lucilene.bruneli,SQUAD_3,2026-04-10,2026-04-17,2026-05-20T18:30:00.000-0300
BF3E4-1698,[CLIENTE - 12] Assunto: Relacionamento Cliente (Parte 1) - TAMANHO: M,Story,2026-03-09T11:56:48.470-0300,2026-05-20T18:36:01.503-0300,Waiting Test,Test,elenice.damitz,SQUAD_3,2026-04-10,2026-04-17,2026-05-20T18:30:00.000-0300
BF3E4-1698,[CLIENTE - 12] Assunto: Relacionamento Cliente (Parte 1) - TAMANHO: M,Story,2026-03-09T11:56:48.470-0300,2026-05-20T18:35:58.757-0300,IN DEVELOPMENT,Waiting Test,elenice.damitz,SQUAD_3,2026-04-10,2026-04-17,2026-05-20T18:30:00.000-0300
BF3E4-1698,[CLIENTE - 12] Assunto: Relacionamento Cliente (Parte 1) - TAMANHO: M,Story,2026-03-09T11:56:48.470-0300,2026-05-06T22:10:45.840-0300,To Do,IN DEVELOPMENT,lucivan.batista,SQUAD_3,2026-04-10,2026-04-17,2026-05-20T18:30:00.000-0300
BF3E4-1690,[CLIENTE - 11] Assunto: Integrações Externas (Parte 2) - TAMANHO: P,Story,2026-03-09T11:56:27.828-0300,2026-05-12T18:44:06.578-0300,Test,Done,elenice.damitz,SQUAD_3,2026-04-07,2026-04-09,2026-05-31T18:00:00.000-0300
BF3E4-1690,[CLIENTE - 11] Assunto: Integrações Externas (Parte 2) - TAMANHO: P,Story,2026-03-09T11:56:27.828-0300,2026-05-12T17:26:18.108-0300,Waiting Test,Test,elenice.damitz,SQUAD_3,2026-04-07,2026-04-09,2026-05-31T18:00:00.000-0300
BF3E4-1690,[CLIENTE - 11] Assunto: Integrações Externas (Parte 2) - TAMANHO: P,Story,2026-03-09T11:56:27.828-0300,2026-05-12T12:33:13.459-0300,IN DEVELOPMENT,Waiting Test,marina.bueno,SQUAD_3,2026-04-07,2026-04-09,2026-05-31T18:00:00.000-0300
BF3E4-1690,[CLIENTE - 11] Assunto: Integrações Externas (Parte 2) - TAMANHO: P,Story,2026-03-09T11:56:27.828-0300,2026-04-28T11:06:10.353-0300,To Do,IN DEVELOPMENT,jose.bittencourt,SQUAD_3,2026-04-07,2026-04-09,2026-05-31T18:00:00.000-0300
BF3E4-1690,[CLIENTE - 11] Assunto: Integrações Externas (Parte 2) - TAMANHO: P,Story,2026-03-09T11:56:27.828-0300,2026-04-22T11:00:25.397-0300,Refined,To Do,viviane.lima2,SQUAD_3,2026-04-07,2026-04-09,2026-05-31T18:00:00.000-0300
BF3E4-1675,[CLIENTE - 10] Assunto: Integrações Externas (Parte 1) - TAMANHO: G,Story,2026-03-09T11:56:01.227-0300,2026-05-12T15:25:32.367-0300,Test,Done,elenice.damitz,SQUAD_3,2026-04-01,2026-04-15,2026-05-08T23:30:00.000-0300
BF3E4-1675,[CLIENTE - 10] Assunto: Integrações Externas (Parte 1) - TAMANHO: G,Story,2026-03-09T11:56:01.227-0300,2026-05-12T12:20:17.191-0300,Waiting Test,Test,elenice.damitz,SQUAD_3,2026-04-01,2026-04-15,2026-05-08T23:30:00.000-0300
BF3E4-1675,[CLIENTE - 10] Assunto: Integrações Externas (Parte 1) - TAMANHO: G,Story,2026-03-09T11:56:01.227-0300,2026-05-12T12:13:45.766-0300,IN DEVELOPMENT,Waiting Test,marina.bueno,SQUAD_3,2026-04-01,2026-04-15,2026-05-08T23:30:00.000-0300
BF3E4-1675,[CLIENTE - 10] Assunto: Integrações Externas (Parte 1) - TAMANHO: G,Story,2026-03-09T11:56:01.227-0300,2026-04-29T08:08:18.914-0300,To Do,IN DEVELOPMENT,renata.repolho,SQUAD_3,2026-04-01,2026-04-15,2026-05-08T23:30:00.000-0300
BF3E4-1675,[CLIENTE - 10] Assunto: Integrações Externas (Parte 1) - TAMANHO: G,Story,2026-03-09T11:56:01.227-0300,2026-04-22T11:00:23.503-0300,Refined,To Do,viviane.lima2,SQUAD_3,2026-04-01,2026-04-15,2026-05-08T23:30:00.000-0300
BF3E4-1663,[CLIENTE - 9] Assunto: Staging (Parte 2) - TAMANHO: G,Story,2026-03-09T11:55:41.218-0300,2026-05-20T19:21:54.432-0300,Test,Done,vanessa.correia,SQUAD_3,2026-04-01,2026-04-10,2026-05-19T23:30:00.000-0300
BF3E4-1663,[CLIENTE - 9] Assunto: Staging (Parte 2) - TAMANHO: G,Story,2026-03-09T11:55:41.218-0300,2026-05-19T17:37:15.639-0300,Waiting Test,Test,vanessa.correia,SQUAD_3,2026-04-01,2026-04-10,2026-05-19T23:30:00.000-0300
BF3E4-1663,[CLIENTE - 9] Assunto: Staging (Parte 2) - TAMANHO: G,Story,2026-03-09T11:55:41.218-0300,2026-05-19T17:21:33.641-0300,IN DEVELOPMENT,Waiting Test,amanda.goncalves,SQUAD_3,2026-04-01,2026-04-10,2026-05-19T23:30:00.000-0300
BF3E4-1663,[CLIENTE - 9] Assunto: Staging (Parte 2) - TAMANHO: G,Story,2026-03-09T11:55:41.218-0300,2026-04-17T11:23:20.244-0300,To Do,IN DEVELOPMENT,viviane.lima2,SQUAD_3,2026-04-01,2026-04-10,2026-05-19T23:30:00.000-0300
BF3E4-1663,[CLIENTE - 9] Assunto: Staging (Parte 2) - TAMANHO: G,Story,2026-03-09T11:55:41.218-0300,2026-04-17T10:28:45.100-0300,Refined,To Do,olivia.diniz,SQUAD_3,2026-04-01,2026-04-10,2026-05-19T23:30:00.000-0300
BF3E4-1648,[CLIENTE - 8] Assunto: Staging (Parte 1) - TAMANHO: G,Story,2026-03-09T11:55:03.623-0300,2026-05-12T18:24:11.894-0300,Test,Done,lucilene.bruneli,SQUAD_3,2026-04-01,2026-04-15,2026-05-02T23:30:00.000-0300
BF3E4-1648,[CLIENTE - 8] Assunto: Staging (Parte 1) - TAMANHO: G,Story,2026-03-09T11:55:03.623-0300,2026-05-02T14:15:59.935-0300,Waiting Test,Test,isabela.romeu,SQUAD_3,2026-04-01,2026-04-15,2026-05-02T23:30:00.000-0300
BF3E4-1648,[CLIENTE - 8] Assunto: Staging (Parte 1) - TAMANHO: G,Story,2026-03-09T11:55:03.623-0300,2026-05-02T12:14:23.389-0300,IN DEVELOPMENT,Waiting Test,michel.cruz,SQUAD_3,2026-04-01,2026-04-15,2026-05-02T23:30:00.000-0300
BF3E4-1648,[CLIENTE - 8] Assunto: Staging (Parte 1) - TAMANHO: G,Story,2026-03-09T11:55:03.623-0300,2026-04-17T10:21:53.141-0300,To Do,IN DEVELOPMENT,olivia.diniz,SQUAD_3,2026-04-01,2026-04-15,2026-05-02T23:30:00.000-0300
BF3E4-1648,[CLIENTE - 8] Assunto: Staging (Parte 1) - TAMANHO: G,Story,2026-03-09T11:55:03.623-0300,2026-04-17T10:21:49.869-0300,Refined,To Do,olivia.diniz,SQUAD_3,2026-04-01,2026-04-15,2026-05-02T23:30:00.000-0300
BF3E4-1634,[CLIENTE - 7] Assunto: Dados Públicos CNPJ - Target & Views (Parte 2) - TAMANHO: G,Story,2026-03-09T11:54:27.797-0300,2026-05-14T13:53:10.214-0300,Test,Done,elenice.damitz,SQUAD_3,2026-04-01,2026-04-09,2026-05-14T23:30:00.000-0300
BF3E4-1634,[CLIENTE - 7] Assunto: Dados Públicos CNPJ - Target & Views (Parte 2) - TAMANHO: G,Story,2026-03-09T11:54:27.797-0300,2026-05-12T17:10:32.763-0300,Waiting Test,Test,marina.bueno,SQUAD_3,2026-04-01,2026-04-09,2026-05-14T23:30:00.000-0300
BF3E4-1634,[CLIENTE - 7] Assunto: Dados Públicos CNPJ - Target & Views (Parte 2) - TAMANHO: G,Story,2026-03-09T11:54:27.797-0300,2026-05-12T14:15:52.505-0300,IN DEVELOPMENT,Waiting Test,marina.bueno,SQUAD_3,2026-04-01,2026-04-09,2026-05-14T23:30:00.000-0300
BF3E4-1634,[CLIENTE - 7] Assunto: Dados Públicos CNPJ - Target & Views (Parte 2) - TAMANHO: G,Story,2026-03-09T11:54:27.797-0300,2026-05-06T22:10:54.829-0300,To Do,IN DEVELOPMENT,lucivan.batista,SQUAD_3,2026-04-01,2026-04-09,2026-05-14T23:30:00.000-0300
BF3E4-1634,[CLIENTE - 7] Assunto: Dados Públicos CNPJ - Target & Views (Parte 2) - TAMANHO: G,Story,2026-03-09T11:54:27.797-0300,2026-04-22T11:00:21.171-0300,Refined,To Do,viviane.lima2,SQUAD_3,2026-04-01,2026-04-09,2026-05-14T23:30:00.000-0300
BF3E4-1619,[CLIENTE - 6] Assunto: Dados Públicos CNPJ - Staging (Parte 1) - TAMANHO: M,Story,2026-03-09T11:53:47.277-0300,2026-05-14T11:24:24.290-0300,Test,Done,vanessa.correia,SQUAD_3,2026-04-01,2026-04-10,2026-05-14T23:30:00.000-0300
BF3E4-1619,[CLIENTE - 6] Assunto: Dados Públicos CNPJ - Staging (Parte 1) - TAMANHO: M,Story,2026-03-09T11:53:47.277-0300,2026-05-12T15:37:51.453-0300,Waiting Test,Test,vanessa.correia,SQUAD_3,2026-04-01,2026-04-10,2026-05-14T23:30:00.000-0300
BF3E4-1619,[CLIENTE - 6] Assunto: Dados Públicos CNPJ - Staging (Parte 1) - TAMANHO: M,Story,2026-03-09T11:53:47.277-0300,2026-05-12T12:40:17.009-0300,IN DEVELOPMENT,Waiting Test,marina.bueno,SQUAD_3,2026-04-01,2026-04-10,2026-05-14T23:30:00.000-0300
BF3E4-1619,[CLIENTE - 6] Assunto: Dados Públicos CNPJ - Staging (Parte 1) - TAMANHO: M,Story,2026-03-09T11:53:47.277-0300,2026-05-04T15:22:38.572-0300,To Do,IN DEVELOPMENT,amanda.goncalves,SQUAD_3,2026-04-01,2026-04-10,2026-05-14T23:30:00.000-0300
BF3E4-1619,[CLIENTE - 6] Assunto: Dados Públicos CNPJ - Staging (Parte 1) - TAMANHO: M,Story,2026-03-09T11:53:47.277-0300,2026-04-22T11:00:19.261-0300,Refined,To Do,viviane.lima2,SQUAD_3,2026-04-01,2026-04-10,2026-05-14T23:30:00.000-0300
BF3E4-1604,[CLIENTE - 5] Assunto: Marketing Cloud - Target & Views (Parte 3) - TAMANHO: G,Story,2026-03-09T11:53:15.872-0300,2026-05-22T20:31:24.111-0300,Test,Done,elenice.damitz,SQUAD_3,2026-04-01,2026-04-14,2026-05-22T18:00:00.000-0300
BF3E4-1604,[CLIENTE - 5] Assunto: Marketing Cloud - Target & Views (Parte 3) - TAMANHO: G,Story,2026-03-09T11:53:15.872-0300,2026-05-21T16:27:08.029-0300,Waiting Test,Test,elenice.damitz,SQUAD_3,2026-04-01,2026-04-14,2026-05-22T18:00:00.000-0300
BF3E4-1604,[CLIENTE - 5] Assunto: Marketing Cloud - Target & Views (Parte 3) - TAMANHO: G,Story,2026-03-09T11:53:15.872-0300,2026-05-21T09:35:16.216-0300,IN DEVELOPMENT,Waiting Test,joao.ferreira2,SQUAD_3,2026-04-01,2026-04-14,2026-05-22T18:00:00.000-0300
BF3E4-1589,[CLIENTE - 4] Assunto: Campanhas Marketing Cloud (Parte 2) - TAMANHO: G,Story,2026-03-09T11:52:46.866-0300,2026-05-21T14:12:10.299-0300,Test,Done,elenice.damitz,SQUAD_3,2026-04-01,2026-04-15,2026-05-21T23:30:00.000-0300
BF3E4-1589,[CLIENTE - 4] Assunto: Campanhas Marketing Cloud (Parte 2) - TAMANHO: G,Story,2026-03-09T11:52:46.866-0300,2026-05-21T09:49:14.078-0300,Waiting Test,Test,elenice.damitz,SQUAD_3,2026-04-01,2026-04-15,2026-05-21T23:30:00.000-0300
BF3E4-1589,[CLIENTE - 4] Assunto: Campanhas Marketing Cloud (Parte 2) - TAMANHO: G,Story,2026-03-09T11:52:46.866-0300,2026-05-21T09:06:38.404-0300,IN DEVELOPMENT,Waiting Test,joao.ferreira2,SQUAD_3,2026-04-01,2026-04-15,2026-05-21T23:30:00.000-0300
BF3E4-1574,[CLIENTE - 3] Assunto: Campanhas Marketing Cloud (Parte 1) - TAMANHO: G,Story,2026-03-09T11:52:20.943-0300,2026-05-21T17:27:46.510-0300,Test,Done,michel.cruz,SQUAD_3,2026-04-01,2026-04-15,2026-05-21T18:00:00.000-0300
BF3E4-1574,[CLIENTE - 3] Assunto: Campanhas Marketing Cloud (Parte 1) - TAMANHO: G,Story,2026-03-09T11:52:20.943-0300,2026-05-20T09:56:15.619-0300,Waiting Test,Test,elenice.damitz,SQUAD_3,2026-04-01,2026-04-15,2026-05-21T18:00:00.000-0300
BF3E4-1574,[CLIENTE - 3] Assunto: Campanhas Marketing Cloud (Parte 1) - TAMANHO: G,Story,2026-03-09T11:52:20.943-0300,2026-05-19T09:36:01.280-0300,IN DEVELOPMENT,Waiting Test,decio.michellis,SQUAD_3,2026-04-01,2026-04-15,2026-05-21T18:00:00.000-0300
BF3E4-1550,[CLIENTE - 2] Assunto: CRM e Audiência (Parte 2) - TAMANHO: G,Story,2026-03-06T20:01:46.899-0300,2026-05-07T11:30:17.819-0300,IN DEVELOPMENT,Done,joao.ferreira2,SQUAD_3,2026-04-01,2026-04-13,2026-05-05T12:00:00.000-0300
BF3E4-1550,[CLIENTE - 2] Assunto: CRM e Audiência (Parte 2) - TAMANHO: G,Story,2026-03-06T20:01:46.899-0300,2026-04-06T11:29:03.833-0300,To Do,IN DEVELOPMENT,viviane.lima2,SQUAD_3,2026-04-01,2026-04-13,2026-05-05T12:00:00.000-0300
BF3E4-1550,[CLIENTE - 2] Assunto: CRM e Audiência (Parte 2) - TAMANHO: G,Story,2026-03-06T20:01:46.899-0300,2026-04-06T11:28:55.006-0300,Refined,To Do,viviane.lima2,SQUAD_3,2026-04-01,2026-04-13,2026-05-05T12:00:00.000-0300
BF3E4-1535,[CLIENTE - 1] Assunto: Salesforce CDC - Staging (Parte 1) - TAMANHO: G,Story,2026-03-06T19:52:35.025-0300,2026-05-02T10:59:16.365-0300,Test,Done,isabela.romeu,SQUAD_3,2026-03-23,2026-04-06,2026-05-03T23:30:00.000-0300
BF3E4-1535,[CLIENTE - 1] Assunto: Salesforce CDC - Staging (Parte 1) - TAMANHO: G,Story,2026-03-06T19:52:35.025-0300,2026-05-02T10:09:51.824-0300,Waiting Test,Test,isabela.romeu,SQUAD_3,2026-03-23,2026-04-06,2026-05-03T23:30:00.000-0300
BF3E4-1535,[CLIENTE - 1] Assunto: Salesforce CDC - Staging (Parte 1) - TAMANHO: G,Story,2026-03-06T19:52:35.025-0300,2026-05-02T10:09:47.148-0300,IN DEVELOPMENT,Waiting Test,isabela.romeu,SQUAD_3,2026-03-23,2026-04-06,2026-05-03T23:30:00.000-0300
BF3E4-1535,[CLIENTE - 1] Assunto: Salesforce CDC - Staging (Parte 1) - TAMANHO: G,Story,2026-03-06T19:52:35.025-0300,2026-03-30T17:50:19.440-0300,To Do,IN DEVELOPMENT,gerson.ramos,SQUAD_3,2026-03-23,2026-04-06,2026-05-03T23:30:00.000-0300
BF3E4-7133,[COMERCIAL - 48] Plan de Ahorro (Consórcio) - Completo - TAMANHO: G,Story,2026-04-01T15:16:44.545-0300,2026-04-22T13:09:04.193-0300,To Do,IN DEVELOPMENT,lucivan.batista,SQUAD_6,2026-04-20,2026-04-29,2026-05-04T18:00:00.000-0300
BF3E4-7133,[COMERCIAL - 48] Plan de Ahorro (Consórcio) - Completo - TAMANHO: G,Story,2026-04-01T15:16:44.545-0300,2026-04-22T09:33:42.389-0300,Refined,To Do,marina.bueno,SQUAD_6,2026-04-20,2026-04-29,2026-05-04T18:00:00.000-0300
BF3E4-7133,[COMERCIAL - 48] Plan de Ahorro (Consórcio) - Completo - TAMANHO: G,Story,2026-04-01T15:16:44.545-0300,2026-04-22T09:33:40.228-0300,IN REFINEMENT,Refined,marina.bueno,SQUAD_6,2026-04-20,2026-04-29,2026-05-04T18:00:00.000-0300
BF3E4-7133,[COMERCIAL - 48] Plan de Ahorro (Consórcio) - Completo - TAMANHO: G,Story,2026-04-01T15:16:44.545-0300,2026-04-22T09:32:58.521-0300,WAITING REFINEMENT,IN REFINEMENT,marina.bueno,SQUAD_6,2026-04-20,2026-04-29,2026-05-04T18:00:00.000-0300
BF3E4-7133,[COMERCIAL - 48] Plan de Ahorro (Consórcio) - Completo - TAMANHO: G,Story,2026-04-01T15:16:44.545-0300,2026-04-22T09:32:50.792-0300,Open,WAITING REFINEMENT,marina.bueno,SQUAD_6,2026-04-20,2026-04-29,2026-05-04T18:00:00.000-0300
BF3E4-3107,[COMERCIAL - 96] QFS Legacy - Testes e Logs - TAMANHO: M,Story,2026-03-10T19:17:03.718-0300,2026-05-05T09:02:49.808-0300,Open,Canceled,lucas.carvalho4,SQUAD_6,2026-05-15,2026-05-20,
BF3E4-3100,[COMERCIAL - 95] QFS Legacy - Base - TAMANHO: M,Story,2026-03-10T19:16:52.319-0300,2026-05-04T15:40:46.287-0300,Open,Canceled,lucas.carvalho4,SQUAD_6,2026-05-15,2026-05-20,
BF3E4-3091,[COMERCIAL - 94] QFS Legacy - Dashboards e Atributos - TAMANHO: M,Story,2026-03-10T19:16:38.610-0300,2026-05-04T15:37:34.128-0300,Open,Canceled,lucas.carvalho4,SQUAD_6,2026-05-15,2026-05-22,
BF3E4-2925,[COMERCIAL - 78] AR Analytics Views (Parte 2) e Cockpit - TAMANHO: G,Story,2026-03-10T19:11:06.118-0300,2026-05-22T16:49:58.880-0300,Open,Canceled,lucas.carvalho4,SQUAD_6,2026-05-05,2026-05-18,
BF3E4-2912,[COMERCIAL - 77] AR Analytics Views (Parte 1) - TAMANHO: G,Story,2026-03-10T19:10:45.510-0300,2026-05-22T16:47:36.458-0300,Open,Canceled,lucas.carvalho4,SQUAD_6,2026-05-04,2026-05-15,
BF3E4-2897,[COMERCIAL - 76] AR Analytics Restricted (cont) e Analytics Tabelas - TAMANHO: G,Story,2026-03-10T19:10:22.243-0300,2026-05-22T16:44:33.420-0300,Open,Canceled,lucas.carvalho4,SQUAD_6,2026-05-04,2026-05-15,
BF3E4-2882,[COMERCIAL - 75] AR DataMart (cont) e Analytics Restricted - TAMANHO: G,Story,2026-03-10T19:09:58.023-0300,2026-05-22T16:42:15.756-0300,Open,Canceled,lucas.carvalho4,SQUAD_6,2026-04-30,2026-05-14,
BF3E4-2868,[COMERCIAL - 74] AR Staging e DataMart - TAMANHO: G,Story,2026-03-10T19:09:37.365-0300,2026-05-22T16:39:55.982-0300,Open,Canceled,lucas.carvalho4,SQUAD_6,2026-04-30,2026-05-14,
BF3E4-2855,[COMERCIAL - 73] BR Analytics Views - Questionários e Logs - TAMANHO: G,Story,2026-03-10T19:09:16.300-0300,2026-05-22T16:38:30.466-0300,Open,Canceled,lucas.carvalho4,SQUAD_6,2026-04-30,2026-05-14,
BF3E4-2842,[COMERCIAL - 72] BR Analytics Views - Comportamento de Compra - TAMANHO: G,Story,2026-03-10T19:08:53.378-0300,2026-05-22T16:34:48.709-0300,Open,Canceled,lucas.carvalho4,SQUAD_6,2026-04-30,2026-05-14,
BF3E4-2829,[COMERCIAL - 71] BR Analytics Views - Satisfação e Fidelidade - TAMANHO: G,Story,2026-03-10T19:08:33.568-0300,2026-05-22T16:31:14.657-0300,Open,Canceled,lucas.carvalho4,SQUAD_6,2026-04-30,2026-05-14,
BF3E4-2816,[COMERCIAL - 70] BR Analytics Views - Demográficos e Perfil - TAMANHO: G,Story,2026-03-10T19:08:11.149-0300,2026-05-22T16:29:09.288-0300,Open,Canceled,lucas.carvalho4,SQUAD_6,2026-04-30,2026-05-14,
BF3E4-2803,[COMERCIAL - 69] BR Analytics Views - Dimensões de Veículos - TAMANHO: G,Story,2026-03-10T19:07:51.859-0300,2026-05-22T16:26:11.038-0300,Open,Canceled,lucas.carvalho4,SQUAD_6,2026-04-29,2026-05-13,
BF3E4-2794,[COMERCIAL - 68] BR Analytics - Tabelas SPSS - TAMANHO: M,Story,2026-03-10T19:07:36.220-0300,2026-05-22T16:21:23.927-0300,Open,Canceled,lucas.carvalho4,SQUAD_6,2026-04-29,2026-05-07,
BF3E4-2783,[COMERCIAL - 67] BR Analytics Restricted - Views - TAMANHO: G,Story,2026-03-10T19:07:18.553-0300,2026-05-21T15:26:04.736-0300,Open,Canceled,lucas.carvalho4,SQUAD_6,2026-04-29,2026-05-11,
BF3E4-2773,[COMERCIAL - 66] BR Analytics Restricted - Tabelas SPSS - TAMANHO: G,Story,2026-03-10T19:07:01.065-0300,2026-05-21T14:34:45.361-0300,Open,Canceled,lucas.carvalho4,SQUAD_6,2026-04-29,2026-05-08,
BF3E4-2763,[COMERCIAL - 65] BR DataMart - Entidades Principais - TAMANHO: G,Story,2026-03-10T19:06:45.139-0300,2026-05-21T14:26:28.546-0300,Open,Canceled,lucas.carvalho4,SQUAD_6,2026-04-29,2026-05-08,
BF3E4-2750,[COMERCIAL - 64] BR Cadastros de Respostas e Metadados - TAMANHO: G,Story,2026-03-10T19:06:25.283-0300,2026-04-30T19:45:48.748-0300,To Do,IN DEVELOPMENT,marina.bueno,SQUAD_6,2026-04-29,2026-05-13,
BF3E4-2750,[COMERCIAL - 64] BR Cadastros de Respostas e Metadados - TAMANHO: G,Story,2026-03-10T19:06:25.283-0300,2026-04-30T19:45:45.054-0300,Refined,To Do,marina.bueno,SQUAD_6,2026-04-29,2026-05-13,
BF3E4-2750,[COMERCIAL - 64] BR Cadastros de Respostas e Metadados - TAMANHO: G,Story,2026-03-10T19:06:25.283-0300,2026-04-30T19:45:42.611-0300,IN REFINEMENT,Refined,marina.bueno,SQUAD_6,2026-04-29,2026-05-13,
BF3E4-2750,[COMERCIAL - 64] BR Cadastros de Respostas e Metadados - TAMANHO: G,Story,2026-03-10T19:06:25.283-0300,2026-04-30T19:45:39.603-0300,WAITING REFINEMENT,IN REFINEMENT,marina.bueno,SQUAD_6,2026-04-29,2026-05-13,
BF3E4-2750,[COMERCIAL - 64] BR Cadastros de Respostas e Metadados - TAMANHO: G,Story,2026-03-10T19:06:25.283-0300,2026-04-30T19:45:36.200-0300,Open,WAITING REFINEMENT,marina.bueno,SQUAD_6,2026-04-29,2026-05-13,
BF3E4-2737,[COMERCIAL - 63] BR Cadastros de Pesquisa e Concessionárias - TAMANHO: G,Story,2026-03-10T19:06:02.558-0300,2026-04-09T16:52:11.805-0300,Open,Canceled,henrique.damaceno,SQUAD_6,2026-04-29,2026-05-13,
BF3E4-2724,[COMERCIAL - 62] BR Cadastros de Veículos (Parte 2) e Demográficos - TAMANHO: G,Story,2026-03-10T19:05:40.147-0300,2026-04-09T16:48:42.237-0300,Open,Canceled,henrique.damaceno,SQUAD_6,2026-04-28,2026-05-12,
BF3E4-2711,[COMERCIAL - 61] BR Cadastros de Veículos (Parte 1) - TAMANHO: G,Story,2026-03-10T19:05:17.763-0300,2026-04-09T16:46:49.981-0300,Open,Canceled,henrique.damaceno,SQUAD_6,2026-04-28,2026-05-12,
BF3E4-2698,[COMERCIAL - 60] Preços e Mercado - TAMANHO: G,Story,2026-03-10T19:04:57.326-0300,2026-05-02T17:30:41.740-0300,Refined,To Do,marina.bueno,SQUAD_6,2026-04-28,2026-05-11,
BF3E4-2698,[COMERCIAL - 60] Preços e Mercado - TAMANHO: G,Story,2026-03-10T19:04:57.326-0300,2026-05-02T17:30:33.974-0300,IN REFINEMENT,Refined,marina.bueno,SQUAD_6,2026-04-28,2026-05-11,
BF3E4-2698,[COMERCIAL - 60] Preços e Mercado - TAMANHO: G,Story,2026-03-10T19:04:57.326-0300,2026-05-02T17:30:29.067-0300,WAITING REFINEMENT,IN REFINEMENT,marina.bueno,SQUAD_6,2026-04-28,2026-05-11,
BF3E4-2698,[COMERCIAL - 60] Preços e Mercado - TAMANHO: G,Story,2026-03-10T19:04:57.326-0300,2026-05-02T17:30:25.864-0300,Open,WAITING REFINEMENT,marina.bueno,SQUAD_6,2026-04-28,2026-05-11,
BF3E4-2698,[COMERCIAL - 60] Preços e Mercado - TAMANHO: G,Story,2026-03-10T19:04:57.326-0300,2026-05-02T17:30:10.118-0300,Canceled,Open,marina.bueno,SQUAD_6,2026-04-28,2026-05-11,
BF3E4-2698,[COMERCIAL - 60] Preços e Mercado - TAMANHO: G,Story,2026-03-10T19:04:57.326-0300,2026-05-02T17:30:05.659-0300,Test,Canceled,marina.bueno,SQUAD_6,2026-04-28,2026-05-11,
BF3E4-2698,[COMERCIAL - 60] Preços e Mercado - TAMANHO: G,Story,2026-03-10T19:04:57.326-0300,2026-05-02T11:49:45.643-0300,Waiting Test,Test,lucilene.bruneli,SQUAD_6,2026-04-28,2026-05-11,
BF3E4-2698,[COMERCIAL - 60] Preços e Mercado - TAMANHO: G,Story,2026-03-10T19:04:57.326-0300,2026-05-01T15:14:17.571-0300,IN DEVELOPMENT,Waiting Test,otiliano.souza,SQUAD_6,2026-04-28,2026-05-11,
BF3E4-2698,[COMERCIAL - 60] Preços e Mercado - TAMANHO: G,Story,2026-03-10T19:04:57.326-0300,2026-05-01T15:14:08.603-0300,To Do,IN DEVELOPMENT,otiliano.souza,SQUAD_6,2026-04-28,2026-05-11,
BF3E4-2698,[COMERCIAL - 60] Preços e Mercado - TAMANHO: G,Story,2026-03-10T19:04:57.326-0300,2026-04-30T15:43:22.901-0300,Refined,To Do,marina.bueno,SQUAD_6,2026-04-28,2026-05-11,
BF3E4-2698,[COMERCIAL - 60] Preços e Mercado - TAMANHO: G,Story,2026-03-10T19:04:57.326-0300,2026-04-30T15:43:18.877-0300,IN REFINEMENT,Refined,marina.bueno,SQUAD_6,2026-04-28,2026-05-11,
BF3E4-2698,[COMERCIAL - 60] Preços e Mercado - TAMANHO: G,Story,2026-03-10T19:04:57.326-0300,2026-04-30T15:43:15.793-0300,WAITING REFINEMENT,IN REFINEMENT,marina.bueno,SQUAD_6,2026-04-28,2026-05-11,
BF3E4-2698,[COMERCIAL - 60] Preços e Mercado - TAMANHO: G,Story,2026-03-10T19:04:57.326-0300,2026-04-30T15:43:12.019-0300,Open,WAITING REFINEMENT,marina.bueno,SQUAD_6,2026-04-28,2026-05-11,
BF3E4-2685,[COMERCIAL - 59] Catálogo e Características Básicas - TAMANHO: G,Story,2026-03-10T19:04:37.022-0300,2026-04-30T16:57:11.927-0300,To Do,IN DEVELOPMENT,miguel.machado2,SQUAD_6,2026-04-27,2026-05-07,
BF3E4-2685,[COMERCIAL - 59] Catálogo e Características Básicas - TAMANHO: G,Story,2026-03-10T19:04:37.022-0300,2026-04-30T14:32:33.890-0300,Refined,To Do,marina.bueno,SQUAD_6,2026-04-27,2026-05-07,
BF3E4-2685,[COMERCIAL - 59] Catálogo e Características Básicas - TAMANHO: G,Story,2026-03-10T19:04:37.022-0300,2026-04-30T14:32:31.567-0300,IN REFINEMENT,Refined,marina.bueno,SQUAD_6,2026-04-27,2026-05-07,
BF3E4-2685,[COMERCIAL - 59] Catálogo e Características Básicas - TAMANHO: G,Story,2026-03-10T19:04:37.022-0300,2026-04-30T14:32:29.029-0300,WAITING REFINEMENT,IN REFINEMENT,marina.bueno,SQUAD_6,2026-04-27,2026-05-07,
BF3E4-2685,[COMERCIAL - 59] Catálogo e Características Básicas - TAMANHO: G,Story,2026-03-10T19:04:37.022-0300,2026-04-30T14:32:23.934-0300,Open,WAITING REFINEMENT,marina.bueno,SQUAD_6,2026-04-27,2026-05-07,
BF3E4-2679,[COMERCIAL - 58] Auditoria e Logs - TAMANHO: P,Story,2026-03-10T19:04:26.032-0300,2026-04-30T12:59:45.721-0300,To Do,IN DEVELOPMENT,miguel.machado2,SQUAD_6,2026-04-27,2026-04-28,
BF3E4-2679,[COMERCIAL - 58] Auditoria e Logs - TAMANHO: P,Story,2026-03-10T19:04:26.032-0300,2026-04-30T12:59:43.303-0300,Refined,To Do,miguel.machado2,SQUAD_6,2026-04-27,2026-04-28,
BF3E4-2679,[COMERCIAL - 58] Auditoria e Logs - TAMANHO: P,Story,2026-03-10T19:04:26.032-0300,2026-04-30T12:59:37.050-0300,IN REFINEMENT,Refined,miguel.machado2,SQUAD_6,2026-04-27,2026-04-28,
BF3E4-2679,[COMERCIAL - 58] Auditoria e Logs - TAMANHO: P,Story,2026-03-10T19:04:26.032-0300,2026-04-30T12:59:33.329-0300,WAITING REFINEMENT,IN REFINEMENT,miguel.machado2,SQUAD_6,2026-04-27,2026-04-28,
BF3E4-2679,[COMERCIAL - 58] Auditoria e Logs - TAMANHO: P,Story,2026-03-10T19:04:26.032-0300,2026-04-30T12:59:25.264-0300,Open,WAITING REFINEMENT,miguel.machado2,SQUAD_6,2026-04-27,2026-04-28,
BF3E4-2679,[COMERCIAL - 58] Auditoria e Logs - TAMANHO: P,Story,2026-03-10T19:04:26.032-0300,2026-04-30T12:59:18.741-0300,WAITING REFINEMENT,Open,miguel.machado2,SQUAD_6,2026-04-27,2026-04-28,
BF3E4-2679,[COMERCIAL - 58] Auditoria e Logs - TAMANHO: P,Story,2026-03-10T19:04:26.032-0300,2026-04-30T12:03:36.342-0300,Open,WAITING REFINEMENT,marina.bueno,SQUAD_6,2026-04-27,2026-04-28,
BF3E4-2671,[COMERCIAL - 57] Governança e Histórico Consolidado (Governance & CCP Hist) - TAMANHO: P,Story,2026-03-10T19:04:12.404-0300,2026-04-24T10:20:28.273-0300,To Do,IN DEVELOPMENT,jose.bittencourt,SQUAD_6,2026-04-29,2026-04-28,
BF3E4-2671,[COMERCIAL - 57] Governança e Histórico Consolidado (Governance & CCP Hist) - TAMANHO: P,Story,2026-03-10T19:04:12.404-0300,2026-04-22T10:09:30.374-0300,Refined,To Do,marina.bueno,SQUAD_6,2026-04-29,2026-04-28,
BF3E4-2671,[COMERCIAL - 57] Governança e Histórico Consolidado (Governance & CCP Hist) - TAMANHO: P,Story,2026-03-10T19:04:12.404-0300,2026-04-22T10:09:26.376-0300,IN REFINEMENT,Refined,marina.bueno,SQUAD_6,2026-04-29,2026-04-28,
BF3E4-2671,[COMERCIAL - 57] Governança e Histórico Consolidado (Governance & CCP Hist) - TAMANHO: P,Story,2026-03-10T19:04:12.404-0300,2026-04-22T10:09:22.133-0300,WAITING REFINEMENT,IN REFINEMENT,marina.bueno,SQUAD_6,2026-04-29,2026-04-28,
BF3E4-2671,[COMERCIAL - 57] Governança e Histórico Consolidado (Governance & CCP Hist) - TAMANHO: P,Story,2026-03-10T19:04:12.404-0300,2026-04-22T10:09:19.220-0300,Open,WAITING REFINEMENT,marina.bueno,SQUAD_6,2026-04-29,2026-04-28,
BF3E4-2662,[COMERCIAL - 56] Segmentação de Produtos e Previsões (Product Segmentation) - TAMANHO: M,Story,2026-03-10T19:03:55.818-0300,2026-04-22T10:08:58.209-0300,To Do,IN DEVELOPMENT,irae.macri,SQUAD_6,2026-04-24,2026-04-29,2026-04-30T17:30:00.000-0300
BF3E4-2662,[COMERCIAL - 56] Segmentação de Produtos e Previsões (Product Segmentation) - TAMANHO: M,Story,2026-03-10T19:03:55.818-0300,2026-04-22T10:08:26.543-0300,Refined,To Do,marina.bueno,SQUAD_6,2026-04-24,2026-04-29,2026-04-30T17:30:00.000-0300
BF3E4-2662,[COMERCIAL - 56] Segmentação de Produtos e Previsões (Product Segmentation) - TAMANHO: M,Story,2026-03-10T19:03:55.818-0300,2026-04-22T10:08:00.073-0300,IN REFINEMENT,Refined,marina.bueno,SQUAD_6,2026-04-24,2026-04-29,2026-04-30T17:30:00.000-0300
BF3E4-2651,[COMERCIAL - 55] Ciclos de Planejamento de Veículos (Vehicle Cycle Plans) - TAMANHO: M,Story,2026-03-10T19:03:35.886-0300,2026-04-20T11:31:07.888-0300,To Do,IN DEVELOPMENT,ruth.mendonca,SQUAD_6,2026-04-24,2026-05-04,2026-04-24T13:00:00.000-0300
BF3E4-2651,[COMERCIAL - 55] Ciclos de Planejamento de Veículos (Vehicle Cycle Plans) - TAMANHO: M,Story,2026-03-10T19:03:35.886-0300,2026-04-20T11:22:50.297-0300,Refined,To Do,marina.bueno,SQUAD_6,2026-04-24,2026-05-04,2026-04-24T13:00:00.000-0300
BF3E4-2651,[COMERCIAL - 55] Ciclos de Planejamento de Veículos (Vehicle Cycle Plans) - TAMANHO: M,Story,2026-03-10T19:03:35.886-0300,2026-04-20T11:22:45.439-0300,IN REFINEMENT,Refined,marina.bueno,SQUAD_6,2026-04-24,2026-05-04,2026-04-24T13:00:00.000-0300
BF3E4-2651,[COMERCIAL - 55] Ciclos de Planejamento de Veículos (Vehicle Cycle Plans) - TAMANHO: M,Story,2026-03-10T19:03:35.886-0300,2026-04-20T11:22:37.729-0300,WAITING REFINEMENT,IN REFINEMENT,marina.bueno,SQUAD_6,2026-04-24,2026-05-04,2026-04-24T13:00:00.000-0300
BF3E4-2651,[COMERCIAL - 55] Ciclos de Planejamento de Veículos (Vehicle Cycle Plans) - TAMANHO: M,Story,2026-03-10T19:03:35.886-0300,2026-04-20T11:22:29.841-0300,Open,WAITING REFINEMENT,marina.bueno,SQUAD_6,2026-04-24,2026-05-04,2026-04-24T13:00:00.000-0300
BF3E4-2641,[COMERCIAL - 54] Capacidade de Plantas de Veículos (Vehicle Plant Capacity) - TAMANHO: M,Story,2026-03-10T19:03:19.339-0300,2026-05-04T10:53:42.875-0300,Test,Done,elenice.damitz,SQUAD_6,2026-04-24,2026-04-30,2026-04-30T18:00:00.000-0300
BF3E4-2641,[COMERCIAL - 54] Capacidade de Plantas de Veículos (Vehicle Plant Capacity) - TAMANHO: M,Story,2026-03-10T19:03:19.339-0300,2026-04-30T13:49:32.487-0300,Waiting Test,Test,elenice.damitz,SQUAD_6,2026-04-24,2026-04-30,2026-04-30T18:00:00.000-0300
BF3E4-2641,[COMERCIAL - 54] Capacidade de Plantas de Veículos (Vehicle Plant Capacity) - TAMANHO: M,Story,2026-03-10T19:03:19.339-0300,2026-04-30T12:12:18.221-0300,IN DEVELOPMENT,Waiting Test,marina.bueno,SQUAD_6,2026-04-24,2026-04-30,2026-04-30T18:00:00.000-0300
BF3E4-2641,[COMERCIAL - 54] Capacidade de Plantas de Veículos (Vehicle Plant Capacity) - TAMANHO: M,Story,2026-03-10T19:03:19.339-0300,2026-04-22T09:06:02.612-0300,To Do,IN DEVELOPMENT,wesley.bomfim,SQUAD_6,2026-04-24,2026-04-30,2026-04-30T18:00:00.000-0300
BF3E4-2641,[COMERCIAL - 54] Capacidade de Plantas de Veículos (Vehicle Plant Capacity) - TAMANHO: M,Story,2026-03-10T19:03:19.339-0300,2026-04-20T11:22:47.663-0300,Refined,To Do,marina.bueno,SQUAD_6,2026-04-24,2026-04-30,2026-04-30T18:00:00.000-0300
BF3E4-2641,[COMERCIAL - 54] Capacidade de Plantas de Veículos (Vehicle Plant Capacity) - TAMANHO: M,Story,2026-03-10T19:03:19.339-0300,2026-04-20T11:22:42.926-0300,IN REFINEMENT,Refined,marina.bueno,SQUAD_6,2026-04-24,2026-04-30,2026-04-30T18:00:00.000-0300
BF3E4-2641,[COMERCIAL - 54] Capacidade de Plantas de Veículos (Vehicle Plant Capacity) - TAMANHO: M,Story,2026-03-10T19:03:19.339-0300,2026-04-20T11:22:34.927-0300,WAITING REFINEMENT,IN REFINEMENT,marina.bueno,SQUAD_6,2026-04-24,2026-04-30,2026-04-30T18:00:00.000-0300
BF3E4-2641,[COMERCIAL - 54] Capacidade de Plantas de Veículos (Vehicle Plant Capacity) - TAMANHO: M,Story,2026-03-10T19:03:19.339-0300,2026-04-20T11:22:32.181-0300,Open,WAITING REFINEMENT,marina.bueno,SQUAD_6,2026-04-24,2026-04-30,2026-04-30T18:00:00.000-0300
BF3E4-2641,[COMERCIAL - 54] Capacidade de Plantas de Veículos (Vehicle Plant Capacity) - TAMANHO: M,Story,2026-03-10T19:03:19.339-0300,2026-04-20T11:22:27.533-0300,WAITING REFINEMENT,Open,marina.bueno,SQUAD_6,2026-04-24,2026-04-30,2026-04-30T18:00:00.000-0300
BF3E4-2641,[COMERCIAL - 54] Capacidade de Plantas de Veículos (Vehicle Plant Capacity) - TAMANHO: M,Story,2026-03-10T19:03:19.339-0300,2026-04-20T11:22:25.233-0300,Open,WAITING REFINEMENT,marina.bueno,SQUAD_6,2026-04-24,2026-04-30,2026-04-30T18:00:00.000-0300
BF3E4-2641,[COMERCIAL - 54] Capacidade de Plantas de Veículos (Vehicle Plant Capacity) - TAMANHO: M,Story,2026-03-10T19:03:19.339-0300,2026-04-20T11:22:22.861-0300,WAITING REFINEMENT,Open,marina.bueno,SQUAD_6,2026-04-24,2026-04-30,2026-04-30T18:00:00.000-0300
BF3E4-2641,[COMERCIAL - 54] Capacidade de Plantas de Veículos (Vehicle Plant Capacity) - TAMANHO: M,Story,2026-03-10T19:03:19.339-0300,2026-04-20T11:22:19.893-0300,Open,WAITING REFINEMENT,marina.bueno,SQUAD_6,2026-04-24,2026-04-30,2026-04-30T18:00:00.000-0300
BF3E4-2632,[COMERCIAL - 53] Powertrain de Veículos Leves (Light Vehicle Powertrain) - TAMANHO: M,Story,2026-03-10T19:02:58.948-0300,2026-04-20T11:55:28.335-0300,To Do,IN DEVELOPMENT,roger.vargas,SQUAD_6,2026-04-23,2026-04-28,2026-04-30T18:00:00.000-0300
BF3E4-2632,[COMERCIAL - 53] Powertrain de Veículos Leves (Light Vehicle Powertrain) - TAMANHO: M,Story,2026-03-10T19:02:58.948-0300,2026-04-20T11:22:17.017-0300,Refined,To Do,marina.bueno,SQUAD_6,2026-04-23,2026-04-28,2026-04-30T18:00:00.000-0300
BF3E4-2632,[COMERCIAL - 53] Powertrain de Veículos Leves (Light Vehicle Powertrain) - TAMANHO: M,Story,2026-03-10T19:02:58.948-0300,2026-04-20T11:22:13.631-0300,IN REFINEMENT,Refined,marina.bueno,SQUAD_6,2026-04-23,2026-04-28,2026-04-30T18:00:00.000-0300
BF3E4-2632,[COMERCIAL - 53] Powertrain de Veículos Leves (Light Vehicle Powertrain) - TAMANHO: M,Story,2026-03-10T19:02:58.948-0300,2026-04-20T11:22:11.199-0300,WAITING REFINEMENT,IN REFINEMENT,marina.bueno,SQUAD_6,2026-04-23,2026-04-28,2026-04-30T18:00:00.000-0300
BF3E4-2632,[COMERCIAL - 53] Powertrain de Veículos Leves (Light Vehicle Powertrain) - TAMANHO: M,Story,2026-03-10T19:02:58.948-0300,2026-04-20T11:22:07.475-0300,Open,WAITING REFINEMENT,marina.bueno,SQUAD_6,2026-04-23,2026-04-28,2026-04-30T18:00:00.000-0300
BF3E4-2632,[COMERCIAL - 53] Powertrain de Veículos Leves (Light Vehicle Powertrain) - TAMANHO: M,Story,2026-03-10T19:02:58.948-0300,2026-04-20T11:22:03.609-0300,WAITING REFINEMENT,Open,marina.bueno,SQUAD_6,2026-04-23,2026-04-28,2026-04-30T18:00:00.000-0300
BF3E4-2616,[COMERCIAL - 51] Emplacamentos Pessoa Física (PF) - TAMANHO: P,Story,2026-03-10T19:02:30.221-0300,2026-05-05T12:20:55.056-0300,Waiting Test,Test,elenice.damitz,SQUAD_6,2026-04-23,2026-04-27,2026-04-30T18:00:00.000-0300
BF3E4-2616,[COMERCIAL - 51] Emplacamentos Pessoa Física (PF) - TAMANHO: P,Story,2026-03-10T19:02:30.221-0300,2026-05-04T16:16:04.864-0300,IN DEVELOPMENT,Waiting Test,joao.bozzana,SQUAD_6,2026-04-23,2026-04-27,2026-04-30T18:00:00.000-0300
BF3E4-2609,[COMERCIAL - 50] Emplacamentos Pessoa Jurídica (PJ) - TAMANHO: P,Story,2026-03-10T19:02:16.925-0300,2026-05-04T16:37:38.417-0300,Test,Done,elenice.damitz,SQUAD_6,2026-04-23,2026-04-27,2026-04-29T18:00:00.000-0300
BF3E4-2609,[COMERCIAL - 50] Emplacamentos Pessoa Jurídica (PJ) - TAMANHO: P,Story,2026-03-10T19:02:16.925-0300,2026-05-01T09:16:22.866-0300,Waiting Test,Test,natanael.rabelo,SQUAD_6,2026-04-23,2026-04-27,2026-04-29T18:00:00.000-0300
BF3E4-2609,[COMERCIAL - 50] Emplacamentos Pessoa Jurídica (PJ) - TAMANHO: P,Story,2026-03-10T19:02:16.925-0300,2026-04-30T18:29:03.313-0300,IN DEVELOPMENT,Waiting Test,marina.bueno,SQUAD_6,2026-04-23,2026-04-27,2026-04-29T18:00:00.000-0300
BF3E4-2609,[COMERCIAL - 50] Emplacamentos Pessoa Jurídica (PJ) - TAMANHO: P,Story,2026-03-10T19:02:16.925-0300,2026-04-02T09:34:37.026-0300,To Do,IN DEVELOPMENT,pedro.ribeiro4,SQUAD_6,2026-04-23,2026-04-27,2026-04-29T18:00:00.000-0300
BF3E4-2609,[COMERCIAL - 50] Emplacamentos Pessoa Jurídica (PJ) - TAMANHO: P,Story,2026-03-10T19:02:16.925-0300,2026-04-01T09:21:55.207-0300,Refined,To Do,marina.bueno,SQUAD_6,2026-04-23,2026-04-27,2026-04-29T18:00:00.000-0300
BF3E4-2609,[COMERCIAL - 50] Emplacamentos Pessoa Jurídica (PJ) - TAMANHO: P,Story,2026-03-10T19:02:16.925-0300,2026-04-01T09:21:39.952-0300,IN REFINEMENT,Refined,marina.bueno,SQUAD_6,2026-04-23,2026-04-27,2026-04-29T18:00:00.000-0300
BF3E4-2609,[COMERCIAL - 50] Emplacamentos Pessoa Jurídica (PJ) - TAMANHO: P,Story,2026-03-10T19:02:16.925-0300,2026-04-01T09:21:36.583-0300,WAITING REFINEMENT,IN REFINEMENT,marina.bueno,SQUAD_6,2026-04-23,2026-04-27,2026-04-29T18:00:00.000-0300
BF3E4-2609,[COMERCIAL - 50] Emplacamentos Pessoa Jurídica (PJ) - TAMANHO: P,Story,2026-03-10T19:02:16.925-0300,2026-04-01T09:21:33.234-0300,Open,WAITING REFINEMENT,marina.bueno,SQUAD_6,2026-04-23,2026-04-27,2026-04-29T18:00:00.000-0300
BF3E4-2602,[COMERCIAL - 49] Call Center e Integrações Especiais - TAMANHO: P,Story,2026-03-10T19:02:02.473-0300,2026-05-05T12:20:23.463-0300,Test,Done,elenice.damitz,SQUAD_6,2026-04-22,2026-04-24,2026-04-30T18:00:00.000-0300
BF3E4-2602,[COMERCIAL - 49] Call Center e Integrações Especiais - TAMANHO: P,Story,2026-03-10T19:02:02.473-0300,2026-05-04T14:22:02.219-0300,Waiting Test,Test,lucilene.bruneli,SQUAD_6,2026-04-22,2026-04-24,2026-04-30T18:00:00.000-0300
BF3E4-2602,[COMERCIAL - 49] Call Center e Integrações Especiais - TAMANHO: P,Story,2026-03-10T19:02:02.473-0300,2026-05-04T14:12:50.869-0300,IN DEVELOPMENT,Waiting Test,marina.bueno,SQUAD_6,2026-04-22,2026-04-24,2026-04-30T18:00:00.000-0300
BF3E4-2602,[COMERCIAL - 49] Call Center e Integrações Especiais - TAMANHO: P,Story,2026-03-10T19:02:02.473-0300,2026-03-31T16:47:36.206-0300,To Do,IN DEVELOPMENT,lucivan.batista,SQUAD_6,2026-04-22,2026-04-24,2026-04-30T18:00:00.000-0300
BF3E4-2602,[COMERCIAL - 49] Call Center e Integrações Especiais - TAMANHO: P,Story,2026-03-10T19:02:02.473-0300,2026-03-31T16:47:33.759-0300,Refined,To Do,lucivan.batista,SQUAD_6,2026-04-22,2026-04-24,2026-04-30T18:00:00.000-0300
BF3E4-2602,[COMERCIAL - 49] Call Center e Integrações Especiais - TAMANHO: P,Story,2026-03-10T19:02:02.473-0300,2026-03-31T16:47:31.049-0300,IN REFINEMENT,Refined,lucivan.batista,SQUAD_6,2026-04-22,2026-04-24,2026-04-30T18:00:00.000-0300
BF3E4-2602,[COMERCIAL - 49] Call Center e Integrações Especiais - TAMANHO: P,Story,2026-03-10T19:02:02.473-0300,2026-03-31T16:47:28.029-0300,WAITING REFINEMENT,IN REFINEMENT,lucivan.batista,SQUAD_6,2026-04-22,2026-04-24,2026-04-30T18:00:00.000-0300
BF3E4-2602,[COMERCIAL - 49] Call Center e Integrações Especiais - TAMANHO: P,Story,2026-03-10T19:02:02.473-0300,2026-03-31T16:47:22.387-0300,Open,WAITING REFINEMENT,lucivan.batista,SQUAD_6,2026-04-22,2026-04-24,2026-04-30T18:00:00.000-0300
BF3E4-2580,"[COMERCIAL - 47] New Vehicle - Argentina, Chile e Leapmotor - TAMANHO: M",Story,2026-03-10T19:01:17.528-0300,2026-05-06T14:48:22.148-0300,Test,Done,lucilene.bruneli,SQUAD_6,2026-04-20,2026-04-27,2026-04-30T18:00:00.000-0300
BF3E4-2580,"[COMERCIAL - 47] New Vehicle - Argentina, Chile e Leapmotor - TAMANHO: M",Story,2026-03-10T19:01:17.528-0300,2026-04-29T18:05:19.413-0300,Waiting Test,Test,lucilene.bruneli,SQUAD_6,2026-04-20,2026-04-27,2026-04-30T18:00:00.000-0300
BF3E4-2580,"[COMERCIAL - 47] New Vehicle - Argentina, Chile e Leapmotor - TAMANHO: M",Story,2026-03-10T19:01:17.528-0300,2026-04-28T17:00:42.654-0300,IN DEVELOPMENT,Waiting Test,fabricio.gauterio,SQUAD_6,2026-04-20,2026-04-27,2026-04-30T18:00:00.000-0300
BF3E4-2580,"[COMERCIAL - 47] New Vehicle - Argentina, Chile e Leapmotor - TAMANHO: M",Story,2026-03-10T19:01:17.528-0300,2026-04-06T08:49:32.634-0300,To Do,IN DEVELOPMENT,fabricio.gauterio,SQUAD_6,2026-04-20,2026-04-27,2026-04-30T18:00:00.000-0300
BF3E4-2580,"[COMERCIAL - 47] New Vehicle - Argentina, Chile e Leapmotor - TAMANHO: M",Story,2026-03-10T19:01:17.528-0300,2026-04-01T09:23:03.371-0300,Refined,To Do,marina.bueno,SQUAD_6,2026-04-20,2026-04-27,2026-04-30T18:00:00.000-0300
BF3E4-2580,"[COMERCIAL - 47] New Vehicle - Argentina, Chile e Leapmotor - TAMANHO: M",Story,2026-03-10T19:01:17.528-0300,2026-04-01T09:23:00.767-0300,IN REFINEMENT,Refined,marina.bueno,SQUAD_6,2026-04-20,2026-04-27,2026-04-30T18:00:00.000-0300
BF3E4-2580,"[COMERCIAL - 47] New Vehicle - Argentina, Chile e Leapmotor - TAMANHO: M",Story,2026-03-10T19:01:17.528-0300,2026-04-01T09:22:57.867-0300,WAITING REFINEMENT,IN REFINEMENT,marina.bueno,SQUAD_6,2026-04-20,2026-04-27,2026-04-30T18:00:00.000-0300
BF3E4-2580,"[COMERCIAL - 47] New Vehicle - Argentina, Chile e Leapmotor - TAMANHO: M",Story,2026-03-10T19:01:17.528-0300,2026-04-01T09:22:53.919-0300,Open,WAITING REFINEMENT,marina.bueno,SQUAD_6,2026-04-20,2026-04-27,2026-04-30T18:00:00.000-0300
BF3E4-2580,"[COMERCIAL - 47] New Vehicle - Argentina, Chile e Leapmotor - TAMANHO: M",Story,2026-03-10T19:01:17.528-0300,2026-04-01T09:22:47.037-0300,WAITING REFINEMENT,Open,marina.bueno,SQUAD_6,2026-04-20,2026-04-27,2026-04-30T18:00:00.000-0300
BF3E4-2580,"[COMERCIAL - 47] New Vehicle - Argentina, Chile e Leapmotor - TAMANHO: M",Story,2026-03-10T19:01:17.528-0300,2026-04-01T09:22:42.329-0300,Open,WAITING REFINEMENT,marina.bueno,SQUAD_6,2026-04-20,2026-04-27,2026-04-30T18:00:00.000-0300
BF3E4-2580,"[COMERCIAL - 47] New Vehicle - Argentina, Chile e Leapmotor - TAMANHO: M",Story,2026-03-10T19:01:17.528-0300,2026-04-01T09:22:37.572-0300,WAITING REFINEMENT,Open,marina.bueno,SQUAD_6,2026-04-20,2026-04-27,2026-04-30T18:00:00.000-0300
BF3E4-2580,"[COMERCIAL - 47] New Vehicle - Argentina, Chile e Leapmotor - TAMANHO: M",Story,2026-03-10T19:01:17.528-0300,2026-04-01T09:22:35.077-0300,Open,WAITING REFINEMENT,marina.bueno,SQUAD_6,2026-04-20,2026-04-27,2026-04-30T18:00:00.000-0300
BF3E4-2568,[COMERCIAL - 46] New Vehicle - Brasil - TAMANHO: M,Story,2026-03-10T19:00:56.208-0300,2026-04-30T09:25:56.587-0300,Test,Done,elenice.damitz,SQUAD_6,2026-04-20,2026-04-28,2026-04-29T18:00:00.000-0300
BF3E4-2568,[COMERCIAL - 46] New Vehicle - Brasil - TAMANHO: M,Story,2026-03-10T19:00:56.208-0300,2026-04-28T15:09:15.361-0300,Waiting Test,Test,elenice.damitz,SQUAD_6,2026-04-20,2026-04-28,2026-04-29T18:00:00.000-0300
BF3E4-2568,[COMERCIAL - 46] New Vehicle - Brasil - TAMANHO: M,Story,2026-03-10T19:00:56.208-0300,2026-04-27T09:43:09.497-0300,IN DEVELOPMENT,Waiting Test,bruno.sanchez,SQUAD_6,2026-04-20,2026-04-28,2026-04-29T18:00:00.000-0300
BF3E4-2568,[COMERCIAL - 46] New Vehicle - Brasil - TAMANHO: M,Story,2026-03-10T19:00:56.208-0300,2026-04-01T09:47:15.546-0300,To Do,IN DEVELOPMENT,marina.bueno,SQUAD_6,2026-04-20,2026-04-28,2026-04-29T18:00:00.000-0300
BF3E4-2568,[COMERCIAL - 46] New Vehicle - Brasil - TAMANHO: M,Story,2026-03-10T19:00:56.208-0300,2026-04-01T09:22:32.709-0300,Refined,To Do,marina.bueno,SQUAD_6,2026-04-20,2026-04-28,2026-04-29T18:00:00.000-0300
BF3E4-2568,[COMERCIAL - 46] New Vehicle - Brasil - TAMANHO: M,Story,2026-03-10T19:00:56.208-0300,2026-04-01T09:22:30.622-0300,IN REFINEMENT,Refined,marina.bueno,SQUAD_6,2026-04-20,2026-04-28,2026-04-29T18:00:00.000-0300
BF3E4-2568,[COMERCIAL - 46] New Vehicle - Brasil - TAMANHO: M,Story,2026-03-10T19:00:56.208-0300,2026-04-01T09:22:27.676-0300,WAITING REFINEMENT,IN REFINEMENT,marina.bueno,SQUAD_6,2026-04-20,2026-04-28,2026-04-29T18:00:00.000-0300
BF3E4-2568,[COMERCIAL - 46] New Vehicle - Brasil - TAMANHO: M,Story,2026-03-10T19:00:56.208-0300,2026-04-01T09:22:22.810-0300,Open,WAITING REFINEMENT,marina.bueno,SQUAD_6,2026-04-20,2026-04-28,2026-04-29T18:00:00.000-0300
BF3E4-2542,[COMERCIAL - 44] After Sales - Argentina e Chile - TAMANHO: G,Story,2026-03-10T19:00:13.928-0300,2026-04-01T09:44:46.052-0300,To Do,IN DEVELOPMENT,marina.bueno,SQUAD_6,2026-04-17,2026-04-28,2026-04-05T18:30:00.000-0300
BF3E4-2542,[COMERCIAL - 44] After Sales - Argentina e Chile - TAMANHO: G,Story,2026-03-10T19:00:13.928-0300,2026-04-01T09:22:09.733-0300,Refined,To Do,marina.bueno,SQUAD_6,2026-04-17,2026-04-28,2026-04-05T18:30:00.000-0300
BF3E4-2542,[COMERCIAL - 44] After Sales - Argentina e Chile - TAMANHO: G,Story,2026-03-10T19:00:13.928-0300,2026-04-01T09:11:59.870-0300,IN REFINEMENT,Refined,marina.bueno,SQUAD_6,2026-04-17,2026-04-28,2026-04-05T18:30:00.000-0300
BF3E4-2527,[COMERCIAL - 43] Metadados e Controle - TAMANHO: G,Story,2026-03-10T18:59:48.509-0300,2026-04-02T15:57:54.986-0300,To Do,IN DEVELOPMENT,jefferson.souza4,SQUAD_6,2026-04-16,2026-04-30,2026-04-30T18:00:00.000-0300
BF3E4-2527,[COMERCIAL - 43] Metadados e Controle - TAMANHO: G,Story,2026-03-10T18:59:48.509-0300,2026-04-02T15:57:50.418-0300,Refined,To Do,jefferson.souza4,SQUAD_6,2026-04-16,2026-04-30,2026-04-30T18:00:00.000-0300
BF3E4-2506,[COMERCIAL - 42] CSI Pós-Vendas - DataMart - TAMANHO: G,Story,2026-03-10T18:59:19.072-0300,2026-04-29T18:04:51.549-0300,Test,Done,lucilene.bruneli,SQUAD_6,2026-04-15,2026-04-29,2026-04-30T23:00:00.000-0300
BF3E4-2506,[COMERCIAL - 42] CSI Pós-Vendas - DataMart - TAMANHO: G,Story,2026-03-10T18:59:19.072-0300,2026-04-29T08:47:42.168-0300,Waiting Test,Test,lucilene.bruneli,SQUAD_6,2026-04-15,2026-04-29,2026-04-30T23:00:00.000-0300
BF3E4-2506,[COMERCIAL - 42] CSI Pós-Vendas - DataMart - TAMANHO: G,Story,2026-03-10T18:59:19.072-0300,2026-04-28T16:53:03.826-0300,IN DEVELOPMENT,Waiting Test,marina.bueno,SQUAD_6,2026-04-15,2026-04-29,2026-04-30T23:00:00.000-0300
BF3E4-2506,[COMERCIAL - 42] CSI Pós-Vendas - DataMart - TAMANHO: G,Story,2026-03-10T18:59:19.072-0300,2026-04-15T14:11:32.425-0300,To Do,IN DEVELOPMENT,marina.bueno,SQUAD_6,2026-04-15,2026-04-29,2026-04-30T23:00:00.000-0300
BF3E4-2506,[COMERCIAL - 42] CSI Pós-Vendas - DataMart - TAMANHO: G,Story,2026-03-10T18:59:19.072-0300,2026-04-15T14:11:28.881-0300,Refined,To Do,marina.bueno,SQUAD_6,2026-04-15,2026-04-29,2026-04-30T23:00:00.000-0300
BF3E4-2506,[COMERCIAL - 42] CSI Pós-Vendas - DataMart - TAMANHO: G,Story,2026-03-10T18:59:19.072-0300,2026-04-15T14:11:09.770-0300,IN REFINEMENT,Refined,marina.bueno,SQUAD_6,2026-04-15,2026-04-29,2026-04-30T23:00:00.000-0300
BF3E4-2506,[COMERCIAL - 42] CSI Pós-Vendas - DataMart - TAMANHO: G,Story,2026-03-10T18:59:19.072-0300,2026-04-15T11:57:34.234-0300,WAITING REFINEMENT,IN REFINEMENT,marina.bueno,SQUAD_6,2026-04-15,2026-04-29,2026-04-30T23:00:00.000-0300
BF3E4-2506,[COMERCIAL - 42] CSI Pós-Vendas - DataMart - TAMANHO: G,Story,2026-03-10T18:59:19.072-0300,2026-04-15T11:57:31.450-0300,Open,WAITING REFINEMENT,marina.bueno,SQUAD_6,2026-04-15,2026-04-29,2026-04-30T23:00:00.000-0300
BF3E4-2493,[COMERCIAL - 41] CSI Pós-Vendas - Staging Base - TAMANHO: G,Story,2026-03-10T18:58:56.946-0300,2026-04-29T08:47:21.760-0300,Test,Done,lucilene.bruneli,SQUAD_6,2026-04-15,2026-04-29,
BF3E4-2493,[COMERCIAL - 41] CSI Pós-Vendas - Staging Base - TAMANHO: G,Story,2026-03-10T18:58:56.946-0300,2026-04-24T17:54:42.304-0300,Waiting Test,Test,lucilene.bruneli,SQUAD_6,2026-04-15,2026-04-29,
BF3E4-2493,[COMERCIAL - 41] CSI Pós-Vendas - Staging Base - TAMANHO: G,Story,2026-03-10T18:58:56.946-0300,2026-04-24T12:10:41.265-0300,In Code Review,Waiting Test,marina.bueno,SQUAD_6,2026-04-15,2026-04-29,
BF3E4-2493,[COMERCIAL - 41] CSI Pós-Vendas - Staging Base - TAMANHO: G,Story,2026-03-10T18:58:56.946-0300,2026-04-24T12:10:31.698-0300,WAITING CODE REVIEW,In Code Review,marina.bueno,SQUAD_6,2026-04-15,2026-04-29,
BF3E4-2493,[COMERCIAL - 41] CSI Pós-Vendas - Staging Base - TAMANHO: G,Story,2026-03-10T18:58:56.946-0300,2026-04-24T12:10:27.712-0300,IN DEVELOPMENT,WAITING CODE REVIEW,marina.bueno,SQUAD_6,2026-04-15,2026-04-29,
BF3E4-2493,[COMERCIAL - 41] CSI Pós-Vendas - Staging Base - TAMANHO: G,Story,2026-03-10T18:58:56.946-0300,2026-04-01T09:43:24.586-0300,To Do,IN DEVELOPMENT,marina.bueno,SQUAD_6,2026-04-15,2026-04-29,
BF3E4-2493,[COMERCIAL - 41] CSI Pós-Vendas - Staging Base - TAMANHO: G,Story,2026-03-10T18:58:56.946-0300,2026-03-31T09:54:50.020-0300,Refined,To Do,marina.bueno,SQUAD_6,2026-04-15,2026-04-29,
BF3E4-2493,[COMERCIAL - 41] CSI Pós-Vendas - Staging Base - TAMANHO: G,Story,2026-03-10T18:58:56.946-0300,2026-03-30T14:33:01.500-0300,IN REFINEMENT,Refined,marina.bueno,SQUAD_6,2026-04-15,2026-04-29,
BF3E4-2493,[COMERCIAL - 41] CSI Pós-Vendas - Staging Base - TAMANHO: G,Story,2026-03-10T18:58:56.946-0300,2026-03-30T14:32:59.013-0300,WAITING REFINEMENT,IN REFINEMENT,marina.bueno,SQUAD_6,2026-04-15,2026-04-29,
BF3E4-2493,[COMERCIAL - 41] CSI Pós-Vendas - Staging Base - TAMANHO: G,Story,2026-03-10T18:58:56.946-0300,2026-03-30T14:32:55.292-0300,Open,WAITING REFINEMENT,marina.bueno,SQUAD_6,2026-04-15,2026-04-29,
BF3E4-2472,[COMERCIAL - 40] CSI Vendas - DataMart - TAMANHO: G,Story,2026-03-10T18:58:27.581-0300,2026-04-30T17:57:02.460-0300,Waiting Test,Test,lucilene.bruneli,SQUAD_6,2026-04-15,2026-04-29,2026-04-30T18:30:00.000-0300
BF3E4-2472,[COMERCIAL - 40] CSI Vendas - DataMart - TAMANHO: G,Story,2026-03-10T18:58:27.581-0300,2026-04-30T15:54:19.974-0300,IN DEVELOPMENT,Waiting Test,marina.bueno,SQUAD_6,2026-04-15,2026-04-29,2026-04-30T18:30:00.000-0300
BF3E4-2459,[COMERCIAL - 39] CSI Vendas - Staging Base - TAMANHO: G,Story,2026-03-10T18:58:07.049-0300,2026-04-28T14:34:43.272-0300,Test,Done,elenice.damitz,SQUAD_6,2026-04-15,2026-04-29,
BF3E4-2459,[COMERCIAL - 39] CSI Vendas - Staging Base - TAMANHO: G,Story,2026-03-10T18:58:07.049-0300,2026-04-24T12:09:05.676-0300,Waiting Test,Test,marina.bueno,SQUAD_6,2026-04-15,2026-04-29,
BF3E4-2459,[COMERCIAL - 39] CSI Vendas - Staging Base - TAMANHO: G,Story,2026-03-10T18:58:07.049-0300,2026-04-24T12:09:03.219-0300,In Code Review,Waiting Test,marina.bueno,SQUAD_6,2026-04-15,2026-04-29,
BF3E4-2459,[COMERCIAL - 39] CSI Vendas - Staging Base - TAMANHO: G,Story,2026-03-10T18:58:07.049-0300,2026-04-24T12:09:00.745-0300,WAITING CODE REVIEW,In Code Review,marina.bueno,SQUAD_6,2026-04-15,2026-04-29,
BF3E4-2459,[COMERCIAL - 39] CSI Vendas - Staging Base - TAMANHO: G,Story,2026-03-10T18:58:07.049-0300,2026-04-24T12:08:58.092-0300,IN DEVELOPMENT,WAITING CODE REVIEW,marina.bueno,SQUAD_6,2026-04-15,2026-04-29,
BF3E4-2459,[COMERCIAL - 39] CSI Vendas - Staging Base - TAMANHO: G,Story,2026-03-10T18:58:07.049-0300,2026-03-31T10:01:04.671-0300,To Do,IN DEVELOPMENT,marina.bueno,SQUAD_6,2026-04-15,2026-04-29,
BF3E4-2459,[COMERCIAL - 39] CSI Vendas - Staging Base - TAMANHO: G,Story,2026-03-10T18:58:07.049-0300,2026-03-31T09:54:44.694-0300,Refined,To Do,marina.bueno,SQUAD_6,2026-04-15,2026-04-29,
BF3E4-2459,[COMERCIAL - 39] CSI Vendas - Staging Base - TAMANHO: G,Story,2026-03-10T18:58:07.049-0300,2026-03-30T14:06:01.572-0300,IN REFINEMENT,Refined,marina.bueno,SQUAD_6,2026-04-15,2026-04-29,
BF3E4-2459,[COMERCIAL - 39] CSI Vendas - Staging Base - TAMANHO: G,Story,2026-03-10T18:58:07.049-0300,2026-03-30T14:05:58.997-0300,WAITING REFINEMENT,IN REFINEMENT,marina.bueno,SQUAD_6,2026-04-15,2026-04-29,
BF3E4-2459,[COMERCIAL - 39] CSI Vendas - Staging Base - TAMANHO: G,Story,2026-03-10T18:58:07.049-0300,2026-03-30T14:05:51.872-0300,Open,WAITING REFINEMENT,marina.bueno,SQUAD_6,2026-04-15,2026-04-29,
BF3E4-2449,[COMERCIAL - 38] Concessionárias e Segmentos - TAMANHO: M,Story,2026-03-10T18:57:51.740-0300,2026-04-27T15:48:27.424-0300,Test,Done,elenice.damitz,SQUAD_6,2026-04-15,2026-04-22,
BF3E4-2449,[COMERCIAL - 38] Concessionárias e Segmentos - TAMANHO: M,Story,2026-03-10T18:57:51.740-0300,2026-04-24T12:08:11.959-0300,Waiting Test,Test,marina.bueno,SQUAD_6,2026-04-15,2026-04-22,
BF3E4-2449,[COMERCIAL - 38] Concessionárias e Segmentos - TAMANHO: M,Story,2026-03-10T18:57:51.740-0300,2026-04-24T12:08:08.250-0300,In Code Review,Waiting Test,marina.bueno,SQUAD_6,2026-04-15,2026-04-22,
BF3E4-2449,[COMERCIAL - 38] Concessionárias e Segmentos - TAMANHO: M,Story,2026-03-10T18:57:51.740-0300,2026-04-24T12:08:05.545-0300,WAITING CODE REVIEW,In Code Review,marina.bueno,SQUAD_6,2026-04-15,2026-04-22,
BF3E4-2449,[COMERCIAL - 38] Concessionárias e Segmentos - TAMANHO: M,Story,2026-03-10T18:57:51.740-0300,2026-04-24T12:08:02.806-0300,IN DEVELOPMENT,WAITING CODE REVIEW,marina.bueno,SQUAD_6,2026-04-15,2026-04-22,
BF3E4-2449,[COMERCIAL - 38] Concessionárias e Segmentos - TAMANHO: M,Story,2026-03-10T18:57:51.740-0300,2026-03-31T10:00:07.041-0300,To Do,IN DEVELOPMENT,marina.bueno,SQUAD_6,2026-04-15,2026-04-22,
BF3E4-2449,[COMERCIAL - 38] Concessionárias e Segmentos - TAMANHO: M,Story,2026-03-10T18:57:51.740-0300,2026-03-31T09:54:26.956-0300,Refined,To Do,marina.bueno,SQUAD_6,2026-04-15,2026-04-22,
BF3E4-2449,[COMERCIAL - 38] Concessionárias e Segmentos - TAMANHO: M,Story,2026-03-10T18:57:51.740-0300,2026-03-30T14:03:39.803-0300,IN REFINEMENT,Refined,marina.bueno,SQUAD_6,2026-04-15,2026-04-22,
BF3E4-2449,[COMERCIAL - 38] Concessionárias e Segmentos - TAMANHO: M,Story,2026-03-10T18:57:51.740-0300,2026-03-30T14:03:08.672-0300,WAITING REFINEMENT,IN REFINEMENT,marina.bueno,SQUAD_6,2026-04-15,2026-04-22,
BF3E4-2449,[COMERCIAL - 38] Concessionárias e Segmentos - TAMANHO: M,Story,2026-03-10T18:57:51.740-0300,2026-03-30T14:03:05.293-0300,Open,WAITING REFINEMENT,marina.bueno,SQUAD_6,2026-04-15,2026-04-22,
BF3E4-2436,[COMERCIAL - 37] Dimensões Veiculares - TAMANHO: G,Story,2026-03-10T18:57:33.209-0300,2026-04-24T20:06:30.037-0300,Test,Done,lucilene.bruneli,SQUAD_6,2026-04-15,2026-04-29,
BF3E4-2436,[COMERCIAL - 37] Dimensões Veiculares - TAMANHO: G,Story,2026-03-10T18:57:33.209-0300,2026-04-24T12:07:27.496-0300,Waiting Test,Test,marina.bueno,SQUAD_6,2026-04-15,2026-04-29,
BF3E4-2436,[COMERCIAL - 37] Dimensões Veiculares - TAMANHO: G,Story,2026-03-10T18:57:33.209-0300,2026-04-24T12:07:22.410-0300,In Code Review,Waiting Test,marina.bueno,SQUAD_6,2026-04-15,2026-04-29,
BF3E4-2436,[COMERCIAL - 37] Dimensões Veiculares - TAMANHO: G,Story,2026-03-10T18:57:33.209-0300,2026-04-24T12:07:18.863-0300,WAITING CODE REVIEW,In Code Review,marina.bueno,SQUAD_6,2026-04-15,2026-04-29,
BF3E4-2436,[COMERCIAL - 37] Dimensões Veiculares - TAMANHO: G,Story,2026-03-10T18:57:33.209-0300,2026-04-24T12:07:10.066-0300,IN DEVELOPMENT,WAITING CODE REVIEW,marina.bueno,SQUAD_6,2026-04-15,2026-04-29,
BF3E4-2436,[COMERCIAL - 37] Dimensões Veiculares - TAMANHO: G,Story,2026-03-10T18:57:33.209-0300,2026-03-31T09:25:11.577-0300,To Do,IN DEVELOPMENT,decio.michellis,SQUAD_6,2026-04-15,2026-04-29,
BF3E4-2436,[COMERCIAL - 37] Dimensões Veiculares - TAMANHO: G,Story,2026-03-10T18:57:33.209-0300,2026-03-31T09:25:08.840-0300,Refined,To Do,decio.michellis,SQUAD_6,2026-04-15,2026-04-29,
BF3E4-2436,[COMERCIAL - 37] Dimensões Veiculares - TAMANHO: G,Story,2026-03-10T18:57:33.209-0300,2026-03-30T14:01:54.454-0300,IN REFINEMENT,Refined,marina.bueno,SQUAD_6,2026-04-15,2026-04-29,
BF3E4-2436,[COMERCIAL - 37] Dimensões Veiculares - TAMANHO: G,Story,2026-03-10T18:57:33.209-0300,2026-03-30T14:01:52.193-0300,WAITING REFINEMENT,IN REFINEMENT,marina.bueno,SQUAD_6,2026-04-15,2026-04-29,
BF3E4-2436,[COMERCIAL - 37] Dimensões Veiculares - TAMANHO: G,Story,2026-03-10T18:57:33.209-0300,2026-03-30T14:01:47.995-0300,Open,WAITING REFINEMENT,marina.bueno,SQUAD_6,2026-04-15,2026-04-29,
BF3E4-2427,[COMERCIAL - 36] Dimensões Demográficas - TAMANHO: M,Story,2026-03-10T18:57:19.720-0300,2026-04-24T10:53:41.110-0300,IN DEVELOPMENT,Done,lucas.carvalho4,SQUAD_6,2026-04-14,2026-04-22,
BF3E4-2427,[COMERCIAL - 36] Dimensões Demográficas - TAMANHO: M,Story,2026-03-10T18:57:19.720-0300,2026-03-31T09:57:01.643-0300,To Do,IN DEVELOPMENT,marina.bueno,SQUAD_6,2026-04-14,2026-04-22,
BF3E4-2427,[COMERCIAL - 36] Dimensões Demográficas - TAMANHO: M,Story,2026-03-10T18:57:19.720-0300,2026-03-31T09:54:18.891-0300,Refined,To Do,marina.bueno,SQUAD_6,2026-04-14,2026-04-22,
BF3E4-2427,[COMERCIAL - 36] Dimensões Demográficas - TAMANHO: M,Story,2026-03-10T18:57:19.720-0300,2026-03-30T13:47:13.890-0300,IN REFINEMENT,Refined,marina.bueno,SQUAD_6,2026-04-14,2026-04-22,
BF3E4-2427,[COMERCIAL - 36] Dimensões Demográficas - TAMANHO: M,Story,2026-03-10T18:57:19.720-0300,2026-03-30T13:47:11.167-0300,WAITING REFINEMENT,IN REFINEMENT,marina.bueno,SQUAD_6,2026-04-14,2026-04-22,
BF3E4-2427,[COMERCIAL - 36] Dimensões Demográficas - TAMANHO: M,Story,2026-03-10T18:57:19.720-0300,2026-03-30T13:47:04.292-0300,Open,WAITING REFINEMENT,marina.bueno,SQUAD_6,2026-04-14,2026-04-22,
BF3E4-2420,[COMERCIAL - 35] Dimensões Geográficas - TAMANHO: M,Story,2026-03-10T18:57:07.612-0300,2026-04-24T10:52:38.708-0300,IN DEVELOPMENT,Done,lucas.carvalho4,SQUAD_6,2026-04-13,2026-04-16,
BF3E4-2420,[COMERCIAL - 35] Dimensões Geográficas - TAMANHO: M,Story,2026-03-10T18:57:07.612-0300,2026-03-31T09:55:48.599-0300,To Do,IN DEVELOPMENT,marina.bueno,SQUAD_6,2026-04-13,2026-04-16,
BF3E4-2420,[COMERCIAL - 35] Dimensões Geográficas - TAMANHO: M,Story,2026-03-10T18:57:07.612-0300,2026-03-31T09:54:16.424-0300,Refined,To Do,marina.bueno,SQUAD_6,2026-04-13,2026-04-16,
BF3E4-2420,[COMERCIAL - 35] Dimensões Geográficas - TAMANHO: M,Story,2026-03-10T18:57:07.612-0300,2026-03-30T13:28:02.795-0300,IN REFINEMENT,Refined,marina.bueno,SQUAD_6,2026-04-13,2026-04-16,
BF3E4-2420,[COMERCIAL - 35] Dimensões Geográficas - TAMANHO: M,Story,2026-03-10T18:57:07.612-0300,2026-03-30T13:28:00.366-0300,WAITING REFINEMENT,IN REFINEMENT,marina.bueno,SQUAD_6,2026-04-13,2026-04-16,
BF3E4-2420,[COMERCIAL - 35] Dimensões Geográficas - TAMANHO: M,Story,2026-03-10T18:57:07.612-0300,2026-03-30T13:27:56.309-0300,Open,WAITING REFINEMENT,marina.bueno,SQUAD_6,2026-04-13,2026-04-16,
BF3E4-2398,"[COMERCIAL - 34] Views Analytics - Fechados, Índices e Codificação - TAMANHO: G",Story,2026-03-10T18:56:38.076-0300,2026-04-09T16:42:21.030-0300,Open,Canceled,henrique.damaceno,SQUAD_6,2026-04-13,2026-04-23,
BF3E4-2376,"[COMERCIAL - 33] Views Analytics - IPSOS Entrevistas, Long, Qualidade e Banco Resposta Aberto - TAMANHO: G",Story,2026-03-10T18:56:06.946-0300,2026-04-09T16:39:20.826-0300,Open,Canceled,henrique.damaceno,SQUAD_6,2026-04-13,2026-04-23,
BF3E4-2354,[COMERCIAL - 32] Views Analytics - IPSOS Operacional (Pergunta/Resposta/Verbalização) - TAMANHO: G,Story,2026-03-10T18:55:34.096-0300,2026-04-09T16:35:45.411-0300,Open,Canceled,henrique.damaceno,SQUAD_6,2026-04-13,2026-04-23,
BF3E4-2335,[COMERCIAL - 31] Views Analytics - AURA e Cadastros Proprietário - TAMANHO: G,Story,2026-03-10T18:55:04.223-0300,2026-04-09T16:19:51.296-0300,Open,Canceled,henrique.damaceno,SQUAD_6,2026-04-10,2026-04-20,
BF3E4-2319,[COMERCIAL - 30] Analytics Restricted + Tabelas Abertas Base - TAMANHO: G,Story,2026-03-10T18:54:37.222-0300,2026-04-09T15:32:39.910-0300,Open,Canceled,henrique.damaceno,SQUAD_6,2026-04-10,2026-04-24,
BF3E4-2305,[COMERCIAL - 29] Analytics Restricted - Entrevistas e Banco Resposta - TAMANHO: G,Story,2026-03-10T18:54:14.774-0300,2026-04-09T15:33:02.910-0300,Open,Canceled,henrique.damaceno,SQUAD_6,2026-04-10,2026-04-22,
BF3E4-2289,"[COMERCIAL - 28] DataMart IPSOS - Qualidade Final, Fechamento, Cancelamento e Governança - TAMANHO: G",Story,2026-03-10T18:53:49.802-0300,2026-04-09T15:32:50.333-0300,Open,Canceled,henrique.damaceno,SQUAD_6,2026-04-10,2026-04-22,
BF3E4-2278,[COMERCIAL - 27] DataMart IPSOS - Verbalização e Qualidade Metadados - TAMANHO: M,Story,2026-03-10T18:53:30.978-0300,2026-04-09T15:22:25.703-0300,Open,Canceled,henrique.damaceno,SQUAD_6,2026-04-10,2026-04-17,
BF3E4-2266,[COMERCIAL - 26] DataMart IPSOS - Perguntas e Entrevistas Estruturadas - TAMANHO: G,Story,2026-03-10T18:53:09.923-0300,2026-04-09T18:23:28.084-0300,Open,Canceled,henrique.damaceno,SQUAD_6,2026-04-08,2026-04-17,
BF3E4-2255,"[COMERCIAL - 25] DataMart AURA - Entrevistas, Verbalizações e Cancelamento - TAMANHO: M",Story,2026-03-10T18:52:52.256-0300,2026-04-09T18:20:57.946-0300,Open,Canceled,henrique.damaceno,SQUAD_6,2026-04-07,2026-04-14,
BF3E4-2244,"[COMERCIAL - 24] Ingestão Staging IPSOS - Cancelamento, Fechamento e Metadata - TAMANHO: M",Story,2026-03-10T18:52:34.134-0300,2026-04-09T18:19:49.518-0300,Open,Canceled,henrique.damaceno,SQUAD_6,2026-04-01,2026-04-09,
BF3E4-2230,"[COMERCIAL - 23] Ingestão Staging IPSOS - Entrevistas, Perguntas e Qualidade - TAMANHO: G",Story,2026-03-10T18:52:10.564-0300,2026-04-09T18:18:54.120-0300,Open,Canceled,henrique.damaceno,SQUAD_6,2026-04-01,2026-04-15,
BF3E4-2222,[COMERCIAL - 22] Ingestão Staging AURA - Entrevistas e Cancelamentos - TAMANHO: M,Story,2026-03-10T18:51:57.316-0300,2026-04-09T18:18:17.220-0300,Open,Canceled,henrique.damaceno,SQUAD_6,2026-04-01,2026-04-07,
BF3E4-2203,[COMERCIAL - 21] Pós-Vendas PSA - Entrevistas e Cancelamentos - TAMANHO: G,Story,2026-03-10T18:51:30.100-0300,2026-04-09T18:17:34.437-0300,Open,Canceled,henrique.damaceno,SQUAD_6,2026-04-01,2026-04-16,
BF3E4-2184,[COMERCIAL - 20] Vendas PSA - Entrevistas e Cancelamentos - TAMANHO: G,Story,2026-03-10T18:51:00.593-0300,2026-04-09T18:16:36.532-0300,Open,Canceled,henrique.damaceno,SQUAD_6,2026-04-01,2026-04-16,
BF3E4-2168,[COMERCIAL - 19] Pós-Vendas - Analytics Índices Codificação e 2022 - TAMANHO: G,Story,2026-03-10T18:50:34.788-0300,2026-04-08T14:38:54.110-0300,Open,Canceled,henrique.damaceno,SQUAD_6,2026-04-01,2026-04-14,
BF3E4-2155,[COMERCIAL - 18] Pós-Vendas - Analytics Banco de Respostas e Índices Base - TAMANHO: G,Story,2026-03-10T18:50:15.266-0300,2026-04-08T14:37:35.100-0300,Open,Canceled,henrique.damaceno,SQUAD_6,2026-04-01,2026-04-10,
BF3E4-2143,[COMERCIAL - 17] Pós-Vendas - Analytics Entrevistas e Qualidade - TAMANHO: M,Story,2026-03-10T18:49:57.382-0300,2026-04-09T18:15:46.571-0300,Open,Canceled,henrique.damaceno,SQUAD_6,2026-04-01,2026-04-09,
BF3E4-2130,"[COMERCIAL - 16] Pós-Vendas - Cancelamento, Cotas e Qualidade - TAMANHO: M",Story,2026-03-10T18:49:38.709-0300,2026-04-09T18:14:20.609-0300,Open,Canceled,henrique.damaceno,SQUAD_6,2026-04-01,2026-04-09,
BF3E4-2114,[COMERCIAL - 15] Pós-Vendas - Entrevistas e Questionários - TAMANHO: G,Story,2026-03-10T18:49:11.103-0300,2026-04-09T18:12:56.410-0300,Open,Canceled,henrique.damaceno,SQUAD_6,2026-04-01,2026-04-14,
BF3E4-2101,[COMERCIAL - 14] Pós-Vendas - Cadastros de Perguntas e Metadados - TAMANHO: G,Story,2026-03-10T18:48:51.166-0300,2026-04-09T18:11:02.015-0300,Open,Canceled,henrique.damaceno,SQUAD_6,2026-04-01,2026-04-10,
BF3E4-2086,[COMERCIAL - 13] Vendas - Analytics Índices Codificação e 2022 - TAMANHO: G,Story,2026-03-10T18:48:28.814-0300,2026-04-09T18:10:05.117-0300,IN DEVELOPMENT,Canceled,henrique.damaceno,SQUAD_6,2026-04-01,2026-04-14,
BF3E4-2086,[COMERCIAL - 13] Vendas - Analytics Índices Codificação e 2022 - TAMANHO: G,Story,2026-03-10T18:48:28.814-0300,2026-03-27T09:39:11.094-0300,To Do,IN DEVELOPMENT,marina.bueno,SQUAD_6,2026-04-01,2026-04-14,
BF3E4-2086,[COMERCIAL - 13] Vendas - Analytics Índices Codificação e 2022 - TAMANHO: G,Story,2026-03-10T18:48:28.814-0300,2026-03-25T19:46:47.125-0300,Refined,To Do,marina.bueno,SQUAD_6,2026-04-01,2026-04-14,
BF3E4-2086,[COMERCIAL - 13] Vendas - Analytics Índices Codificação e 2022 - TAMANHO: G,Story,2026-03-10T18:48:28.814-0300,2026-03-25T19:46:43.996-0300,IN REFINEMENT,Refined,marina.bueno,SQUAD_6,2026-04-01,2026-04-14,
BF3E4-2086,[COMERCIAL - 13] Vendas - Analytics Índices Codificação e 2022 - TAMANHO: G,Story,2026-03-10T18:48:28.814-0300,2026-03-25T19:46:40.173-0300,WAITING REFINEMENT,IN REFINEMENT,marina.bueno,SQUAD_6,2026-04-01,2026-04-14,
BF3E4-2086,[COMERCIAL - 13] Vendas - Analytics Índices Codificação e 2022 - TAMANHO: G,Story,2026-03-10T18:48:28.814-0300,2026-03-25T19:46:35.687-0300,Open,WAITING REFINEMENT,marina.bueno,SQUAD_6,2026-04-01,2026-04-14,
BF3E4-2074,[COMERCIAL - 12] Vendas - Analytics Banco de Respostas e Índices Base - TAMANHO: G,Story,2026-03-10T18:48:10.390-0300,2026-04-09T18:09:21.551-0300,IN DEVELOPMENT,Canceled,henrique.damaceno,SQUAD_6,2026-04-01,2026-04-10,
BF3E4-2074,[COMERCIAL - 12] Vendas - Analytics Banco de Respostas e Índices Base - TAMANHO: G,Story,2026-03-10T18:48:10.390-0300,2026-03-27T09:11:09.822-0300,To Do,IN DEVELOPMENT,bruno.sanchez,SQUAD_6,2026-04-01,2026-04-10,
BF3E4-2074,[COMERCIAL - 12] Vendas - Analytics Banco de Respostas e Índices Base - TAMANHO: G,Story,2026-03-10T18:48:10.390-0300,2026-03-25T19:41:52.785-0300,Refined,To Do,marina.bueno,SQUAD_6,2026-04-01,2026-04-10,
BF3E4-2074,[COMERCIAL - 12] Vendas - Analytics Banco de Respostas e Índices Base - TAMANHO: G,Story,2026-03-10T18:48:10.390-0300,2026-03-25T19:41:48.102-0300,IN REFINEMENT,Refined,marina.bueno,SQUAD_6,2026-04-01,2026-04-10,
BF3E4-2074,[COMERCIAL - 12] Vendas - Analytics Banco de Respostas e Índices Base - TAMANHO: G,Story,2026-03-10T18:48:10.390-0300,2026-03-25T19:41:45.125-0300,WAITING REFINEMENT,IN REFINEMENT,marina.bueno,SQUAD_6,2026-04-01,2026-04-10,
BF3E4-2074,[COMERCIAL - 12] Vendas - Analytics Banco de Respostas e Índices Base - TAMANHO: G,Story,2026-03-10T18:48:10.390-0300,2026-03-25T19:41:36.590-0300,Open,WAITING REFINEMENT,marina.bueno,SQUAD_6,2026-04-01,2026-04-10,
BF3E4-2062,[COMERCIAL - 11] Vendas - Analytics Entrevistas e Qualidade - TAMANHO: M,Story,2026-03-10T18:47:52.645-0300,2026-04-09T18:08:34.550-0300,IN DEVELOPMENT,Canceled,henrique.damaceno,SQUAD_6,2026-04-01,2026-04-09,
BF3E4-2062,[COMERCIAL - 11] Vendas - Analytics Entrevistas e Qualidade - TAMANHO: M,Story,2026-03-10T18:47:52.645-0300,2026-03-26T23:19:58.856-0300,To Do,IN DEVELOPMENT,lucivan.batista,SQUAD_6,2026-04-01,2026-04-09,
BF3E4-2062,[COMERCIAL - 11] Vendas - Analytics Entrevistas e Qualidade - TAMANHO: M,Story,2026-03-10T18:47:52.645-0300,2026-03-25T19:38:07.638-0300,Refined,To Do,marina.bueno,SQUAD_6,2026-04-01,2026-04-09,
BF3E4-2062,[COMERCIAL - 11] Vendas - Analytics Entrevistas e Qualidade - TAMANHO: M,Story,2026-03-10T18:47:52.645-0300,2026-03-25T19:37:54.939-0300,IN REFINEMENT,Refined,marina.bueno,SQUAD_6,2026-04-01,2026-04-09,
BF3E4-2062,[COMERCIAL - 11] Vendas - Analytics Entrevistas e Qualidade - TAMANHO: M,Story,2026-03-10T18:47:52.645-0300,2026-03-25T19:35:35.347-0300,WAITING REFINEMENT,IN REFINEMENT,marina.bueno,SQUAD_6,2026-04-01,2026-04-09,
BF3E4-2062,[COMERCIAL - 11] Vendas - Analytics Entrevistas e Qualidade - TAMANHO: M,Story,2026-03-10T18:47:52.645-0300,2026-03-25T19:30:56.746-0300,Open,WAITING REFINEMENT,marina.bueno,SQUAD_6,2026-04-01,2026-04-09,
BF3E4-2048,"[COMERCIAL - 10] Vendas - Cancelamento, Cotas e Qualidade - TAMANHO: G",Story,2026-03-10T18:47:28.448-0300,2026-04-09T18:07:01.815-0300,IN DEVELOPMENT,Canceled,henrique.damaceno,SQUAD_6,2026-04-01,2026-04-13,
BF3E4-2048,"[COMERCIAL - 10] Vendas - Cancelamento, Cotas e Qualidade - TAMANHO: G",Story,2026-03-10T18:47:28.448-0300,2026-03-26T12:35:01.487-0300,To Do,IN DEVELOPMENT,miguel.machado2,SQUAD_6,2026-04-01,2026-04-13,
BF3E4-2048,"[COMERCIAL - 10] Vendas - Cancelamento, Cotas e Qualidade - TAMANHO: G",Story,2026-03-10T18:47:28.448-0300,2026-03-25T19:38:04.512-0300,Refined,To Do,marina.bueno,SQUAD_6,2026-04-01,2026-04-13,
BF3E4-2048,"[COMERCIAL - 10] Vendas - Cancelamento, Cotas e Qualidade - TAMANHO: G",Story,2026-03-10T18:47:28.448-0300,2026-03-25T19:23:41.368-0300,IN REFINEMENT,Refined,marina.bueno,SQUAD_6,2026-04-01,2026-04-13,
BF3E4-2048,"[COMERCIAL - 10] Vendas - Cancelamento, Cotas e Qualidade - TAMANHO: G",Story,2026-03-10T18:47:28.448-0300,2026-03-25T19:23:34.508-0300,WAITING REFINEMENT,IN REFINEMENT,marina.bueno,SQUAD_6,2026-04-01,2026-04-13,
BF3E4-2048,"[COMERCIAL - 10] Vendas - Cancelamento, Cotas e Qualidade - TAMANHO: G",Story,2026-03-10T18:47:28.448-0300,2026-03-25T19:23:30.267-0300,Open,WAITING REFINEMENT,marina.bueno,SQUAD_6,2026-04-01,2026-04-13,
BF3E4-2032,[COMERCIAL - 9] Vendas - Entrevistas e Questionários - TAMANHO: G,Story,2026-03-10T18:47:03.734-0300,2026-04-09T18:06:01.464-0300,IN DEVELOPMENT,Canceled,henrique.damaceno,SQUAD_6,2026-04-01,2026-04-14,
BF3E4-2032,[COMERCIAL - 9] Vendas - Entrevistas e Questionários - TAMANHO: G,Story,2026-03-10T18:47:03.734-0300,2026-03-26T10:09:42.299-0300,To Do,IN DEVELOPMENT,marina.bueno,SQUAD_6,2026-04-01,2026-04-14,
BF3E4-2032,[COMERCIAL - 9] Vendas - Entrevistas e Questionários - TAMANHO: G,Story,2026-03-10T18:47:03.734-0300,2026-03-25T19:38:00.627-0300,Refined,To Do,marina.bueno,SQUAD_6,2026-04-01,2026-04-14,
BF3E4-2032,[COMERCIAL - 9] Vendas - Entrevistas e Questionários - TAMANHO: G,Story,2026-03-10T18:47:03.734-0300,2026-03-25T19:21:43.068-0300,IN REFINEMENT,Refined,marina.bueno,SQUAD_6,2026-04-01,2026-04-14,
BF3E4-2032,[COMERCIAL - 9] Vendas - Entrevistas e Questionários - TAMANHO: G,Story,2026-03-10T18:47:03.734-0300,2026-03-25T19:21:24.760-0300,WAITING REFINEMENT,IN REFINEMENT,marina.bueno,SQUAD_6,2026-04-01,2026-04-14,
BF3E4-2032,[COMERCIAL - 9] Vendas - Entrevistas e Questionários - TAMANHO: G,Story,2026-03-10T18:47:03.734-0300,2026-03-25T19:21:18.941-0300,Open,WAITING REFINEMENT,marina.bueno,SQUAD_6,2026-04-01,2026-04-14,
BF3E4-2019,[COMERCIAL - 8] Vendas - Cadastros de Perguntas e Metadados - TAMANHO: G,Story,2026-03-10T18:46:42.885-0300,2026-04-09T18:04:29.016-0300,IN DEVELOPMENT,Canceled,henrique.damaceno,SQUAD_6,2026-04-01,2026-04-10,
BF3E4-2019,[COMERCIAL - 8] Vendas - Cadastros de Perguntas e Metadados - TAMANHO: G,Story,2026-03-10T18:46:42.885-0300,2026-03-26T10:09:39.771-0300,To Do,IN DEVELOPMENT,marina.bueno,SQUAD_6,2026-04-01,2026-04-10,
BF3E4-2019,[COMERCIAL - 8] Vendas - Cadastros de Perguntas e Metadados - TAMANHO: G,Story,2026-03-10T18:46:42.885-0300,2026-03-25T10:24:23.989-0300,Refined,To Do,marina.bueno,SQUAD_6,2026-04-01,2026-04-10,
BF3E4-2019,[COMERCIAL - 8] Vendas - Cadastros de Perguntas e Metadados - TAMANHO: G,Story,2026-03-10T18:46:42.885-0300,2026-03-25T10:18:29.834-0300,IN REFINEMENT,Refined,marina.bueno,SQUAD_6,2026-04-01,2026-04-10,
BF3E4-2019,[COMERCIAL - 8] Vendas - Cadastros de Perguntas e Metadados - TAMANHO: G,Story,2026-03-10T18:46:42.885-0300,2026-03-25T10:18:24.432-0300,WAITING REFINEMENT,IN REFINEMENT,marina.bueno,SQUAD_6,2026-04-01,2026-04-10,
BF3E4-2019,[COMERCIAL - 8] Vendas - Cadastros de Perguntas e Metadados - TAMANHO: G,Story,2026-03-10T18:46:42.885-0300,2026-03-25T10:17:52.475-0300,Open,WAITING REFINEMENT,marina.bueno,SQUAD_6,2026-04-01,2026-04-10,
BF3E4-2004,[COMERCIAL - 7] Cadastros Básicos e Metadados - TAMANHO: G,Story,2026-03-10T18:46:17.321-0300,2026-04-09T18:03:43.927-0300,IN DEVELOPMENT,Canceled,henrique.damaceno,SQUAD_6,2026-04-01,2026-04-14,
BF3E4-2004,[COMERCIAL - 7] Cadastros Básicos e Metadados - TAMANHO: G,Story,2026-03-10T18:46:17.321-0300,2026-03-25T19:43:59.473-0300,To Do,IN DEVELOPMENT,marina.bueno,SQUAD_6,2026-04-01,2026-04-14,
BF3E4-2004,[COMERCIAL - 7] Cadastros Básicos e Metadados - TAMANHO: G,Story,2026-03-10T18:46:17.321-0300,2026-03-25T19:43:56.053-0300,Refined,To Do,marina.bueno,SQUAD_6,2026-04-01,2026-04-14,
BF3E4-2004,[COMERCIAL - 7] Cadastros Básicos e Metadados - TAMANHO: G,Story,2026-03-10T18:46:17.321-0300,2026-03-25T19:43:52.500-0300,IN REFINEMENT,Refined,marina.bueno,SQUAD_6,2026-04-01,2026-04-14,
BF3E4-2004,[COMERCIAL - 7] Cadastros Básicos e Metadados - TAMANHO: G,Story,2026-03-10T18:46:17.321-0300,2026-03-25T19:43:48.215-0300,WAITING REFINEMENT,IN REFINEMENT,marina.bueno,SQUAD_6,2026-04-01,2026-04-14,
BF3E4-2004,[COMERCIAL - 7] Cadastros Básicos e Metadados - TAMANHO: G,Story,2026-03-10T18:46:17.321-0300,2026-03-25T19:43:44.035-0300,Open,WAITING REFINEMENT,marina.bueno,SQUAD_6,2026-04-01,2026-04-14,
BF3E4-2004,[COMERCIAL - 7] Cadastros Básicos e Metadados - TAMANHO: G,Story,2026-03-10T18:46:17.321-0300,2026-03-25T19:43:39.341-0300,WAITING REFINEMENT,Open,marina.bueno,SQUAD_6,2026-04-01,2026-04-14,
BF3E4-2004,[COMERCIAL - 7] Cadastros Básicos e Metadados - TAMANHO: G,Story,2026-03-10T18:46:17.321-0300,2026-03-25T19:43:35.165-0300,Open,WAITING REFINEMENT,marina.bueno,SQUAD_6,2026-04-01,2026-04-14,
BF3E4-1994,[COMERCIAL - 6] Rankings e Históricos - TAMANHO: M,Story,2026-03-10T18:46:00.524-0300,2026-03-30T15:50:55.025-0300,Open,Canceled,jose.draszewski,SQUAD_6,2026-04-01,2026-04-09,
BF3E4-1994,[COMERCIAL - 6] Rankings e Históricos - TAMANHO: M,Story,2026-03-10T18:46:00.524-0300,2026-03-26T14:49:56.417-0300,Canceled,Open,marina.bueno,SQUAD_6,2026-04-01,2026-04-09,
BF3E4-1994,[COMERCIAL - 6] Rankings e Históricos - TAMANHO: M,Story,2026-03-10T18:46:00.524-0300,2026-03-25T17:56:39.833-0300,Open,Canceled,marina.bueno,SQUAD_6,2026-04-01,2026-04-09,
BF3E4-1986,[COMERCIAL - 5] Analytics e Consolidação - TAMANHO: M,Story,2026-03-10T18:45:46.721-0300,2026-03-30T15:50:50.493-0300,Open,Canceled,jose.draszewski,SQUAD_6,2026-03-31,2026-04-06,
BF3E4-1986,[COMERCIAL - 5] Analytics e Consolidação - TAMANHO: M,Story,2026-03-10T18:45:46.721-0300,2026-03-26T14:49:52.392-0300,Canceled,Open,marina.bueno,SQUAD_6,2026-03-31,2026-04-06,
BF3E4-1986,[COMERCIAL - 5] Analytics e Consolidação - TAMANHO: M,Story,2026-03-10T18:45:46.721-0300,2026-03-25T17:55:48.640-0300,Open,Canceled,marina.bueno,SQUAD_6,2026-03-31,2026-04-06,
BF3E4-1979,"[COMERCIAL - 4] Processamento ML Parte 2 (Entity, Ranking) - TAMANHO: M",Story,2026-03-10T18:45:34.938-0300,2026-03-30T15:50:45.371-0300,Open,Canceled,jose.draszewski,SQUAD_6,2026-03-26,2026-03-31,
BF3E4-1979,"[COMERCIAL - 4] Processamento ML Parte 2 (Entity, Ranking) - TAMANHO: M",Story,2026-03-10T18:45:34.938-0300,2026-03-26T14:49:49.249-0300,Canceled,Open,marina.bueno,SQUAD_6,2026-03-26,2026-03-31,
BF3E4-1979,"[COMERCIAL - 4] Processamento ML Parte 2 (Entity, Ranking) - TAMANHO: M",Story,2026-03-10T18:45:34.938-0300,2026-03-25T17:53:22.922-0300,Open,Canceled,marina.bueno,SQUAD_6,2026-03-26,2026-03-31,
BF3E4-1971,"[COMERCIAL - 3] Processamento ML Parte 1 (Topics, Summary, Translation) - TAMANHO: M",Story,2026-03-10T18:45:21.346-0300,2026-03-30T15:50:41.315-0300,Open,Canceled,jose.draszewski,SQUAD_6,2026-03-24,2026-03-30,
BF3E4-1971,"[COMERCIAL - 3] Processamento ML Parte 1 (Topics, Summary, Translation) - TAMANHO: M",Story,2026-03-10T18:45:21.346-0300,2026-03-26T14:49:43.984-0300,Canceled,Open,marina.bueno,SQUAD_6,2026-03-24,2026-03-30,
BF3E4-1971,"[COMERCIAL - 3] Processamento ML Parte 1 (Topics, Summary, Translation) - TAMANHO: M",Story,2026-03-10T18:45:21.346-0300,2026-03-25T17:51:53.495-0300,Open,Canceled,marina.bueno,SQUAD_6,2026-03-24,2026-03-30,
BF3E4-1964,[COMERCIAL - 2] Ingestão Base e Auxiliares - TAMANHO: P,Story,2026-03-10T18:45:08.326-0300,2026-03-30T15:50:36.615-0300,Open,Canceled,jose.draszewski,SQUAD_6,2026-03-23,2026-03-25,
BF3E4-1964,[COMERCIAL - 2] Ingestão Base e Auxiliares - TAMANHO: P,Story,2026-03-10T18:45:08.326-0300,2026-03-26T14:49:40.913-0300,Canceled,Open,marina.bueno,SQUAD_6,2026-03-23,2026-03-25,
BF3E4-1964,[COMERCIAL - 2] Ingestão Base e Auxiliares - TAMANHO: P,Story,2026-03-10T18:45:08.326-0300,2026-03-25T17:21:34.759-0300,To Do,Canceled,marina.bueno,SQUAD_6,2026-03-23,2026-03-25,
BF3E4-1964,[COMERCIAL - 2] Ingestão Base e Auxiliares - TAMANHO: P,Story,2026-03-10T18:45:08.326-0300,2026-03-24T08:31:47.021-0300,Refined,To Do,marina.bueno,SQUAD_6,2026-03-23,2026-03-25,
BF3E4-1964,[COMERCIAL - 2] Ingestão Base e Auxiliares - TAMANHO: P,Story,2026-03-10T18:45:08.326-0300,2026-03-20T18:58:29.988-0300,IN REFINEMENT,Refined,marina.bueno,SQUAD_6,2026-03-23,2026-03-25,
BF3E4-1964,[COMERCIAL - 2] Ingestão Base e Auxiliares - TAMANHO: P,Story,2026-03-10T18:45:08.326-0300,2026-03-20T18:58:27.733-0300,WAITING REFINEMENT,IN REFINEMENT,marina.bueno,SQUAD_6,2026-03-23,2026-03-25,
BF3E4-1964,[COMERCIAL - 2] Ingestão Base e Auxiliares - TAMANHO: P,Story,2026-03-10T18:45:08.326-0300,2026-03-20T18:58:24.004-0300,Open,WAITING REFINEMENT,marina.bueno,SQUAD_6,2026-03-23,2026-03-25,
BF3E4-1916,[COMERCIAL - 1] Entidade: Aprovação Comercial - TAMANHO: P,Story,2026-03-10T18:12:51.569-0300,2026-04-15T12:00:46.318-0300,Test,Done,lucas.carvalho4,SQUAD_6,2026-03-23,2026-03-23,
BF3E4-1916,[COMERCIAL - 1] Entidade: Aprovação Comercial - TAMANHO: P,Story,2026-03-10T18:12:51.569-0300,2026-04-15T11:59:07.382-0300,Waiting Test,Test,olivia.diniz,SQUAD_6,2026-03-23,2026-03-23,
BF3E4-1916,[COMERCIAL - 1] Entidade: Aprovação Comercial - TAMANHO: P,Story,2026-03-10T18:12:51.569-0300,2026-04-15T11:59:03.226-0300,In Code Review,Waiting Test,olivia.diniz,SQUAD_6,2026-03-23,2026-03-23,
BF3E4-1916,[COMERCIAL - 1] Entidade: Aprovação Comercial - TAMANHO: P,Story,2026-03-10T18:12:51.569-0300,2026-04-15T11:58:59.412-0300,WAITING CODE REVIEW,In Code Review,olivia.diniz,SQUAD_6,2026-03-23,2026-03-23,
BF3E4-1916,[COMERCIAL - 1] Entidade: Aprovação Comercial - TAMANHO: P,Story,2026-03-10T18:12:51.569-0300,2026-04-15T11:58:55.842-0300,IN DEVELOPMENT,WAITING CODE REVIEW,olivia.diniz,SQUAD_6,2026-03-23,2026-03-23,
BF3E4-1916,[COMERCIAL - 1] Entidade: Aprovação Comercial - TAMANHO: P,Story,2026-03-10T18:12:51.569-0300,2026-03-23T10:47:46.214-0300,To Do,IN DEVELOPMENT,marina.bueno,SQUAD_6,2026-03-23,2026-03-23,
BF3E4-1916,[COMERCIAL - 1] Entidade: Aprovação Comercial - TAMANHO: P,Story,2026-03-10T18:12:51.569-0300,2026-03-23T10:47:37.060-0300,Refined,To Do,marina.bueno,SQUAD_6,2026-03-23,2026-03-23,
BF3E4-1916,[COMERCIAL - 1] Entidade: Aprovação Comercial - TAMANHO: P,Story,2026-03-10T18:12:51.569-0300,2026-03-20T17:15:07.291-0300,IN REFINEMENT,Refined,marina.bueno,SQUAD_6,2026-03-23,2026-03-23,
BF3E4-1916,[COMERCIAL - 1] Entidade: Aprovação Comercial - TAMANHO: P,Story,2026-03-10T18:12:51.569-0300,2026-03-20T17:15:03.737-0300,WAITING REFINEMENT,IN REFINEMENT,marina.bueno,SQUAD_6,2026-03-23,2026-03-23,
BF3E4-1916,[COMERCIAL - 1] Entidade: Aprovação Comercial - TAMANHO: P,Story,2026-03-10T18:12:51.569-0300,2026-03-20T17:14:57.632-0300,Open,WAITING REFINEMENT,marina.bueno,SQUAD_6,2026-03-23,2026-03-23,
BF3E4-263,[COMPRAS - 13] Entidade: Integração Power BI (Material Indireto) - TAMANHO: G,Story,2026-02-25T12:02:21.793-0300,2026-04-17T17:35:31.515-0300,Test,Done,samyra.almeida,SQUAD_1,2026-04-07,2026-04-16,
BF3E4-263,[COMPRAS - 13] Entidade: Integração Power BI (Material Indireto) - TAMANHO: G,Story,2026-02-25T12:02:21.793-0300,2026-04-17T16:56:30.982-0300,Waiting Test,Test,artur.mariano,SQUAD_1,2026-04-07,2026-04-16,
BF3E4-263,[COMPRAS - 13] Entidade: Integração Power BI (Material Indireto) - TAMANHO: G,Story,2026-02-25T12:02:21.793-0300,2026-04-17T16:56:28.495-0300,In Code Review,Waiting Test,artur.mariano,SQUAD_1,2026-04-07,2026-04-16,
BF3E4-263,[COMPRAS - 13] Entidade: Integração Power BI (Material Indireto) - TAMANHO: G,Story,2026-02-25T12:02:21.793-0300,2026-04-17T16:56:26.447-0300,WAITING CODE REVIEW,In Code Review,artur.mariano,SQUAD_1,2026-04-07,2026-04-16,
BF3E4-263,[COMPRAS - 13] Entidade: Integração Power BI (Material Indireto) - TAMANHO: G,Story,2026-02-25T12:02:21.793-0300,2026-04-17T16:56:23.559-0300,IN DEVELOPMENT,WAITING CODE REVIEW,artur.mariano,SQUAD_1,2026-04-07,2026-04-16,
BF3E4-263,[COMPRAS - 13] Entidade: Integração Power BI (Material Indireto) - TAMANHO: G,Story,2026-02-25T12:02:21.793-0300,2026-04-08T15:53:27.071-0300,To Do,IN DEVELOPMENT,artur.mariano,SQUAD_1,2026-04-07,2026-04-16,
BF3E4-263,[COMPRAS - 13] Entidade: Integração Power BI (Material Indireto) - TAMANHO: G,Story,2026-02-25T12:02:21.793-0300,2026-04-08T15:53:24.328-0300,Refined,To Do,artur.mariano,SQUAD_1,2026-04-07,2026-04-16,
BF3E4-263,[COMPRAS - 13] Entidade: Integração Power BI (Material Indireto) - TAMANHO: G,Story,2026-02-25T12:02:21.793-0300,2026-03-17T09:18:33.524-0300,IN REFINEMENT,Refined,marina.bueno,SQUAD_1,2026-04-07,2026-04-16,
BF3E4-263,[COMPRAS - 13] Entidade: Integração Power BI (Material Indireto) - TAMANHO: G,Story,2026-02-25T12:02:21.793-0300,2026-03-17T09:15:37.000-0300,WAITING REFINEMENT,IN REFINEMENT,marina.bueno,SQUAD_1,2026-04-07,2026-04-16,
BF3E4-263,[COMPRAS - 13] Entidade: Integração Power BI (Material Indireto) - TAMANHO: G,Story,2026-02-25T12:02:21.793-0300,2026-02-26T17:56:12.075-0300,Open,WAITING REFINEMENT,maite.willig,SQUAD_1,2026-04-07,2026-04-16,
BF3E4-256,[COMPRAS - 12] Entidade: Integração TM1 (IBM Planning Analytics) - TAMANHO: P,Story,2026-02-25T12:02:04.850-0300,2026-04-02T14:41:56.927-0300,Refined,Canceled,henrique.damaceno,SQUAD_1,2026-04-02,2026-04-06,
BF3E4-256,[COMPRAS - 12] Entidade: Integração TM1 (IBM Planning Analytics) - TAMANHO: P,Story,2026-02-25T12:02:04.850-0300,2026-03-17T09:18:35.899-0300,IN REFINEMENT,Refined,marina.bueno,SQUAD_1,2026-04-02,2026-04-06,
BF3E4-256,[COMPRAS - 12] Entidade: Integração TM1 (IBM Planning Analytics) - TAMANHO: P,Story,2026-02-25T12:02:04.850-0300,2026-03-17T09:15:34.433-0300,WAITING REFINEMENT,IN REFINEMENT,marina.bueno,SQUAD_1,2026-04-02,2026-04-06,
BF3E4-256,[COMPRAS - 12] Entidade: Integração TM1 (IBM Planning Analytics) - TAMANHO: P,Story,2026-02-25T12:02:04.850-0300,2026-02-26T17:56:09.488-0300,Open,WAITING REFINEMENT,maite.willig,SQUAD_1,2026-04-02,2026-04-06,
BF3E4-245,[COMPRAS - 11] Entidade: Flow Causais (MySQL) - TAMANHO: M,Story,2026-02-25T12:01:40.783-0300,2026-04-14T12:20:43.142-0300,Test,Done,marcio.benetasso,SQUAD_1,2026-04-01,2026-04-09,
BF3E4-245,[COMPRAS - 11] Entidade: Flow Causais (MySQL) - TAMANHO: M,Story,2026-02-25T12:01:40.783-0300,2026-04-10T13:32:16.690-0300,Waiting Test,Test,marcio.benetasso,SQUAD_1,2026-04-01,2026-04-09,
BF3E4-245,[COMPRAS - 11] Entidade: Flow Causais (MySQL) - TAMANHO: M,Story,2026-02-25T12:01:40.783-0300,2026-04-10T13:32:13.703-0300,In Code Review,Waiting Test,marcio.benetasso,SQUAD_1,2026-04-01,2026-04-09,
BF3E4-245,[COMPRAS - 11] Entidade: Flow Causais (MySQL) - TAMANHO: M,Story,2026-02-25T12:01:40.783-0300,2026-04-10T13:32:10.780-0300,WAITING CODE REVIEW,In Code Review,marcio.benetasso,SQUAD_1,2026-04-01,2026-04-09,
BF3E4-245,[COMPRAS - 11] Entidade: Flow Causais (MySQL) - TAMANHO: M,Story,2026-02-25T12:01:40.783-0300,2026-04-10T13:32:07.251-0300,IN DEVELOPMENT,WAITING CODE REVIEW,marcio.benetasso,SQUAD_1,2026-04-01,2026-04-09,
BF3E4-245,[COMPRAS - 11] Entidade: Flow Causais (MySQL) - TAMANHO: M,Story,2026-02-25T12:01:40.783-0300,2026-03-30T09:08:51.938-0300,To Do,IN DEVELOPMENT,artur.mariano,SQUAD_1,2026-04-01,2026-04-09,
BF3E4-245,[COMPRAS - 11] Entidade: Flow Causais (MySQL) - TAMANHO: M,Story,2026-02-25T12:01:40.783-0300,2026-03-30T09:08:47.473-0300,Refined,To Do,artur.mariano,SQUAD_1,2026-04-01,2026-04-09,
BF3E4-245,[COMPRAS - 11] Entidade: Flow Causais (MySQL) - TAMANHO: M,Story,2026-02-25T12:01:40.783-0300,2026-03-17T09:18:28.860-0300,IN REFINEMENT,Refined,marina.bueno,SQUAD_1,2026-04-01,2026-04-09,
BF3E4-245,[COMPRAS - 11] Entidade: Flow Causais (MySQL) - TAMANHO: M,Story,2026-02-25T12:01:40.783-0300,2026-03-17T09:15:31.362-0300,WAITING REFINEMENT,IN REFINEMENT,marina.bueno,SQUAD_1,2026-04-01,2026-04-09,
BF3E4-245,[COMPRAS - 11] Entidade: Flow Causais (MySQL) - TAMANHO: M,Story,2026-02-25T12:01:40.783-0300,2026-02-26T17:56:07.629-0300,Open,WAITING REFINEMENT,maite.willig,SQUAD_1,2026-04-01,2026-04-09,
BF3E4-239,[COMPRAS - 10] Entidade: Estrutura Veicular - TAMANHO: P,Story,2026-02-25T12:01:27.005-0300,2026-04-01T16:11:27.307-0300,Open,Canceled,artur.mariano,SQUAD_1,2026-03-31,2026-04-01,
BF3E4-239,[COMPRAS - 10] Entidade: Estrutura Veicular - TAMANHO: P,Story,2026-02-25T12:01:27.005-0300,2026-04-01T09:35:23.378-0300,Canceled,Open,henrique.damaceno,SQUAD_1,2026-03-31,2026-04-01,
BF3E4-239,[COMPRAS - 10] Entidade: Estrutura Veicular - TAMANHO: P,Story,2026-02-25T12:01:27.005-0300,2026-04-01T09:35:04.226-0300,Refined,Canceled,henrique.damaceno,SQUAD_1,2026-03-31,2026-04-01,
BF3E4-239,[COMPRAS - 10] Entidade: Estrutura Veicular - TAMANHO: P,Story,2026-02-25T12:01:27.005-0300,2026-03-19T10:09:27.957-0300,IN REFINEMENT,Refined,artur.mariano,SQUAD_1,2026-03-31,2026-04-01,
BF3E4-239,[COMPRAS - 10] Entidade: Estrutura Veicular - TAMANHO: P,Story,2026-02-25T12:01:27.005-0300,2026-03-19T10:09:24.216-0300,WAITING REFINEMENT,IN REFINEMENT,artur.mariano,SQUAD_1,2026-03-31,2026-04-01,
BF3E4-239,[COMPRAS - 10] Entidade: Estrutura Veicular - TAMANHO: P,Story,2026-02-25T12:01:27.005-0300,2026-02-26T17:56:05.127-0300,Open,WAITING REFINEMENT,maite.willig,SQUAD_1,2026-03-31,2026-04-01,
BF3E4-230,[COMPRAS - 9] Entidade: RDA (Requisição de Autorização) - TAMANHO: G,Story,2026-02-25T12:01:03.952-0300,2026-04-16T19:25:07.225-0300,Test,Done,samyra.almeida,SQUAD_1,2026-03-23,2026-03-31,
BF3E4-230,[COMPRAS - 9] Entidade: RDA (Requisição de Autorização) - TAMANHO: G,Story,2026-02-25T12:01:03.952-0300,2026-04-07T14:36:15.602-0300,Waiting Test,Test,artur.mariano,SQUAD_1,2026-03-23,2026-03-31,
BF3E4-230,[COMPRAS - 9] Entidade: RDA (Requisição de Autorização) - TAMANHO: G,Story,2026-02-25T12:01:03.952-0300,2026-04-07T14:36:13.557-0300,In Code Review,Waiting Test,artur.mariano,SQUAD_1,2026-03-23,2026-03-31,
BF3E4-230,[COMPRAS - 9] Entidade: RDA (Requisição de Autorização) - TAMANHO: G,Story,2026-02-25T12:01:03.952-0300,2026-04-07T14:36:11.446-0300,WAITING CODE REVIEW,In Code Review,artur.mariano,SQUAD_1,2026-03-23,2026-03-31,
BF3E4-230,[COMPRAS - 9] Entidade: RDA (Requisição de Autorização) - TAMANHO: G,Story,2026-02-25T12:01:03.952-0300,2026-04-07T14:36:09.479-0300,IN DEVELOPMENT,WAITING CODE REVIEW,artur.mariano,SQUAD_1,2026-03-23,2026-03-31,
BF3E4-230,[COMPRAS - 9] Entidade: RDA (Requisição de Autorização) - TAMANHO: G,Story,2026-02-25T12:01:03.952-0300,2026-03-18T16:46:50.545-0300,To Do,IN DEVELOPMENT,artur.mariano,SQUAD_1,2026-03-23,2026-03-31,
BF3E4-230,[COMPRAS - 9] Entidade: RDA (Requisição de Autorização) - TAMANHO: G,Story,2026-02-25T12:01:03.952-0300,2026-03-18T16:46:46.686-0300,Refined,To Do,artur.mariano,SQUAD_1,2026-03-23,2026-03-31,
BF3E4-230,[COMPRAS - 9] Entidade: RDA (Requisição de Autorização) - TAMANHO: G,Story,2026-02-25T12:01:03.952-0300,2026-03-17T09:18:25.568-0300,IN REFINEMENT,Refined,marina.bueno,SQUAD_1,2026-03-23,2026-03-31,
BF3E4-230,[COMPRAS - 9] Entidade: RDA (Requisição de Autorização) - TAMANHO: G,Story,2026-02-25T12:01:03.952-0300,2026-03-17T09:15:27.424-0300,WAITING REFINEMENT,IN REFINEMENT,marina.bueno,SQUAD_1,2026-03-23,2026-03-31,
BF3E4-230,[COMPRAS - 9] Entidade: RDA (Requisição de Autorização) - TAMANHO: G,Story,2026-02-25T12:01:03.952-0300,2026-02-26T17:56:03.421-0300,Open,WAITING REFINEMENT,maite.willig,SQUAD_1,2026-03-23,2026-03-31,
BF3E4-213,[COMPRAS - 8] Entidade: Datamart Tratativa - Parte 8 (APV - Análise Preço Volume) - TAMANHO: G,Story,2026-02-25T12:00:30.732-0300,2026-04-20T15:34:13.657-0300,Test,Done,samyra.almeida,SQUAD_1,2026-03-26,2026-04-06,
BF3E4-213,[COMPRAS - 8] Entidade: Datamart Tratativa - Parte 8 (APV - Análise Preço Volume) - TAMANHO: G,Story,2026-02-25T12:00:30.732-0300,2026-04-16T10:02:02.427-0300,Waiting Test,Test,olivia.diniz,SQUAD_1,2026-03-26,2026-04-06,
BF3E4-213,[COMPRAS - 8] Entidade: Datamart Tratativa - Parte 8 (APV - Análise Preço Volume) - TAMANHO: G,Story,2026-02-25T12:00:30.732-0300,2026-04-16T09:00:51.833-0300,In Code Review,Waiting Test,artur.mariano,SQUAD_1,2026-03-26,2026-04-06,
BF3E4-213,[COMPRAS - 8] Entidade: Datamart Tratativa - Parte 8 (APV - Análise Preço Volume) - TAMANHO: G,Story,2026-02-25T12:00:30.732-0300,2026-04-16T09:00:48.864-0300,WAITING CODE REVIEW,In Code Review,artur.mariano,SQUAD_1,2026-03-26,2026-04-06,
BF3E4-213,[COMPRAS - 8] Entidade: Datamart Tratativa - Parte 8 (APV - Análise Preço Volume) - TAMANHO: G,Story,2026-02-25T12:00:30.732-0300,2026-04-16T09:00:45.921-0300,IN DEVELOPMENT,WAITING CODE REVIEW,artur.mariano,SQUAD_1,2026-03-26,2026-04-06,
BF3E4-213,[COMPRAS - 8] Entidade: Datamart Tratativa - Parte 8 (APV - Análise Preço Volume) - TAMANHO: G,Story,2026-02-25T12:00:30.732-0300,2026-03-26T10:12:53.624-0300,To Do,IN DEVELOPMENT,luis.simoes2,SQUAD_1,2026-03-26,2026-04-06,
BF3E4-213,[COMPRAS - 8] Entidade: Datamart Tratativa - Parte 8 (APV - Análise Preço Volume) - TAMANHO: G,Story,2026-02-25T12:00:30.732-0300,2026-03-26T10:08:08.793-0300,Refined,To Do,luis.simoes2,SQUAD_1,2026-03-26,2026-04-06,
BF3E4-213,[COMPRAS - 8] Entidade: Datamart Tratativa - Parte 8 (APV - Análise Preço Volume) - TAMANHO: G,Story,2026-02-25T12:00:30.732-0300,2026-03-17T09:18:23.587-0300,IN REFINEMENT,Refined,marina.bueno,SQUAD_1,2026-03-26,2026-04-06,
BF3E4-213,[COMPRAS - 8] Entidade: Datamart Tratativa - Parte 8 (APV - Análise Preço Volume) - TAMANHO: G,Story,2026-02-25T12:00:30.732-0300,2026-03-17T09:14:51.269-0300,WAITING REFINEMENT,IN REFINEMENT,marina.bueno,SQUAD_1,2026-03-26,2026-04-06,
BF3E4-213,[COMPRAS - 8] Entidade: Datamart Tratativa - Parte 8 (APV - Análise Preço Volume) - TAMANHO: G,Story,2026-02-25T12:00:30.732-0300,2026-02-26T17:56:01.619-0300,Open,WAITING REFINEMENT,maite.willig,SQUAD_1,2026-03-26,2026-04-06,
BF3E4-199,[COMPRAS - 7] Entidade: Datamart Tratativa - Parte 7 (Variação e Programação) - TAMANHO: G,Story,2026-02-25T12:00:01.891-0300,2026-04-18T16:09:11.008-0300,Test,Done,marcio.benetasso,SQUAD_1,2026-03-23,2026-04-06,
BF3E4-199,[COMPRAS - 7] Entidade: Datamart Tratativa - Parte 7 (Variação e Programação) - TAMANHO: G,Story,2026-02-25T12:00:01.891-0300,2026-04-12T22:27:17.391-0300,Waiting Test,Test,artur.mariano,SQUAD_1,2026-03-23,2026-04-06,
BF3E4-199,[COMPRAS - 7] Entidade: Datamart Tratativa - Parte 7 (Variação e Programação) - TAMANHO: G,Story,2026-02-25T12:00:01.891-0300,2026-04-12T22:27:15.117-0300,In Code Review,Waiting Test,artur.mariano,SQUAD_1,2026-03-23,2026-04-06,
BF3E4-199,[COMPRAS - 7] Entidade: Datamart Tratativa - Parte 7 (Variação e Programação) - TAMANHO: G,Story,2026-02-25T12:00:01.891-0300,2026-04-12T22:27:12.985-0300,WAITING CODE REVIEW,In Code Review,artur.mariano,SQUAD_1,2026-03-23,2026-04-06,
BF3E4-199,[COMPRAS - 7] Entidade: Datamart Tratativa - Parte 7 (Variação e Programação) - TAMANHO: G,Story,2026-02-25T12:00:01.891-0300,2026-04-12T22:27:10.588-0300,IN DEVELOPMENT,WAITING CODE REVIEW,artur.mariano,SQUAD_1,2026-03-23,2026-04-06,
BF3E4-199,[COMPRAS - 7] Entidade: Datamart Tratativa - Parte 7 (Variação e Programação) - TAMANHO: G,Story,2026-02-25T12:00:01.891-0300,2026-03-18T12:14:11.043-0300,To Do,IN DEVELOPMENT,marina.bueno,SQUAD_1,2026-03-23,2026-04-06,
BF3E4-199,[COMPRAS - 7] Entidade: Datamart Tratativa - Parte 7 (Variação e Programação) - TAMANHO: G,Story,2026-02-25T12:00:01.891-0300,2026-03-18T12:14:08.382-0300,Refined,To Do,marina.bueno,SQUAD_1,2026-03-23,2026-04-06,
BF3E4-199,[COMPRAS - 7] Entidade: Datamart Tratativa - Parte 7 (Variação e Programação) - TAMANHO: G,Story,2026-02-25T12:00:01.891-0300,2026-03-17T09:17:33.818-0300,IN REFINEMENT,Refined,marina.bueno,SQUAD_1,2026-03-23,2026-04-06,
BF3E4-199,[COMPRAS - 7] Entidade: Datamart Tratativa - Parte 7 (Variação e Programação) - TAMANHO: G,Story,2026-02-25T12:00:01.891-0300,2026-03-17T09:14:46.749-0300,WAITING REFINEMENT,IN REFINEMENT,marina.bueno,SQUAD_1,2026-03-23,2026-04-06,
BF3E4-199,[COMPRAS - 7] Entidade: Datamart Tratativa - Parte 7 (Variação e Programação) - TAMANHO: G,Story,2026-02-25T12:00:01.891-0300,2026-02-26T17:56:00.114-0300,Open,WAITING REFINEMENT,maite.willig,SQUAD_1,2026-03-23,2026-04-06,
BF3E4-191,[COMPRAS - 6] Entidade: Datamart Tratativa - Parte 6 (Curva de Compra Mensal e Despivotada) - TAMANHO: M,Story,2026-02-25T11:59:45.803-0300,2026-04-18T10:33:39.504-0300,Test,Done,samyra.almeida,SQUAD_1,2026-03-23,2026-03-30,
BF3E4-191,[COMPRAS - 6] Entidade: Datamart Tratativa - Parte 6 (Curva de Compra Mensal e Despivotada) - TAMANHO: M,Story,2026-02-25T11:59:45.803-0300,2026-04-07T14:35:54.744-0300,Waiting Test,Test,artur.mariano,SQUAD_1,2026-03-23,2026-03-30,
BF3E4-191,[COMPRAS - 6] Entidade: Datamart Tratativa - Parte 6 (Curva de Compra Mensal e Despivotada) - TAMANHO: M,Story,2026-02-25T11:59:45.803-0300,2026-04-07T14:35:51.448-0300,In Code Review,Waiting Test,artur.mariano,SQUAD_1,2026-03-23,2026-03-30,
BF3E4-191,[COMPRAS - 6] Entidade: Datamart Tratativa - Parte 6 (Curva de Compra Mensal e Despivotada) - TAMANHO: M,Story,2026-02-25T11:59:45.803-0300,2026-04-07T14:35:47.983-0300,WAITING CODE REVIEW,In Code Review,artur.mariano,SQUAD_1,2026-03-23,2026-03-30,
BF3E4-191,[COMPRAS - 6] Entidade: Datamart Tratativa - Parte 6 (Curva de Compra Mensal e Despivotada) - TAMANHO: M,Story,2026-02-25T11:59:45.803-0300,2026-04-07T14:35:43.651-0300,IN DEVELOPMENT,WAITING CODE REVIEW,artur.mariano,SQUAD_1,2026-03-23,2026-03-30,
BF3E4-191,[COMPRAS - 6] Entidade: Datamart Tratativa - Parte 6 (Curva de Compra Mensal e Despivotada) - TAMANHO: M,Story,2026-02-25T11:59:45.803-0300,2026-03-18T12:14:01.696-0300,To Do,IN DEVELOPMENT,marina.bueno,SQUAD_1,2026-03-23,2026-03-30,
BF3E4-191,[COMPRAS - 6] Entidade: Datamart Tratativa - Parte 6 (Curva de Compra Mensal e Despivotada) - TAMANHO: M,Story,2026-02-25T11:59:45.803-0300,2026-03-18T12:13:57.046-0300,Refined,To Do,marina.bueno,SQUAD_1,2026-03-23,2026-03-30,
BF3E4-191,[COMPRAS - 6] Entidade: Datamart Tratativa - Parte 6 (Curva de Compra Mensal e Despivotada) - TAMANHO: M,Story,2026-02-25T11:59:45.803-0300,2026-03-17T09:19:10.618-0300,IN REFINEMENT,Refined,marina.bueno,SQUAD_1,2026-03-23,2026-03-30,
BF3E4-191,[COMPRAS - 6] Entidade: Datamart Tratativa - Parte 6 (Curva de Compra Mensal e Despivotada) - TAMANHO: M,Story,2026-02-25T11:59:45.803-0300,2026-03-17T09:19:03.351-0300,WAITING REFINEMENT,IN REFINEMENT,marina.bueno,SQUAD_1,2026-03-23,2026-03-30,
BF3E4-191,[COMPRAS - 6] Entidade: Datamart Tratativa - Parte 6 (Curva de Compra Mensal e Despivotada) - TAMANHO: M,Story,2026-02-25T11:59:45.803-0300,2026-02-26T17:56:29.216-0300,Open,WAITING REFINEMENT,maite.willig,SQUAD_1,2026-03-23,2026-03-30,
BF3E4-177,"[COMPRAS - 5] Entidade: Datamart Tratativa - Parte 5 (Curva de Compra Base - Curva, Histórico e Causais) - TAMANHO: G",Story,2026-02-25T11:59:20.848-0300,2026-04-20T18:34:35.460-0300,Test,Done,samyra.almeida,SQUAD_1,2026-03-23,2026-04-06,
BF3E4-177,"[COMPRAS - 5] Entidade: Datamart Tratativa - Parte 5 (Curva de Compra Base - Curva, Histórico e Causais) - TAMANHO: G",Story,2026-02-25T11:59:20.848-0300,2026-04-14T09:52:27.556-0300,Waiting Test,Test,olivia.diniz,SQUAD_1,2026-03-23,2026-04-06,
BF3E4-177,"[COMPRAS - 5] Entidade: Datamart Tratativa - Parte 5 (Curva de Compra Base - Curva, Histórico e Causais) - TAMANHO: G",Story,2026-02-25T11:59:20.848-0300,2026-04-14T09:52:24.050-0300,In Code Review,Waiting Test,olivia.diniz,SQUAD_1,2026-03-23,2026-04-06,
BF3E4-177,"[COMPRAS - 5] Entidade: Datamart Tratativa - Parte 5 (Curva de Compra Base - Curva, Histórico e Causais) - TAMANHO: G",Story,2026-02-25T11:59:20.848-0300,2026-04-14T09:52:20.750-0300,WAITING CODE REVIEW,In Code Review,olivia.diniz,SQUAD_1,2026-03-23,2026-04-06,
BF3E4-177,"[COMPRAS - 5] Entidade: Datamart Tratativa - Parte 5 (Curva de Compra Base - Curva, Histórico e Causais) - TAMANHO: G",Story,2026-02-25T11:59:20.848-0300,2026-04-14T09:52:16.287-0300,IN DEVELOPMENT,WAITING CODE REVIEW,olivia.diniz,SQUAD_1,2026-03-23,2026-04-06,
BF3E4-177,"[COMPRAS - 5] Entidade: Datamart Tratativa - Parte 5 (Curva de Compra Base - Curva, Histórico e Causais) - TAMANHO: G",Story,2026-02-25T11:59:20.848-0300,2026-03-23T09:25:15.865-0300,To Do,IN DEVELOPMENT,artur.mariano,SQUAD_1,2026-03-23,2026-04-06,
BF3E4-177,"[COMPRAS - 5] Entidade: Datamart Tratativa - Parte 5 (Curva de Compra Base - Curva, Histórico e Causais) - TAMANHO: G",Story,2026-02-25T11:59:20.848-0300,2026-03-23T09:25:12.889-0300,Refined,To Do,artur.mariano,SQUAD_1,2026-03-23,2026-04-06,
BF3E4-177,"[COMPRAS - 5] Entidade: Datamart Tratativa - Parte 5 (Curva de Compra Base - Curva, Histórico e Causais) - TAMANHO: G",Story,2026-02-25T11:59:20.848-0300,2026-03-17T09:17:30.836-0300,IN REFINEMENT,Refined,marina.bueno,SQUAD_1,2026-03-23,2026-04-06,
BF3E4-177,"[COMPRAS - 5] Entidade: Datamart Tratativa - Parte 5 (Curva de Compra Base - Curva, Histórico e Causais) - TAMANHO: G",Story,2026-02-25T11:59:20.848-0300,2026-03-17T09:14:44.333-0300,WAITING REFINEMENT,IN REFINEMENT,marina.bueno,SQUAD_1,2026-03-23,2026-04-06,
BF3E4-177,"[COMPRAS - 5] Entidade: Datamart Tratativa - Parte 5 (Curva de Compra Base - Curva, Histórico e Causais) - TAMANHO: G",Story,2026-02-25T11:59:20.848-0300,2026-02-26T17:55:58.262-0300,Open,WAITING REFINEMENT,maite.willig,SQUAD_1,2026-03-23,2026-04-06,
BF3E4-163,[COMPRAS - 4] Entidade: Datamart Tratativa - Parte 4 (Documentos de Compra) - TAMANHO: G,Story,2026-02-25T11:58:52.700-0300,2026-04-17T17:49:05.788-0300,Test,Done,ana.santos22,SQUAD_1,2026-03-23,2026-04-06,
BF3E4-163,[COMPRAS - 4] Entidade: Datamart Tratativa - Parte 4 (Documentos de Compra) - TAMANHO: G,Story,2026-02-25T11:58:52.700-0300,2026-04-07T14:36:35.679-0300,Waiting Test,Test,artur.mariano,SQUAD_1,2026-03-23,2026-04-06,
BF3E4-163,[COMPRAS - 4] Entidade: Datamart Tratativa - Parte 4 (Documentos de Compra) - TAMANHO: G,Story,2026-02-25T11:58:52.700-0300,2026-04-07T14:36:33.698-0300,In Code Review,Waiting Test,artur.mariano,SQUAD_1,2026-03-23,2026-04-06,
BF3E4-163,[COMPRAS - 4] Entidade: Datamart Tratativa - Parte 4 (Documentos de Compra) - TAMANHO: G,Story,2026-02-25T11:58:52.700-0300,2026-04-07T14:36:31.503-0300,WAITING CODE REVIEW,In Code Review,artur.mariano,SQUAD_1,2026-03-23,2026-04-06,
BF3E4-163,[COMPRAS - 4] Entidade: Datamart Tratativa - Parte 4 (Documentos de Compra) - TAMANHO: G,Story,2026-02-25T11:58:52.700-0300,2026-04-07T14:36:29.276-0300,IN DEVELOPMENT,WAITING CODE REVIEW,artur.mariano,SQUAD_1,2026-03-23,2026-04-06,
BF3E4-163,[COMPRAS - 4] Entidade: Datamart Tratativa - Parte 4 (Documentos de Compra) - TAMANHO: G,Story,2026-02-25T11:58:52.700-0300,2026-03-18T12:13:46.808-0300,To Do,IN DEVELOPMENT,marina.bueno,SQUAD_1,2026-03-23,2026-04-06,
BF3E4-163,[COMPRAS - 4] Entidade: Datamart Tratativa - Parte 4 (Documentos de Compra) - TAMANHO: G,Story,2026-02-25T11:58:52.700-0300,2026-03-18T11:50:00.741-0300,Refined,To Do,artur.mariano,SQUAD_1,2026-03-23,2026-04-06,
BF3E4-163,[COMPRAS - 4] Entidade: Datamart Tratativa - Parte 4 (Documentos de Compra) - TAMANHO: G,Story,2026-02-25T11:58:52.700-0300,2026-03-17T09:17:27.937-0300,IN REFINEMENT,Refined,marina.bueno,SQUAD_1,2026-03-23,2026-04-06,
BF3E4-163,[COMPRAS - 4] Entidade: Datamart Tratativa - Parte 4 (Documentos de Compra) - TAMANHO: G,Story,2026-02-25T11:58:52.700-0300,2026-03-17T09:14:40.111-0300,WAITING REFINEMENT,IN REFINEMENT,marina.bueno,SQUAD_1,2026-03-23,2026-04-06,
BF3E4-149,[COMPRAS - 3] Entidade: Datamart Tratativa - Parte 3 (Fornecedores e Materiais) - TAMANHO: G,Story,2026-02-25T11:58:21.939-0300,2026-04-18T16:38:02.582-0300,Test,Done,samyra.almeida,SQUAD_1,2026-03-23,2026-04-06,
BF3E4-149,[COMPRAS - 3] Entidade: Datamart Tratativa - Parte 3 (Fornecedores e Materiais) - TAMANHO: G,Story,2026-02-25T11:58:21.939-0300,2026-04-16T10:07:44.303-0300,Waiting Test,Test,olivia.diniz,SQUAD_1,2026-03-23,2026-04-06,
BF3E4-149,[COMPRAS - 3] Entidade: Datamart Tratativa - Parte 3 (Fornecedores e Materiais) - TAMANHO: G,Story,2026-02-25T11:58:21.939-0300,2026-04-16T10:07:14.450-0300,In Code Review,Waiting Test,olivia.diniz,SQUAD_1,2026-03-23,2026-04-06,
BF3E4-149,[COMPRAS - 3] Entidade: Datamart Tratativa - Parte 3 (Fornecedores e Materiais) - TAMANHO: G,Story,2026-02-25T11:58:21.939-0300,2026-04-16T10:07:09.857-0300,WAITING CODE REVIEW,In Code Review,olivia.diniz,SQUAD_1,2026-03-23,2026-04-06,
BF3E4-149,[COMPRAS - 3] Entidade: Datamart Tratativa - Parte 3 (Fornecedores e Materiais) - TAMANHO: G,Story,2026-02-25T11:58:21.939-0300,2026-04-16T10:07:06.138-0300,IN DEVELOPMENT,WAITING CODE REVIEW,olivia.diniz,SQUAD_1,2026-03-23,2026-04-06,
BF3E4-149,[COMPRAS - 3] Entidade: Datamart Tratativa - Parte 3 (Fornecedores e Materiais) - TAMANHO: G,Story,2026-02-25T11:58:21.939-0300,2026-03-18T11:48:56.454-0300,To Do,IN DEVELOPMENT,artur.mariano,SQUAD_1,2026-03-23,2026-04-06,
BF3E4-149,[COMPRAS - 3] Entidade: Datamart Tratativa - Parte 3 (Fornecedores e Materiais) - TAMANHO: G,Story,2026-02-25T11:58:21.939-0300,2026-03-18T11:48:52.360-0300,Refined,To Do,artur.mariano,SQUAD_1,2026-03-23,2026-04-06,
BF3E4-149,[COMPRAS - 3] Entidade: Datamart Tratativa - Parte 3 (Fornecedores e Materiais) - TAMANHO: G,Story,2026-02-25T11:58:21.939-0300,2026-03-17T09:17:26.337-0300,IN REFINEMENT,Refined,marina.bueno,SQUAD_1,2026-03-23,2026-04-06,
BF3E4-149,[COMPRAS - 3] Entidade: Datamart Tratativa - Parte 3 (Fornecedores e Materiais) - TAMANHO: G,Story,2026-02-25T11:58:21.939-0300,2026-03-17T09:14:37.629-0300,WAITING REFINEMENT,IN REFINEMENT,marina.bueno,SQUAD_1,2026-03-23,2026-04-06,
BF3E4-149,[COMPRAS - 3] Entidade: Datamart Tratativa - Parte 3 (Fornecedores e Materiais) - TAMANHO: G,Story,2026-02-25T11:58:21.939-0300,2026-02-26T17:55:54.903-0300,Open,WAITING REFINEMENT,maite.willig,SQUAD_1,2026-03-23,2026-04-06,
BF3E4-107,[COMPRAS - 2] Entidade: Datamart Tratativa - Parte 2 (Dimensões Básicas 5-8) - TAMANHO: G,Story,2026-02-25T11:55:46.163-0300,2026-04-17T18:23:25.208-0300,Test,Done,samyra.almeida,SQUAD_1,2026-03-23,2026-04-06,
BF3E4-107,[COMPRAS - 2] Entidade: Datamart Tratativa - Parte 2 (Dimensões Básicas 5-8) - TAMANHO: G,Story,2026-02-25T11:55:46.163-0300,2026-04-16T09:57:36.729-0300,Waiting Test,Test,olivia.diniz,SQUAD_1,2026-03-23,2026-04-06,
BF3E4-107,[COMPRAS - 2] Entidade: Datamart Tratativa - Parte 2 (Dimensões Básicas 5-8) - TAMANHO: G,Story,2026-02-25T11:55:46.163-0300,2026-04-14T17:25:01.772-0300,In Code Review,Waiting Test,caio.fascina,SQUAD_1,2026-03-23,2026-04-06,
BF3E4-107,[COMPRAS - 2] Entidade: Datamart Tratativa - Parte 2 (Dimensões Básicas 5-8) - TAMANHO: G,Story,2026-02-25T11:55:46.163-0300,2026-04-14T17:24:58.848-0300,WAITING CODE REVIEW,In Code Review,caio.fascina,SQUAD_1,2026-03-23,2026-04-06,
BF3E4-107,[COMPRAS - 2] Entidade: Datamart Tratativa - Parte 2 (Dimensões Básicas 5-8) - TAMANHO: G,Story,2026-02-25T11:55:46.163-0300,2026-04-14T17:24:55.302-0300,IN DEVELOPMENT,WAITING CODE REVIEW,caio.fascina,SQUAD_1,2026-03-23,2026-04-06,
BF3E4-107,[COMPRAS - 2] Entidade: Datamart Tratativa - Parte 2 (Dimensões Básicas 5-8) - TAMANHO: G,Story,2026-02-25T11:55:46.163-0300,2026-03-17T15:10:24.949-0300,To Do,IN DEVELOPMENT,caio.fascina,SQUAD_1,2026-03-23,2026-04-06,
BF3E4-107,[COMPRAS - 2] Entidade: Datamart Tratativa - Parte 2 (Dimensões Básicas 5-8) - TAMANHO: G,Story,2026-02-25T11:55:46.163-0300,2026-03-17T15:10:20.198-0300,Refined,To Do,caio.fascina,SQUAD_1,2026-03-23,2026-04-06,
BF3E4-107,[COMPRAS - 2] Entidade: Datamart Tratativa - Parte 2 (Dimensões Básicas 5-8) - TAMANHO: G,Story,2026-02-25T11:55:46.163-0300,2026-03-17T09:17:24.212-0300,IN REFINEMENT,Refined,marina.bueno,SQUAD_1,2026-03-23,2026-04-06,
BF3E4-107,[COMPRAS - 2] Entidade: Datamart Tratativa - Parte 2 (Dimensões Básicas 5-8) - TAMANHO: G,Story,2026-02-25T11:55:46.163-0300,2026-03-17T09:14:35.353-0300,WAITING REFINEMENT,IN REFINEMENT,marina.bueno,SQUAD_1,2026-03-23,2026-04-06,
BF3E4-107,[COMPRAS - 2] Entidade: Datamart Tratativa - Parte 2 (Dimensões Básicas 5-8) - TAMANHO: G,Story,2026-02-25T11:55:46.163-0300,2026-02-26T17:55:53.174-0300,Open,WAITING REFINEMENT,maite.willig,SQUAD_1,2026-03-23,2026-04-06,
BF3E4-91,[COMPRAS - 1] Entidade: Datamart Tratativa - Parte 1 (Dimensões Básicas 1-4) - TAMANHO: G,Story,2026-02-24T17:40:25.596-0300,2026-04-17T07:44:39.613-0300,Test,Done,ana.santos22,SQUAD_1,2026-03-23,2026-04-06,
BF3E4-91,[COMPRAS - 1] Entidade: Datamart Tratativa - Parte 1 (Dimensões Básicas 1-4) - TAMANHO: G,Story,2026-02-24T17:40:25.596-0300,2026-04-14T14:10:01.788-0300,Waiting Test,Test,artenize.teles,SQUAD_1,2026-03-23,2026-04-06,
BF3E4-91,[COMPRAS - 1] Entidade: Datamart Tratativa - Parte 1 (Dimensões Básicas 1-4) - TAMANHO: G,Story,2026-02-24T17:40:25.596-0300,2026-04-14T09:41:56.796-0300,In Code Review,Waiting Test,olivia.diniz,SQUAD_1,2026-03-23,2026-04-06,
BF3E4-91,[COMPRAS - 1] Entidade: Datamart Tratativa - Parte 1 (Dimensões Básicas 1-4) - TAMANHO: G,Story,2026-02-24T17:40:25.596-0300,2026-04-14T09:41:46.235-0300,WAITING CODE REVIEW,In Code Review,olivia.diniz,SQUAD_1,2026-03-23,2026-04-06,
BF3E4-91,[COMPRAS - 1] Entidade: Datamart Tratativa - Parte 1 (Dimensões Básicas 1-4) - TAMANHO: G,Story,2026-02-24T17:40:25.596-0300,2026-04-14T09:38:27.730-0300,IN DEVELOPMENT,WAITING CODE REVIEW,olivia.diniz,SQUAD_1,2026-03-23,2026-04-06,
BF3E4-91,[COMPRAS - 1] Entidade: Datamart Tratativa - Parte 1 (Dimensões Básicas 1-4) - TAMANHO: G,Story,2026-02-24T17:40:25.596-0300,2026-03-18T12:10:24.108-0300,To Do,IN DEVELOPMENT,marina.bueno,SQUAD_1,2026-03-23,2026-04-06,
BF3E4-91,[COMPRAS - 1] Entidade: Datamart Tratativa - Parte 1 (Dimensões Básicas 1-4) - TAMANHO: G,Story,2026-02-24T17:40:25.596-0300,2026-03-18T12:10:21.467-0300,Refined,To Do,marina.bueno,SQUAD_1,2026-03-23,2026-04-06,
BF3E4-91,[COMPRAS - 1] Entidade: Datamart Tratativa - Parte 1 (Dimensões Básicas 1-4) - TAMANHO: G,Story,2026-02-24T17:40:25.596-0300,2026-03-17T09:17:21.928-0300,IN REFINEMENT,Refined,marina.bueno,SQUAD_1,2026-03-23,2026-04-06,
BF3E4-91,[COMPRAS - 1] Entidade: Datamart Tratativa - Parte 1 (Dimensões Básicas 1-4) - TAMANHO: G,Story,2026-02-24T17:40:25.596-0300,2026-03-17T09:14:32.702-0300,WAITING REFINEMENT,IN REFINEMENT,marina.bueno,SQUAD_1,2026-03-23,2026-04-06,
BF3E4-1532,[FINANCE - 51] Entidade: TPC Integração AWS/Azure via DataStage - Parte 3 - TAMANHO: G,Story,2026-03-06T19:19:45.314-0300,2026-05-21T17:15:21.622-0300,To Do,IN DEVELOPMENT,gerson.ramos,SQUAD_8,2026-05-27,2026-06-03,
BF3E4-1532,[FINANCE - 51] Entidade: TPC Integração AWS/Azure via DataStage - Parte 3 - TAMANHO: G,Story,2026-03-06T19:19:45.314-0300,2026-05-21T17:15:19.262-0300,Refined,To Do,gerson.ramos,SQUAD_8,2026-05-27,2026-06-03,
BF3E4-1532,[FINANCE - 51] Entidade: TPC Integração AWS/Azure via DataStage - Parte 3 - TAMANHO: G,Story,2026-03-06T19:19:45.314-0300,2026-03-20T11:45:14.783-0300,IN REFINEMENT,Refined,willian.santos,SQUAD_8,2026-05-27,2026-06-03,
BF3E4-1532,[FINANCE - 51] Entidade: TPC Integração AWS/Azure via DataStage - Parte 3 - TAMANHO: G,Story,2026-03-06T19:19:45.314-0300,2026-03-20T11:45:12.024-0300,WAITING REFINEMENT,IN REFINEMENT,willian.santos,SQUAD_8,2026-05-27,2026-06-03,
BF3E4-1532,[FINANCE - 51] Entidade: TPC Integração AWS/Azure via DataStage - Parte 3 - TAMANHO: G,Story,2026-03-06T19:19:45.314-0300,2026-03-16T16:00:26.659-0300,Open,WAITING REFINEMENT,willian.santos,SQUAD_8,2026-05-27,2026-06-03,
BF3E4-1529,[FINANCE - 50] Entidade: TPC Integração AWS/Azure via DataStage - Parte 3 - TAMANHO: G,Story,2026-03-06T19:19:29.870-0300,2026-05-21T17:15:16.893-0300,To Do,IN DEVELOPMENT,gerson.ramos,SQUAD_8,2026-05-28,2026-06-05,
BF3E4-1529,[FINANCE - 50] Entidade: TPC Integração AWS/Azure via DataStage - Parte 3 - TAMANHO: G,Story,2026-03-06T19:19:29.870-0300,2026-05-21T17:15:14.077-0300,Refined,To Do,gerson.ramos,SQUAD_8,2026-05-28,2026-06-05,
BF3E4-1529,[FINANCE - 50] Entidade: TPC Integração AWS/Azure via DataStage - Parte 3 - TAMANHO: G,Story,2026-03-06T19:19:29.870-0300,2026-03-20T11:45:01.630-0300,IN REFINEMENT,Refined,willian.santos,SQUAD_8,2026-05-28,2026-06-05,
BF3E4-1529,[FINANCE - 50] Entidade: TPC Integração AWS/Azure via DataStage - Parte 3 - TAMANHO: G,Story,2026-03-06T19:19:29.870-0300,2026-03-20T11:44:57.973-0300,WAITING REFINEMENT,IN REFINEMENT,willian.santos,SQUAD_8,2026-05-28,2026-06-05,
BF3E4-1529,[FINANCE - 50] Entidade: TPC Integração AWS/Azure via DataStage - Parte 3 - TAMANHO: G,Story,2026-03-06T19:19:29.870-0300,2026-03-16T16:00:13.645-0300,Open,WAITING REFINEMENT,willian.santos,SQUAD_8,2026-05-28,2026-06-05,
BF3E4-1526,[FINANCE - 49] Entidade: TPC Integração AWS/Azure via DataStage - Parte 2 - TAMANHO: G,Story,2026-03-06T19:19:17.299-0300,2026-05-21T17:15:11.831-0300,To Do,IN DEVELOPMENT,gerson.ramos,SQUAD_8,2026-05-26,2026-06-04,
BF3E4-1526,[FINANCE - 49] Entidade: TPC Integração AWS/Azure via DataStage - Parte 2 - TAMANHO: G,Story,2026-03-06T19:19:17.299-0300,2026-05-21T17:15:08.495-0300,Refined,To Do,gerson.ramos,SQUAD_8,2026-05-26,2026-06-04,
BF3E4-1526,[FINANCE - 49] Entidade: TPC Integração AWS/Azure via DataStage - Parte 2 - TAMANHO: G,Story,2026-03-06T19:19:17.299-0300,2026-03-20T11:44:37.479-0300,IN REFINEMENT,Refined,willian.santos,SQUAD_8,2026-05-26,2026-06-04,
BF3E4-1526,[FINANCE - 49] Entidade: TPC Integração AWS/Azure via DataStage - Parte 2 - TAMANHO: G,Story,2026-03-06T19:19:17.299-0300,2026-03-20T11:44:35.000-0300,WAITING REFINEMENT,IN REFINEMENT,willian.santos,SQUAD_8,2026-05-26,2026-06-04,
BF3E4-1526,[FINANCE - 49] Entidade: TPC Integração AWS/Azure via DataStage - Parte 2 - TAMANHO: G,Story,2026-03-06T19:19:17.299-0300,2026-03-16T15:59:59.617-0300,Open,WAITING REFINEMENT,willian.santos,SQUAD_8,2026-05-26,2026-06-04,
BF3E4-1518,[FINANCE - 48] Entidade: TPC Integração AWS/Azure via DataStage - Parte 1 - TAMANHO: G,Story,2026-03-06T19:18:58.232-0300,2026-05-20T17:05:39.002-0300,To Do,IN DEVELOPMENT,gerson.ramos,SQUAD_8,2026-05-27,2026-06-05,
BF3E4-1518,[FINANCE - 48] Entidade: TPC Integração AWS/Azure via DataStage - Parte 1 - TAMANHO: G,Story,2026-03-06T19:18:58.232-0300,2026-05-20T17:05:35.307-0300,Refined,To Do,gerson.ramos,SQUAD_8,2026-05-27,2026-06-05,
BF3E4-1518,[FINANCE - 48] Entidade: TPC Integração AWS/Azure via DataStage - Parte 1 - TAMANHO: G,Story,2026-03-06T19:18:58.232-0300,2026-03-20T11:43:52.960-0300,IN REFINEMENT,Refined,willian.santos,SQUAD_8,2026-05-27,2026-06-05,
BF3E4-1518,[FINANCE - 48] Entidade: TPC Integração AWS/Azure via DataStage - Parte 1 - TAMANHO: G,Story,2026-03-06T19:18:58.232-0300,2026-03-20T11:43:50.231-0300,WAITING REFINEMENT,IN REFINEMENT,willian.santos,SQUAD_8,2026-05-27,2026-06-05,
BF3E4-1518,[FINANCE - 48] Entidade: TPC Integração AWS/Azure via DataStage - Parte 1 - TAMANHO: G,Story,2026-03-06T19:18:58.232-0300,2026-03-16T15:59:39.760-0300,Open,WAITING REFINEMENT,willian.santos,SQUAD_8,2026-05-27,2026-06-05,
BF3E4-1502,[FINANCE - 47] Entidade: Vinculação NFe/CTe - TAMANHO: G,Story,2026-03-06T19:18:26.730-0300,2026-03-16T15:56:03.908-0300,IN REFINEMENT,Refined,willian.santos,SQUAD_8,2026-05-24,2026-06-02,
BF3E4-1483,[FINANCE - 46] Entidade: Análise Malha Fina - TAMANHO: G,Story,2026-03-06T19:17:50.782-0300,2026-05-20T17:52:09.659-0300,To Do,IN DEVELOPMENT,eduardo.schrotke,SQUAD_8,2026-05-19,2026-05-27,
BF3E4-1483,[FINANCE - 46] Entidade: Análise Malha Fina - TAMANHO: G,Story,2026-03-06T19:17:50.782-0300,2026-05-20T17:52:03.468-0300,Refined,To Do,eduardo.schrotke,SQUAD_8,2026-05-19,2026-05-27,
BF3E4-1483,[FINANCE - 46] Entidade: Análise Malha Fina - TAMANHO: G,Story,2026-03-06T19:17:50.782-0300,2026-03-16T15:55:16.083-0300,IN REFINEMENT,Refined,willian.santos,SQUAD_8,2026-05-19,2026-05-27,
BF3E4-1483,[FINANCE - 46] Entidade: Análise Malha Fina - TAMANHO: G,Story,2026-03-06T19:17:50.782-0300,2026-03-16T15:55:13.076-0300,WAITING REFINEMENT,IN REFINEMENT,willian.santos,SQUAD_8,2026-05-19,2026-05-27,
BF3E4-1483,[FINANCE - 46] Entidade: Análise Malha Fina - TAMANHO: G,Story,2026-03-06T19:17:50.782-0300,2026-03-16T15:55:09.817-0300,Open,WAITING REFINEMENT,willian.santos,SQUAD_8,2026-05-19,2026-05-27,
BF3E4-1464,[FINANCE - 45] Entidade: Análise IPI Rota 20/30 e Apurações - TAMANHO: G,Story,2026-03-06T19:17:08.763-0300,2026-03-16T15:54:22.474-0300,IN REFINEMENT,Refined,willian.santos,SQUAD_8,2026-05-19,2026-05-28,
BF3E4-1464,[FINANCE - 45] Entidade: Análise IPI Rota 20/30 e Apurações - TAMANHO: G,Story,2026-03-06T19:17:08.763-0300,2026-03-16T15:54:19.994-0300,WAITING REFINEMENT,IN REFINEMENT,willian.santos,SQUAD_8,2026-05-19,2026-05-28,
BF3E4-1464,[FINANCE - 45] Entidade: Análise IPI Rota 20/30 e Apurações - TAMANHO: G,Story,2026-03-06T19:17:08.763-0300,2026-03-16T15:54:17.388-0300,Open,WAITING REFINEMENT,willian.santos,SQUAD_8,2026-05-19,2026-05-28,
BF3E4-1464,[FINANCE - 45] Entidade: Análise IPI Rota 20/30 e Apurações - TAMANHO: G,Story,2026-03-06T19:17:08.763-0300,2026-03-16T15:54:14.627-0300,WAITING REFINEMENT,Open,willian.santos,SQUAD_8,2026-05-19,2026-05-28,
BF3E4-1464,[FINANCE - 45] Entidade: Análise IPI Rota 20/30 e Apurações - TAMANHO: G,Story,2026-03-06T19:17:08.763-0300,2026-03-16T15:54:12.019-0300,Open,WAITING REFINEMENT,willian.santos,SQUAD_8,2026-05-19,2026-05-28,
BF3E4-1440,[FINANCE - 44] Entidade: Recuperação Fiscal - Outros Processos Parte 1 - TAMANHO: G,Story,2026-03-06T19:16:24.479-0300,2026-03-16T15:52:55.984-0300,IN REFINEMENT,Refined,willian.santos,SQUAD_8,2026-05-18,2026-05-28,
BF3E4-1440,[FINANCE - 44] Entidade: Recuperação Fiscal - Outros Processos Parte 1 - TAMANHO: G,Story,2026-03-06T19:16:24.479-0300,2026-03-16T15:52:53.551-0300,WAITING REFINEMENT,IN REFINEMENT,willian.santos,SQUAD_8,2026-05-18,2026-05-28,
BF3E4-1440,[FINANCE - 44] Entidade: Recuperação Fiscal - Outros Processos Parte 1 - TAMANHO: G,Story,2026-03-06T19:16:24.479-0300,2026-03-16T15:52:51.059-0300,Open,WAITING REFINEMENT,willian.santos,SQUAD_8,2026-05-18,2026-05-28,
BF3E4-1419,[FINANCE - 43] Entidade: Recuperação Fiscal - Frete - TAMANHO: G,Story,2026-03-06T19:15:41.582-0300,2026-05-22T10:23:11.906-0300,To Do,IN DEVELOPMENT,elias.nunes,SQUAD_8,2026-05-18,2026-05-25,2026-05-25T13:00:00.000-0300
BF3E4-1419,[FINANCE - 43] Entidade: Recuperação Fiscal - Frete - TAMANHO: G,Story,2026-03-06T19:15:41.582-0300,2026-05-22T10:23:07.984-0300,Refined,To Do,elias.nunes,SQUAD_8,2026-05-18,2026-05-25,2026-05-25T13:00:00.000-0300
BF3E4-1419,[FINANCE - 43] Entidade: Recuperação Fiscal - Frete - TAMANHO: G,Story,2026-03-06T19:15:41.582-0300,2026-03-16T15:49:47.304-0300,IN REFINEMENT,Refined,willian.santos,SQUAD_8,2026-05-18,2026-05-25,2026-05-25T13:00:00.000-0300
BF3E4-1419,[FINANCE - 43] Entidade: Recuperação Fiscal - Frete - TAMANHO: G,Story,2026-03-06T19:15:41.582-0300,2026-03-16T15:49:44.602-0300,WAITING REFINEMENT,IN REFINEMENT,willian.santos,SQUAD_8,2026-05-18,2026-05-25,2026-05-25T13:00:00.000-0300
BF3E4-1419,[FINANCE - 43] Entidade: Recuperação Fiscal - Frete - TAMANHO: G,Story,2026-03-06T19:15:41.582-0300,2026-03-16T15:49:41.075-0300,Open,WAITING REFINEMENT,willian.santos,SQUAD_8,2026-05-18,2026-05-25,2026-05-25T13:00:00.000-0300
BF3E4-1392,[FINANCE - 42] Entidade: Recuperação Fiscal - Advertising - TAMANHO: M,Story,2026-03-06T19:14:51.769-0300,2026-05-19T10:22:50.513-0300,To Do,IN DEVELOPMENT,Jose Costa Albuquerque Junior,SQUAD_8,2026-05-18,2026-05-22,2026-05-22T13:00:00.000-0300
BF3E4-1392,[FINANCE - 42] Entidade: Recuperação Fiscal - Advertising - TAMANHO: M,Story,2026-03-06T19:14:51.769-0300,2026-05-19T10:22:35.234-0300,Refined,To Do,Jose Costa Albuquerque Junior,SQUAD_8,2026-05-18,2026-05-22,2026-05-22T13:00:00.000-0300
BF3E4-1392,[FINANCE - 42] Entidade: Recuperação Fiscal - Advertising - TAMANHO: M,Story,2026-03-06T19:14:51.769-0300,2026-03-16T15:48:39.075-0300,IN REFINEMENT,Refined,willian.santos,SQUAD_8,2026-05-18,2026-05-22,2026-05-22T13:00:00.000-0300
BF3E4-1392,[FINANCE - 42] Entidade: Recuperação Fiscal - Advertising - TAMANHO: M,Story,2026-03-06T19:14:51.769-0300,2026-03-16T15:48:36.054-0300,WAITING REFINEMENT,IN REFINEMENT,willian.santos,SQUAD_8,2026-05-18,2026-05-22,2026-05-22T13:00:00.000-0300
BF3E4-1392,[FINANCE - 42] Entidade: Recuperação Fiscal - Advertising - TAMANHO: M,Story,2026-03-06T19:14:51.769-0300,2026-03-16T15:48:32.564-0300,Open,WAITING REFINEMENT,willian.santos,SQUAD_8,2026-05-18,2026-05-22,2026-05-22T13:00:00.000-0300
BF3E4-1359,[FINANCE - 41] Entidade: Tax NF Head e Customaterial - TAMANHO: M,Story,2026-03-06T19:13:52.412-0300,2026-05-18T10:50:35.952-0300,Refined,To Do,lucas.lavnicki,SQUAD_8,2026-05-13,2026-05-19,2026-05-20T11:00:00.000-0300
BF3E4-1359,[FINANCE - 41] Entidade: Tax NF Head e Customaterial - TAMANHO: M,Story,2026-03-06T19:13:52.412-0300,2026-03-16T15:47:45.838-0300,IN REFINEMENT,Refined,willian.santos,SQUAD_8,2026-05-13,2026-05-19,2026-05-20T11:00:00.000-0300
BF3E4-1359,[FINANCE - 41] Entidade: Tax NF Head e Customaterial - TAMANHO: M,Story,2026-03-06T19:13:52.412-0300,2026-03-16T15:47:43.299-0300,WAITING REFINEMENT,IN REFINEMENT,willian.santos,SQUAD_8,2026-05-13,2026-05-19,2026-05-20T11:00:00.000-0300
BF3E4-1359,[FINANCE - 41] Entidade: Tax NF Head e Customaterial - TAMANHO: M,Story,2026-03-06T19:13:52.412-0300,2026-03-16T15:47:40.644-0300,Open,WAITING REFINEMENT,willian.santos,SQUAD_8,2026-05-13,2026-05-19,2026-05-20T11:00:00.000-0300
BF3E4-1344,[FINANCE - 40] Entidade: Análises Divergências Padrões Argentina - Parte 3 - TAMANHO: G,Story,2026-03-06T19:13:17.797-0300,2026-05-22T11:23:59.453-0300,Waiting Test,Test,natanael.silva,SQUAD_8,2026-05-13,2026-05-22,
BF3E4-1344,[FINANCE - 40] Entidade: Análises Divergências Padrões Argentina - Parte 3 - TAMANHO: G,Story,2026-03-06T19:13:17.797-0300,2026-05-20T17:44:19.735-0300,IN DEVELOPMENT,Waiting Test,eduardo.schrotke,SQUAD_8,2026-05-13,2026-05-22,
BF3E4-1344,[FINANCE - 40] Entidade: Análises Divergências Padrões Argentina - Parte 3 - TAMANHO: G,Story,2026-03-06T19:13:17.797-0300,2026-05-19T17:53:27.514-0300,To Do,IN DEVELOPMENT,eduardo.schrotke,SQUAD_8,2026-05-13,2026-05-22,
BF3E4-1344,[FINANCE - 40] Entidade: Análises Divergências Padrões Argentina - Parte 3 - TAMANHO: G,Story,2026-03-06T19:13:17.797-0300,2026-05-19T17:53:21.894-0300,Refined,To Do,eduardo.schrotke,SQUAD_8,2026-05-13,2026-05-22,
BF3E4-1344,[FINANCE - 40] Entidade: Análises Divergências Padrões Argentina - Parte 3 - TAMANHO: G,Story,2026-03-06T19:13:17.797-0300,2026-03-16T15:46:22.321-0300,IN REFINEMENT,Refined,willian.santos,SQUAD_8,2026-05-13,2026-05-22,
BF3E4-1344,[FINANCE - 40] Entidade: Análises Divergências Padrões Argentina - Parte 3 - TAMANHO: G,Story,2026-03-06T19:13:17.797-0300,2026-03-16T15:46:20.280-0300,WAITING REFINEMENT,IN REFINEMENT,willian.santos,SQUAD_8,2026-05-13,2026-05-22,
BF3E4-1344,[FINANCE - 40] Entidade: Análises Divergências Padrões Argentina - Parte 3 - TAMANHO: G,Story,2026-03-06T19:13:17.797-0300,2026-03-16T15:46:17.517-0300,Open,WAITING REFINEMENT,willian.santos,SQUAD_8,2026-05-13,2026-05-22,
BF3E4-1323,[FINANCE - 39] Entidade: Análises Divergências Padrões Argentina - Parte 2 - TAMANHO: G,Story,2026-03-06T19:12:37.365-0300,2026-05-22T18:03:20.117-0300,Waiting Test,Test,natanael.silva,SQUAD_8,2026-05-13,2026-05-26,
BF3E4-1323,[FINANCE - 39] Entidade: Análises Divergências Padrões Argentina - Parte 2 - TAMANHO: G,Story,2026-03-06T19:12:37.365-0300,2026-05-20T16:59:53.221-0300,IN DEVELOPMENT,Waiting Test,gerson.ramos,SQUAD_8,2026-05-13,2026-05-26,
BF3E4-1323,[FINANCE - 39] Entidade: Análises Divergências Padrões Argentina - Parte 2 - TAMANHO: G,Story,2026-03-06T19:12:37.365-0300,2026-05-19T12:19:43.886-0300,To Do,IN DEVELOPMENT,gerson.ramos,SQUAD_8,2026-05-13,2026-05-26,
BF3E4-1323,[FINANCE - 39] Entidade: Análises Divergências Padrões Argentina - Parte 2 - TAMANHO: G,Story,2026-03-06T19:12:37.365-0300,2026-05-19T12:19:40.542-0300,Refined,To Do,gerson.ramos,SQUAD_8,2026-05-13,2026-05-26,
BF3E4-1323,[FINANCE - 39] Entidade: Análises Divergências Padrões Argentina - Parte 2 - TAMANHO: G,Story,2026-03-06T19:12:37.365-0300,2026-03-16T15:45:26.110-0300,IN REFINEMENT,Refined,willian.santos,SQUAD_8,2026-05-13,2026-05-26,
BF3E4-1323,[FINANCE - 39] Entidade: Análises Divergências Padrões Argentina - Parte 2 - TAMANHO: G,Story,2026-03-06T19:12:37.365-0300,2026-03-16T15:45:23.625-0300,WAITING REFINEMENT,IN REFINEMENT,willian.santos,SQUAD_8,2026-05-13,2026-05-26,
BF3E4-1323,[FINANCE - 39] Entidade: Análises Divergências Padrões Argentina - Parte 2 - TAMANHO: G,Story,2026-03-06T19:12:37.365-0300,2026-03-16T15:45:20.237-0300,Open,WAITING REFINEMENT,willian.santos,SQUAD_8,2026-05-13,2026-05-26,
BF3E4-1306,[FINANCE - 38] Entidade: Análises Divergências Padrões CABA e Entre Rios - TAMANHO: M,Story,2026-03-06T19:12:02.586-0300,2026-05-21T16:41:50.467-0300,Test,Done,natanael.rabelo,SQUAD_8,2026-05-13,2026-05-20,2026-05-20T14:00:00.000-0300
BF3E4-1306,[FINANCE - 38] Entidade: Análises Divergências Padrões CABA e Entre Rios - TAMANHO: M,Story,2026-03-06T19:12:02.586-0300,2026-05-20T11:44:10.454-0300,Waiting Test,Test,natanael.rabelo,SQUAD_8,2026-05-13,2026-05-20,2026-05-20T14:00:00.000-0300
BF3E4-1306,[FINANCE - 38] Entidade: Análises Divergências Padrões CABA e Entre Rios - TAMANHO: M,Story,2026-03-06T19:12:02.586-0300,2026-05-19T17:01:18.145-0300,IN DEVELOPMENT,Waiting Test,eduardo.schrotke,SQUAD_8,2026-05-13,2026-05-20,2026-05-20T14:00:00.000-0300
BF3E4-1306,[FINANCE - 38] Entidade: Análises Divergências Padrões CABA e Entre Rios - TAMANHO: M,Story,2026-03-06T19:12:02.586-0300,2026-05-18T17:17:55.561-0300,To Do,IN DEVELOPMENT,eduardo.schrotke,SQUAD_8,2026-05-13,2026-05-20,2026-05-20T14:00:00.000-0300
BF3E4-1306,[FINANCE - 38] Entidade: Análises Divergências Padrões CABA e Entre Rios - TAMANHO: M,Story,2026-03-06T19:12:02.586-0300,2026-05-18T17:17:51.403-0300,Refined,To Do,eduardo.schrotke,SQUAD_8,2026-05-13,2026-05-20,2026-05-20T14:00:00.000-0300
BF3E4-1306,[FINANCE - 38] Entidade: Análises Divergências Padrões CABA e Entre Rios - TAMANHO: M,Story,2026-03-06T19:12:02.586-0300,2026-03-16T15:44:09.409-0300,IN REFINEMENT,Refined,willian.santos,SQUAD_8,2026-05-13,2026-05-20,2026-05-20T14:00:00.000-0300
BF3E4-1306,[FINANCE - 38] Entidade: Análises Divergências Padrões CABA e Entre Rios - TAMANHO: M,Story,2026-03-06T19:12:02.586-0300,2026-03-16T15:44:06.892-0300,WAITING REFINEMENT,IN REFINEMENT,willian.santos,SQUAD_8,2026-05-13,2026-05-20,2026-05-20T14:00:00.000-0300
BF3E4-1306,[FINANCE - 38] Entidade: Análises Divergências Padrões CABA e Entre Rios - TAMANHO: M,Story,2026-03-06T19:12:02.586-0300,2026-03-16T15:44:04.395-0300,Open,WAITING REFINEMENT,willian.santos,SQUAD_8,2026-05-13,2026-05-20,2026-05-20T14:00:00.000-0300
BF3E4-1293,[FINANCE - 37] Entidade: Recuperação Fiscal - Outros Processos Parte 2 - TAMANHO: M,Story,2026-03-06T19:11:33.413-0300,2026-05-20T11:42:22.525-0300,Test,Done,natanael.rabelo,SQUAD_8,2026-05-13,2026-05-18,
BF3E4-1293,[FINANCE - 37] Entidade: Recuperação Fiscal - Outros Processos Parte 2 - TAMANHO: M,Story,2026-03-06T19:11:33.413-0300,2026-05-18T10:38:54.347-0300,Waiting Test,Test,natanael.rabelo,SQUAD_8,2026-05-13,2026-05-18,
BF3E4-1293,[FINANCE - 37] Entidade: Recuperação Fiscal - Outros Processos Parte 2 - TAMANHO: M,Story,2026-03-06T19:11:33.413-0300,2026-05-15T18:10:09.000-0300,IN DEVELOPMENT,Waiting Test,lucas.lavnicki,SQUAD_8,2026-05-13,2026-05-18,
BF3E4-1293,[FINANCE - 37] Entidade: Recuperação Fiscal - Outros Processos Parte 2 - TAMANHO: M,Story,2026-03-06T19:11:33.413-0300,2026-05-14T12:12:33.542-0300,To Do,IN DEVELOPMENT,lucas.lavnicki,SQUAD_8,2026-05-13,2026-05-18,
BF3E4-1293,[FINANCE - 37] Entidade: Recuperação Fiscal - Outros Processos Parte 2 - TAMANHO: M,Story,2026-03-06T19:11:33.413-0300,2026-05-14T12:10:34.807-0300,Refined,To Do,lucas.lavnicki,SQUAD_8,2026-05-13,2026-05-18,
BF3E4-1293,[FINANCE - 37] Entidade: Recuperação Fiscal - Outros Processos Parte 2 - TAMANHO: M,Story,2026-03-06T19:11:33.413-0300,2026-03-16T15:43:34.216-0300,IN REFINEMENT,Refined,willian.santos,SQUAD_8,2026-05-13,2026-05-18,
BF3E4-1270,[FINANCE - 36] Entidade: Recuperação Fiscal - Garantia e Bonus - TAMANHO: M,Story,2026-03-06T19:10:50.191-0300,2026-05-15T11:33:19.875-0300,To Do,IN DEVELOPMENT,vitoria.vieira,SQUAD_8,2026-05-13,2026-05-19,2026-05-22T10:30:00.000-0300
BF3E4-1270,[FINANCE - 36] Entidade: Recuperação Fiscal - Garantia e Bonus - TAMANHO: M,Story,2026-03-06T19:10:50.191-0300,2026-05-14T14:32:52.374-0300,Refined,To Do,vitoria.vieira,SQUAD_8,2026-05-13,2026-05-19,2026-05-22T10:30:00.000-0300
BF3E4-1270,[FINANCE - 36] Entidade: Recuperação Fiscal - Garantia e Bonus - TAMANHO: M,Story,2026-03-06T19:10:50.191-0300,2026-03-16T15:43:06.960-0300,IN REFINEMENT,Refined,willian.santos,SQUAD_8,2026-05-13,2026-05-19,2026-05-22T10:30:00.000-0300
BF3E4-1270,[FINANCE - 36] Entidade: Recuperação Fiscal - Garantia e Bonus - TAMANHO: M,Story,2026-03-06T19:10:50.191-0300,2026-03-16T15:43:04.334-0300,WAITING REFINEMENT,IN REFINEMENT,willian.santos,SQUAD_8,2026-05-13,2026-05-19,2026-05-22T10:30:00.000-0300
BF3E4-1270,[FINANCE - 36] Entidade: Recuperação Fiscal - Garantia e Bonus - TAMANHO: M,Story,2026-03-06T19:10:50.191-0300,2026-03-16T15:43:00.522-0300,Open,WAITING REFINEMENT,willian.santos,SQUAD_8,2026-05-13,2026-05-19,2026-05-22T10:30:00.000-0300
BF3E4-1262,[FINANCE - 35] Entidade: User Parameters TaxOpe - Parte 4 (De-Para Estabelecimento) - TAMANHO: P,Story,2026-03-06T19:10:29.205-0300,2026-03-30T15:28:02.977-0300,Refined,Canceled,gerson.ramos,SQUAD_8,2026-05-12,2026-05-12,
BF3E4-1262,[FINANCE - 35] Entidade: User Parameters TaxOpe - Parte 4 (De-Para Estabelecimento) - TAMANHO: P,Story,2026-03-06T19:10:29.205-0300,2026-03-16T15:41:23.079-0300,IN REFINEMENT,Refined,willian.santos,SQUAD_8,2026-05-12,2026-05-12,
BF3E4-1262,[FINANCE - 35] Entidade: User Parameters TaxOpe - Parte 4 (De-Para Estabelecimento) - TAMANHO: P,Story,2026-03-06T19:10:29.205-0300,2026-03-16T15:41:20.773-0300,WAITING REFINEMENT,IN REFINEMENT,willian.santos,SQUAD_8,2026-05-12,2026-05-12,
BF3E4-1262,[FINANCE - 35] Entidade: User Parameters TaxOpe - Parte 4 (De-Para Estabelecimento) - TAMANHO: P,Story,2026-03-06T19:10:29.205-0300,2026-03-16T15:41:18.023-0300,Open,WAITING REFINEMENT,willian.santos,SQUAD_8,2026-05-12,2026-05-12,
BF3E4-1256,[FINANCE - 34] Entidade: Classificação Outros Ingressos Argentina - TAMANHO: G,Story,2026-03-06T19:10:10.794-0300,2026-05-22T13:15:32.606-0300,Waiting Test,Test,gustavo.gomes2,SQUAD_8,2026-05-12,2026-05-21,2026-05-20T15:00:00.000-0300
BF3E4-1256,[FINANCE - 34] Entidade: Classificação Outros Ingressos Argentina - TAMANHO: G,Story,2026-03-06T19:10:10.794-0300,2026-05-21T16:08:32.846-0300,IN DEVELOPMENT,Waiting Test,wellington.batista2,SQUAD_8,2026-05-12,2026-05-21,2026-05-20T15:00:00.000-0300
BF3E4-1256,[FINANCE - 34] Entidade: Classificação Outros Ingressos Argentina - TAMANHO: G,Story,2026-03-06T19:10:10.794-0300,2026-05-16T08:12:31.790-0300,To Do,IN DEVELOPMENT,wellington.batista2,SQUAD_8,2026-05-12,2026-05-21,2026-05-20T15:00:00.000-0300
BF3E4-1256,[FINANCE - 34] Entidade: Classificação Outros Ingressos Argentina - TAMANHO: G,Story,2026-03-06T19:10:10.794-0300,2026-05-15T13:33:54.584-0300,Refined,To Do,wellington.batista2,SQUAD_8,2026-05-12,2026-05-21,2026-05-20T15:00:00.000-0300
BF3E4-1256,[FINANCE - 34] Entidade: Classificação Outros Ingressos Argentina - TAMANHO: G,Story,2026-03-06T19:10:10.794-0300,2026-03-16T15:40:54.073-0300,IN REFINEMENT,Refined,willian.santos,SQUAD_8,2026-05-12,2026-05-21,2026-05-20T15:00:00.000-0300
BF3E4-1256,[FINANCE - 34] Entidade: Classificação Outros Ingressos Argentina - TAMANHO: G,Story,2026-03-06T19:10:10.794-0300,2026-03-16T15:40:47.814-0300,WAITING REFINEMENT,IN REFINEMENT,willian.santos,SQUAD_8,2026-05-12,2026-05-21,2026-05-20T15:00:00.000-0300
BF3E4-1256,[FINANCE - 34] Entidade: Classificação Outros Ingressos Argentina - TAMANHO: G,Story,2026-03-06T19:10:10.794-0300,2026-03-16T15:40:44.693-0300,Open,WAITING REFINEMENT,willian.santos,SQUAD_8,2026-05-12,2026-05-21,2026-05-20T15:00:00.000-0300
BF3E4-1244,[FINANCE - 33] Entidade: Análises Divergências Padrões Argentina - Parte 1 - TAMANHO: P,Story,2026-03-06T19:09:37.621-0300,2026-05-09T08:16:49.374-0300,To Do,IN DEVELOPMENT,vitoria.vieira,SQUAD_8,2026-05-12,2026-05-15,2026-05-25T18:00:00.000-0300
BF3E4-1244,[FINANCE - 33] Entidade: Análises Divergências Padrões Argentina - Parte 1 - TAMANHO: P,Story,2026-03-06T19:09:37.621-0300,2026-05-08T13:56:34.702-0300,Refined,To Do,vitoria.vieira,SQUAD_8,2026-05-12,2026-05-15,2026-05-25T18:00:00.000-0300
BF3E4-1232,[FINANCE - 32] Entidade: Análise Alíquota Mensal e Novos Fornecedores - TAMANHO: G,Story,2026-03-06T19:09:12.286-0300,2026-05-13T16:22:33.632-0300,To Do,IN DEVELOPMENT,vitor.silva7,SQUAD_8,2026-05-12,2026-05-25,2026-05-22T17:00:00.000-0300
BF3E4-1232,[FINANCE - 32] Entidade: Análise Alíquota Mensal e Novos Fornecedores - TAMANHO: G,Story,2026-03-06T19:09:12.286-0300,2026-05-13T16:20:46.049-0300,Refined,To Do,vitor.silva7,SQUAD_8,2026-05-12,2026-05-25,2026-05-22T17:00:00.000-0300
BF3E4-1232,[FINANCE - 32] Entidade: Análise Alíquota Mensal e Novos Fornecedores - TAMANHO: G,Story,2026-03-06T19:09:12.286-0300,2026-03-16T15:39:36.477-0300,IN REFINEMENT,Refined,willian.santos,SQUAD_8,2026-05-12,2026-05-25,2026-05-22T17:00:00.000-0300
BF3E4-1232,[FINANCE - 32] Entidade: Análise Alíquota Mensal e Novos Fornecedores - TAMANHO: G,Story,2026-03-06T19:09:12.286-0300,2026-03-16T15:39:32.182-0300,WAITING REFINEMENT,IN REFINEMENT,willian.santos,SQUAD_8,2026-05-12,2026-05-25,2026-05-22T17:00:00.000-0300
BF3E4-1232,[FINANCE - 32] Entidade: Análise Alíquota Mensal e Novos Fornecedores - TAMANHO: G,Story,2026-03-06T19:09:12.286-0300,2026-03-16T15:39:29.334-0300,Open,WAITING REFINEMENT,willian.santos,SQUAD_8,2026-05-12,2026-05-25,2026-05-22T17:00:00.000-0300
BF3E4-1209,[FINANCE - 31] Entidade: Padrões Fisco Argentina - Storage Trigger - Parte 2 - TAMANHO: G,Story,2026-03-06T19:08:30.244-0300,2026-05-22T12:54:32.933-0300,Test,Done,natanael.silva,SQUAD_8,2026-05-12,2026-05-22,
BF3E4-1209,[FINANCE - 31] Entidade: Padrões Fisco Argentina - Storage Trigger - Parte 2 - TAMANHO: G,Story,2026-03-06T19:08:30.244-0300,2026-05-18T18:32:56.436-0300,Waiting Test,Test,gustavo.gomes2,SQUAD_8,2026-05-12,2026-05-22,
BF3E4-1209,[FINANCE - 31] Entidade: Padrões Fisco Argentina - Storage Trigger - Parte 2 - TAMANHO: G,Story,2026-03-06T19:08:30.244-0300,2026-05-15T16:39:28.626-0300,IN DEVELOPMENT,Waiting Test,gerson.ramos,SQUAD_8,2026-05-12,2026-05-22,
BF3E4-1209,[FINANCE - 31] Entidade: Padrões Fisco Argentina - Storage Trigger - Parte 2 - TAMANHO: G,Story,2026-03-06T19:08:30.244-0300,2026-05-13T12:29:51.810-0300,To Do,IN DEVELOPMENT,gerson.ramos,SQUAD_8,2026-05-12,2026-05-22,
BF3E4-1209,[FINANCE - 31] Entidade: Padrões Fisco Argentina - Storage Trigger - Parte 2 - TAMANHO: G,Story,2026-03-06T19:08:30.244-0300,2026-05-13T12:29:48.599-0300,Refined,To Do,gerson.ramos,SQUAD_8,2026-05-12,2026-05-22,
BF3E4-1191,[FINANCE - 30] Entidade: Padrões Fisco Argentina - Storage Trigger - Parte 1 - TAMANHO: G,Story,2026-03-06T19:07:51.975-0300,2026-05-18T17:59:15.241-0300,Test,Done,gustavo.gomes2,SQUAD_8,2026-05-12,2026-05-25,2026-05-15T16:00:00.000-0300
BF3E4-1191,[FINANCE - 30] Entidade: Padrões Fisco Argentina - Storage Trigger - Parte 1 - TAMANHO: G,Story,2026-03-06T19:07:51.975-0300,2026-05-18T08:33:11.335-0300,Waiting Test,Test,gustavo.gomes2,SQUAD_8,2026-05-12,2026-05-25,2026-05-15T16:00:00.000-0300
BF3E4-1191,[FINANCE - 30] Entidade: Padrões Fisco Argentina - Storage Trigger - Parte 1 - TAMANHO: G,Story,2026-03-06T19:07:51.975-0300,2026-05-15T12:16:22.324-0300,IN DEVELOPMENT,Waiting Test,wellington.batista2,SQUAD_8,2026-05-12,2026-05-25,2026-05-15T16:00:00.000-0300
BF3E4-1191,[FINANCE - 30] Entidade: Padrões Fisco Argentina - Storage Trigger - Parte 1 - TAMANHO: G,Story,2026-03-06T19:07:51.975-0300,2026-05-11T14:02:08.587-0300,To Do,IN DEVELOPMENT,wellington.batista2,SQUAD_8,2026-05-12,2026-05-25,2026-05-15T16:00:00.000-0300
BF3E4-1191,[FINANCE - 30] Entidade: Padrões Fisco Argentina - Storage Trigger - Parte 1 - TAMANHO: G,Story,2026-03-06T19:07:51.975-0300,2026-05-11T14:02:06.559-0300,Refined,To Do,wellington.batista2,SQUAD_8,2026-05-12,2026-05-25,2026-05-15T16:00:00.000-0300
BF3E4-1191,[FINANCE - 30] Entidade: Padrões Fisco Argentina - Storage Trigger - Parte 1 - TAMANHO: G,Story,2026-03-06T19:07:51.975-0300,2026-03-16T15:36:35.538-0300,IN REFINEMENT,Refined,willian.santos,SQUAD_8,2026-05-12,2026-05-25,2026-05-15T16:00:00.000-0300
BF3E4-1191,[FINANCE - 30] Entidade: Padrões Fisco Argentina - Storage Trigger - Parte 1 - TAMANHO: G,Story,2026-03-06T19:07:51.975-0300,2026-03-16T15:36:32.794-0300,WAITING REFINEMENT,IN REFINEMENT,willian.santos,SQUAD_8,2026-05-12,2026-05-25,2026-05-15T16:00:00.000-0300
BF3E4-1191,[FINANCE - 30] Entidade: Padrões Fisco Argentina - Storage Trigger - Parte 1 - TAMANHO: G,Story,2026-03-06T19:07:51.975-0300,2026-03-16T15:36:29.861-0300,Open,WAITING REFINEMENT,willian.santos,SQUAD_8,2026-05-12,2026-05-25,2026-05-15T16:00:00.000-0300
BF3E4-1176,[FINANCE - 29] Entidade: SAP Hana Conciliação - Cloud Functions Storage Trigger - TAMANHO: M,Story,2026-03-06T19:07:23.088-0300,2026-05-19T19:59:30.195-0300,Test,Done,natanael.silva,SQUAD_8,2026-05-12,2026-05-15,2026-05-19T14:00:00.000-0300
BF3E4-1176,[FINANCE - 29] Entidade: SAP Hana Conciliação - Cloud Functions Storage Trigger - TAMANHO: M,Story,2026-03-06T19:07:23.088-0300,2026-05-17T10:16:33.002-0300,Waiting Test,Test,natanael.silva,SQUAD_8,2026-05-12,2026-05-15,2026-05-19T14:00:00.000-0300
BF3E4-1176,[FINANCE - 29] Entidade: SAP Hana Conciliação - Cloud Functions Storage Trigger - TAMANHO: M,Story,2026-03-06T19:07:23.088-0300,2026-05-14T12:09:20.373-0300,IN DEVELOPMENT,Waiting Test,lucas.lavnicki,SQUAD_8,2026-05-12,2026-05-15,2026-05-19T14:00:00.000-0300
BF3E4-1176,[FINANCE - 29] Entidade: SAP Hana Conciliação - Cloud Functions Storage Trigger - TAMANHO: M,Story,2026-03-06T19:07:23.088-0300,2026-05-11T10:18:03.708-0300,To Do,IN DEVELOPMENT,lucas.lavnicki,SQUAD_8,2026-05-12,2026-05-15,2026-05-19T14:00:00.000-0300
BF3E4-1176,[FINANCE - 29] Entidade: SAP Hana Conciliação - Cloud Functions Storage Trigger - TAMANHO: M,Story,2026-03-06T19:07:23.088-0300,2026-05-08T11:39:25.435-0300,Refined,To Do,lucas.lavnicki,SQUAD_8,2026-05-12,2026-05-15,2026-05-19T14:00:00.000-0300
BF3E4-1176,[FINANCE - 29] Entidade: SAP Hana Conciliação - Cloud Functions Storage Trigger - TAMANHO: M,Story,2026-03-06T19:07:23.088-0300,2026-03-16T15:33:48.028-0300,IN REFINEMENT,Refined,willian.santos,SQUAD_8,2026-05-12,2026-05-15,2026-05-19T14:00:00.000-0300
BF3E4-1176,[FINANCE - 29] Entidade: SAP Hana Conciliação - Cloud Functions Storage Trigger - TAMANHO: M,Story,2026-03-06T19:07:23.088-0300,2026-03-16T15:33:45.730-0300,WAITING REFINEMENT,IN REFINEMENT,willian.santos,SQUAD_8,2026-05-12,2026-05-15,2026-05-19T14:00:00.000-0300
BF3E4-1154,[FINANCE - 28] Entidade: Cloud Functions Storage Trigger - Parte 3 - TAMANHO: P,Story,2026-03-06T19:06:43.261-0300,2026-05-18T12:01:47.442-0300,Test,Done,natanael.silva,SQUAD_8,2026-05-11,2026-05-12,2026-05-15T14:00:00.000-0300
BF3E4-1154,[FINANCE - 28] Entidade: Cloud Functions Storage Trigger - Parte 3 - TAMANHO: P,Story,2026-03-06T19:06:43.261-0300,2026-05-17T09:29:05.033-0300,Waiting Test,Test,natanael.silva,SQUAD_8,2026-05-11,2026-05-12,2026-05-15T14:00:00.000-0300
BF3E4-1154,[FINANCE - 28] Entidade: Cloud Functions Storage Trigger - Parte 3 - TAMANHO: P,Story,2026-03-06T19:06:43.261-0300,2026-05-15T16:43:43.371-0300,IN DEVELOPMENT,Waiting Test,Jose Costa Albuquerque Junior,SQUAD_8,2026-05-11,2026-05-12,2026-05-15T14:00:00.000-0300
BF3E4-1154,[FINANCE - 28] Entidade: Cloud Functions Storage Trigger - Parte 3 - TAMANHO: P,Story,2026-03-06T19:06:43.261-0300,2026-05-15T16:43:39.221-0300,To Do,IN DEVELOPMENT,Jose Costa Albuquerque Junior,SQUAD_8,2026-05-11,2026-05-12,2026-05-15T14:00:00.000-0300
BF3E4-1154,[FINANCE - 28] Entidade: Cloud Functions Storage Trigger - Parte 3 - TAMANHO: P,Story,2026-03-06T19:06:43.261-0300,2026-05-08T11:13:25.017-0300,Refined,To Do,lucas.lavnicki,SQUAD_8,2026-05-11,2026-05-12,2026-05-15T14:00:00.000-0300
BF3E4-1130,[FINANCE - 27] Entidade: Cloud Functions Storage Trigger - Parte 2 - TAMANHO: G,Story,2026-03-06T19:05:57.679-0300,2026-05-18T08:32:25.195-0300,Test,Done,gustavo.gomes2,SQUAD_8,2026-05-08,2026-05-18,2026-05-14T17:00:00.000-0300
BF3E4-1130,[FINANCE - 27] Entidade: Cloud Functions Storage Trigger - Parte 2 - TAMANHO: G,Story,2026-03-06T19:05:57.679-0300,2026-05-14T12:06:42.165-0300,Waiting Test,Test,natanael.silva,SQUAD_8,2026-05-08,2026-05-18,2026-05-14T17:00:00.000-0300
BF3E4-1130,[FINANCE - 27] Entidade: Cloud Functions Storage Trigger - Parte 2 - TAMANHO: G,Story,2026-03-06T19:05:57.679-0300,2026-05-13T16:14:24.792-0300,IN DEVELOPMENT,Waiting Test,vitor.silva7,SQUAD_8,2026-05-08,2026-05-18,2026-05-14T17:00:00.000-0300
BF3E4-1130,[FINANCE - 27] Entidade: Cloud Functions Storage Trigger - Parte 2 - TAMANHO: G,Story,2026-03-06T19:05:57.679-0300,2026-05-07T16:20:26.946-0300,To Do,IN DEVELOPMENT,vitor.silva7,SQUAD_8,2026-05-08,2026-05-18,2026-05-14T17:00:00.000-0300
BF3E4-1130,[FINANCE - 27] Entidade: Cloud Functions Storage Trigger - Parte 2 - TAMANHO: G,Story,2026-03-06T19:05:57.679-0300,2026-05-05T11:42:00.185-0300,Refined,To Do,vitor.silva7,SQUAD_8,2026-05-08,2026-05-18,2026-05-14T17:00:00.000-0300
BF3E4-1111,[FINANCE - 26] Entidade: Cloud Functions Storage Trigger - Parte 1 - TAMANHO: G,Story,2026-03-06T19:05:20.179-0300,2026-05-11T16:50:01.770-0300,Test,Done,natanael.silva,SQUAD_8,2026-05-07,2026-05-19,2026-05-11T17:30:00.000-0300
BF3E4-1111,[FINANCE - 26] Entidade: Cloud Functions Storage Trigger - Parte 1 - TAMANHO: G,Story,2026-03-06T19:05:20.179-0300,2026-05-08T18:26:14.412-0300,Waiting Test,Test,roberta.squinello,SQUAD_8,2026-05-07,2026-05-19,2026-05-11T17:30:00.000-0300
BF3E4-1111,[FINANCE - 26] Entidade: Cloud Functions Storage Trigger - Parte 1 - TAMANHO: G,Story,2026-03-06T19:05:20.179-0300,2026-05-08T13:37:24.322-0300,IN DEVELOPMENT,Waiting Test,vitoria.vieira,SQUAD_8,2026-05-07,2026-05-19,2026-05-11T17:30:00.000-0300
BF3E4-1111,[FINANCE - 26] Entidade: Cloud Functions Storage Trigger - Parte 1 - TAMANHO: G,Story,2026-03-06T19:05:20.179-0300,2026-05-05T13:56:49.423-0300,To Do,IN DEVELOPMENT,vitoria.vieira,SQUAD_8,2026-05-07,2026-05-19,2026-05-11T17:30:00.000-0300
BF3E4-1111,[FINANCE - 26] Entidade: Cloud Functions Storage Trigger - Parte 1 - TAMANHO: G,Story,2026-03-06T19:05:20.179-0300,2026-05-05T13:56:41.735-0300,Refined,To Do,vitoria.vieira,SQUAD_8,2026-05-07,2026-05-19,2026-05-11T17:30:00.000-0300
BF3E4-1098,"[FINANCE - 25] Entidade: Interfaces SAP ZRFI - Parte 2 (440, 441, 442, 300) - TAMANHO: G",Story,2026-03-06T19:04:52.412-0300,2026-05-16T18:07:01.228-0300,Test,Done,natanael.silva,SQUAD_8,2026-05-06,2026-05-15,2026-05-12T15:30:00.000-0300
BF3E4-1098,"[FINANCE - 25] Entidade: Interfaces SAP ZRFI - Parte 2 (440, 441, 442, 300) - TAMANHO: G",Story,2026-03-06T19:04:52.412-0300,2026-05-09T14:14:17.366-0300,Waiting Test,Test,natanael.silva,SQUAD_8,2026-05-06,2026-05-15,2026-05-12T15:30:00.000-0300
BF3E4-1098,"[FINANCE - 25] Entidade: Interfaces SAP ZRFI - Parte 2 (440, 441, 442, 300) - TAMANHO: G",Story,2026-03-06T19:04:52.412-0300,2026-05-08T18:34:49.352-0300,IN DEVELOPMENT,Waiting Test,wellington.batista2,SQUAD_8,2026-05-06,2026-05-15,2026-05-12T15:30:00.000-0300
BF3E4-1098,"[FINANCE - 25] Entidade: Interfaces SAP ZRFI - Parte 2 (440, 441, 442, 300) - TAMANHO: G",Story,2026-03-06T19:04:52.412-0300,2026-05-04T13:37:55.555-0300,To Do,IN DEVELOPMENT,wellington.batista2,SQUAD_8,2026-05-06,2026-05-15,2026-05-12T15:30:00.000-0300
BF3E4-1098,"[FINANCE - 25] Entidade: Interfaces SAP ZRFI - Parte 2 (440, 441, 442, 300) - TAMANHO: G",Story,2026-03-06T19:04:52.412-0300,2026-05-04T13:36:42.514-0300,Refined,To Do,wellington.batista2,SQUAD_8,2026-05-06,2026-05-15,2026-05-12T15:30:00.000-0300
BF3E4-1083,"[FINANCE - 24] Entidade: Interfaces SAP ZRFI - Parte 1 (410, 430, 431) - TAMANHO: G",Story,2026-03-06T19:04:23.213-0300,2026-05-03T09:22:31.803-0300,Test,Done,natanael.rabelo,SQUAD_8,2026-04-29,2026-05-07,
BF3E4-1083,"[FINANCE - 24] Entidade: Interfaces SAP ZRFI - Parte 1 (410, 430, 431) - TAMANHO: G",Story,2026-03-06T19:04:23.213-0300,2026-05-02T14:41:10.613-0300,Waiting Test,Test,natanael.rabelo,SQUAD_8,2026-04-29,2026-05-07,
BF3E4-1083,"[FINANCE - 24] Entidade: Interfaces SAP ZRFI - Parte 1 (410, 430, 431) - TAMANHO: G",Story,2026-03-06T19:04:23.213-0300,2026-04-30T20:06:26.027-0300,IN DEVELOPMENT,Waiting Test,gerson.ramos,SQUAD_8,2026-04-29,2026-05-07,
BF3E4-1083,"[FINANCE - 24] Entidade: Interfaces SAP ZRFI - Parte 1 (410, 430, 431) - TAMANHO: G",Story,2026-03-06T19:04:23.213-0300,2026-04-30T01:15:41.173-0300,To Do,IN DEVELOPMENT,gerson.ramos,SQUAD_8,2026-04-29,2026-05-07,
BF3E4-1083,"[FINANCE - 24] Entidade: Interfaces SAP ZRFI - Parte 1 (410, 430, 431) - TAMANHO: G",Story,2026-03-06T19:04:23.213-0300,2026-04-30T01:15:38.138-0300,Refined,To Do,gerson.ramos,SQUAD_8,2026-04-29,2026-05-07,
BF3E4-1083,"[FINANCE - 24] Entidade: Interfaces SAP ZRFI - Parte 1 (410, 430, 431) - TAMANHO: G",Story,2026-03-06T19:04:23.213-0300,2026-03-17T17:07:35.977-0300,IN REFINEMENT,Refined,willian.santos,SQUAD_8,2026-04-29,2026-05-07,
BF3E4-1083,"[FINANCE - 24] Entidade: Interfaces SAP ZRFI - Parte 1 (410, 430, 431) - TAMANHO: G",Story,2026-03-06T19:04:23.213-0300,2026-03-17T17:07:32.943-0300,WAITING REFINEMENT,IN REFINEMENT,willian.santos,SQUAD_8,2026-04-29,2026-05-07,
BF3E4-1083,"[FINANCE - 24] Entidade: Interfaces SAP ZRFI - Parte 1 (410, 430, 431) - TAMANHO: G",Story,2026-03-06T19:04:23.213-0300,2026-03-16T15:11:03.517-0300,Open,WAITING REFINEMENT,willian.santos,SQUAD_8,2026-04-29,2026-05-07,
BF3E4-1076,[FINANCE - 23] Entidade: Recuperação Fiscal - Carga Fria - TAMANHO: G,Story,2026-03-06T19:04:05.231-0300,2026-05-08T18:05:26.808-0300,Test,Done,roberta.squinello,SQUAD_8,2026-04-28,2026-05-08,2026-05-13T15:30:00.000-0300
BF3E4-1076,[FINANCE - 23] Entidade: Recuperação Fiscal - Carga Fria - TAMANHO: G,Story,2026-03-06T19:04:05.231-0300,2026-05-08T16:18:09.151-0300,Waiting Test,Test,roberta.squinello,SQUAD_8,2026-04-28,2026-05-08,2026-05-13T15:30:00.000-0300
BF3E4-1076,[FINANCE - 23] Entidade: Recuperação Fiscal - Carga Fria - TAMANHO: G,Story,2026-03-06T19:04:05.231-0300,2026-05-07T12:04:58.897-0300,IN DEVELOPMENT,Waiting Test,lucas.lavnicki,SQUAD_8,2026-04-28,2026-05-08,2026-05-13T15:30:00.000-0300
BF3E4-1076,[FINANCE - 23] Entidade: Recuperação Fiscal - Carga Fria - TAMANHO: G,Story,2026-03-06T19:04:05.231-0300,2026-04-28T09:58:52.559-0300,To Do,IN DEVELOPMENT,lucas.lavnicki,SQUAD_8,2026-04-28,2026-05-08,2026-05-13T15:30:00.000-0300
BF3E4-1076,[FINANCE - 23] Entidade: Recuperação Fiscal - Carga Fria - TAMANHO: G,Story,2026-03-06T19:04:05.231-0300,2026-04-28T09:58:50.300-0300,Refined,To Do,lucas.lavnicki,SQUAD_8,2026-04-28,2026-05-08,2026-05-13T15:30:00.000-0300
BF3E4-1056,[FINANCE - 22] Entidade: User Parameters TaxOpe - Parte 3 (Estabelecimento e Fornecedor) - TAMANHO: G,Story,2026-03-06T19:03:25.506-0300,2026-05-07T00:11:09.832-0300,Test,Done,natanael.silva,SQUAD_8,2026-04-28,2026-05-12,
BF3E4-1056,[FINANCE - 22] Entidade: User Parameters TaxOpe - Parte 3 (Estabelecimento e Fornecedor) - TAMANHO: G,Story,2026-03-06T19:03:25.506-0300,2026-05-05T17:12:46.459-0300,Waiting Test,Test,natanael.silva,SQUAD_8,2026-04-28,2026-05-12,
BF3E4-1056,[FINANCE - 22] Entidade: User Parameters TaxOpe - Parte 3 (Estabelecimento e Fornecedor) - TAMANHO: G,Story,2026-03-06T19:03:25.506-0300,2026-05-05T13:54:57.807-0300,IN DEVELOPMENT,Waiting Test,vitoria.vieira,SQUAD_8,2026-04-28,2026-05-12,
BF3E4-1056,[FINANCE - 22] Entidade: User Parameters TaxOpe - Parte 3 (Estabelecimento e Fornecedor) - TAMANHO: G,Story,2026-03-06T19:03:25.506-0300,2026-04-29T09:05:55.973-0300,To Do,IN DEVELOPMENT,vitoria.vieira,SQUAD_8,2026-04-28,2026-05-12,
BF3E4-1056,[FINANCE - 22] Entidade: User Parameters TaxOpe - Parte 3 (Estabelecimento e Fornecedor) - TAMANHO: G,Story,2026-03-06T19:03:25.506-0300,2026-04-28T12:43:28.804-0300,Refined,To Do,gerson.ramos,SQUAD_8,2026-04-28,2026-05-12,
BF3E4-1039,[FINANCE - 21] Entidade: User Parameters TaxOpe - Parte 2 (CNPJs e Argentina) - TAMANHO: G,Story,2026-03-06T19:02:49.956-0300,2026-05-02T17:45:01.828-0300,Test,Done,natanael.rabelo,SQUAD_8,2026-04-27,2026-05-06,
BF3E4-1039,[FINANCE - 21] Entidade: User Parameters TaxOpe - Parte 2 (CNPJs e Argentina) - TAMANHO: G,Story,2026-03-06T19:02:49.956-0300,2026-05-02T16:08:31.401-0300,Waiting Test,Test,natanael.rabelo,SQUAD_8,2026-04-27,2026-05-06,
BF3E4-1039,[FINANCE - 21] Entidade: User Parameters TaxOpe - Parte 2 (CNPJs e Argentina) - TAMANHO: G,Story,2026-03-06T19:02:49.956-0300,2026-04-28T12:42:18.758-0300,IN DEVELOPMENT,Waiting Test,gerson.ramos,SQUAD_8,2026-04-27,2026-05-06,
BF3E4-1039,[FINANCE - 21] Entidade: User Parameters TaxOpe - Parte 2 (CNPJs e Argentina) - TAMANHO: G,Story,2026-03-06T19:02:49.956-0300,2026-03-26T16:07:35.825-0300,To Do,IN DEVELOPMENT,lucas.lavnicki,SQUAD_8,2026-04-27,2026-05-06,
BF3E4-1039,[FINANCE - 21] Entidade: User Parameters TaxOpe - Parte 2 (CNPJs e Argentina) - TAMANHO: G,Story,2026-03-06T19:02:49.956-0300,2026-03-26T15:56:26.527-0300,Refined,To Do,gerson.ramos,SQUAD_8,2026-04-27,2026-05-06,
BF3E4-1039,[FINANCE - 21] Entidade: User Parameters TaxOpe - Parte 2 (CNPJs e Argentina) - TAMANHO: G,Story,2026-03-06T19:02:49.956-0300,2026-03-16T14:57:20.428-0300,IN REFINEMENT,Refined,willian.santos,SQUAD_8,2026-04-27,2026-05-06,
BF3E4-1039,[FINANCE - 21] Entidade: User Parameters TaxOpe - Parte 2 (CNPJs e Argentina) - TAMANHO: G,Story,2026-03-06T19:02:49.956-0300,2026-03-16T14:57:17.496-0300,WAITING REFINEMENT,IN REFINEMENT,willian.santos,SQUAD_8,2026-04-27,2026-05-06,
BF3E4-1039,[FINANCE - 21] Entidade: User Parameters TaxOpe - Parte 2 (CNPJs e Argentina) - TAMANHO: G,Story,2026-03-06T19:02:49.956-0300,2026-03-16T14:57:14.541-0300,Open,WAITING REFINEMENT,willian.santos,SQUAD_8,2026-04-27,2026-05-06,
BF3E4-1023,[FINANCE - 20] Entidade: User Parameters TaxOpe - Parte 1 - TAMANHO: M,Story,2026-03-06T19:02:14.559-0300,2026-05-04T14:40:09.386-0300,Test,Done,natanael.rabelo,SQUAD_8,2026-04-27,2026-05-05,
BF3E4-1023,[FINANCE - 20] Entidade: User Parameters TaxOpe - Parte 1 - TAMANHO: M,Story,2026-03-06T19:02:14.559-0300,2026-05-02T16:50:23.454-0300,Waiting Test,Test,natanael.rabelo,SQUAD_8,2026-04-27,2026-05-05,
BF3E4-1023,[FINANCE - 20] Entidade: User Parameters TaxOpe - Parte 1 - TAMANHO: M,Story,2026-03-06T19:02:14.559-0300,2026-04-27T23:10:53.161-0300,IN DEVELOPMENT,Waiting Test,gerson.ramos,SQUAD_8,2026-04-27,2026-05-05,
BF3E4-1023,[FINANCE - 20] Entidade: User Parameters TaxOpe - Parte 1 - TAMANHO: M,Story,2026-03-06T19:02:14.559-0300,2026-03-26T16:07:33.400-0300,To Do,IN DEVELOPMENT,lucas.lavnicki,SQUAD_8,2026-04-27,2026-05-05,
BF3E4-1023,[FINANCE - 20] Entidade: User Parameters TaxOpe - Parte 1 - TAMANHO: M,Story,2026-03-06T19:02:14.559-0300,2026-03-26T15:56:14.715-0300,Refined,To Do,gerson.ramos,SQUAD_8,2026-04-27,2026-05-05,
BF3E4-1023,[FINANCE - 20] Entidade: User Parameters TaxOpe - Parte 1 - TAMANHO: M,Story,2026-03-06T19:02:14.559-0300,2026-03-16T14:55:13.592-0300,IN REFINEMENT,Refined,willian.santos,SQUAD_8,2026-04-27,2026-05-05,
BF3E4-1023,[FINANCE - 20] Entidade: User Parameters TaxOpe - Parte 1 - TAMANHO: M,Story,2026-03-06T19:02:14.559-0300,2026-03-16T14:55:10.015-0300,WAITING REFINEMENT,IN REFINEMENT,willian.santos,SQUAD_8,2026-04-27,2026-05-05,
BF3E4-1023,[FINANCE - 20] Entidade: User Parameters TaxOpe - Parte 1 - TAMANHO: M,Story,2026-03-06T19:02:14.559-0300,2026-03-16T14:55:05.066-0300,Open,WAITING REFINEMENT,willian.santos,SQUAD_8,2026-04-27,2026-05-05,
BF3E4-1015,[FINANCE - 19] Entidade: Manifesto Destinatário e Elog - TAMANHO: P,Story,2026-03-06T19:01:53.844-0300,2026-05-07T11:36:13.336-0300,Test,Done,roberta.squinello,SQUAD_8,2026-04-23,2026-04-24,
BF3E4-1015,[FINANCE - 19] Entidade: Manifesto Destinatário e Elog - TAMANHO: P,Story,2026-03-06T19:01:53.844-0300,2026-05-07T10:25:08.776-0300,Waiting Test,Test,roberta.squinello,SQUAD_8,2026-04-23,2026-04-24,
BF3E4-1015,[FINANCE - 19] Entidade: Manifesto Destinatário e Elog - TAMANHO: P,Story,2026-03-06T19:01:53.844-0300,2026-05-04T11:50:09.596-0300,IN DEVELOPMENT,Waiting Test,lucas.lavnicki,SQUAD_8,2026-04-23,2026-04-24,
BF3E4-1015,[FINANCE - 19] Entidade: Manifesto Destinatário e Elog - TAMANHO: P,Story,2026-03-06T19:01:53.844-0300,2026-03-30T10:07:28.910-0300,To Do,IN DEVELOPMENT,lucas.lavnicki,SQUAD_8,2026-04-23,2026-04-24,
BF3E4-1015,[FINANCE - 19] Entidade: Manifesto Destinatário e Elog - TAMANHO: P,Story,2026-03-06T19:01:53.844-0300,2026-03-30T10:07:26.227-0300,Refined,To Do,lucas.lavnicki,SQUAD_8,2026-04-23,2026-04-24,
BF3E4-1015,[FINANCE - 19] Entidade: Manifesto Destinatário e Elog - TAMANHO: P,Story,2026-03-06T19:01:53.844-0300,2026-03-16T14:52:02.238-0300,IN REFINEMENT,Refined,willian.santos,SQUAD_8,2026-04-23,2026-04-24,
BF3E4-1015,[FINANCE - 19] Entidade: Manifesto Destinatário e Elog - TAMANHO: P,Story,2026-03-06T19:01:53.844-0300,2026-03-16T14:51:59.776-0300,WAITING REFINEMENT,IN REFINEMENT,willian.santos,SQUAD_8,2026-04-23,2026-04-24,
BF3E4-1015,[FINANCE - 19] Entidade: Manifesto Destinatário e Elog - TAMANHO: P,Story,2026-03-06T19:01:53.844-0300,2026-03-16T14:51:56.789-0300,Open,WAITING REFINEMENT,willian.santos,SQUAD_8,2026-04-23,2026-04-24,
BF3E4-1015,[FINANCE - 19] Entidade: Manifesto Destinatário e Elog - TAMANHO: P,Story,2026-03-06T19:01:53.844-0300,2026-03-16T14:51:54.082-0300,WAITING REFINEMENT,Open,willian.santos,SQUAD_8,2026-04-23,2026-04-24,
BF3E4-1015,[FINANCE - 19] Entidade: Manifesto Destinatário e Elog - TAMANHO: P,Story,2026-03-06T19:01:53.844-0300,2026-03-16T14:51:51.670-0300,Open,WAITING REFINEMENT,willian.santos,SQUAD_8,2026-04-23,2026-04-24,
BF3E4-1003,[FINANCE - 18] Entidade: NFe/CTe Saída Teksid - TAMANHO: M,Story,2026-03-06T19:01:24.684-0300,2026-05-08T16:10:14.456-0300,Test,Done,roberta.squinello,SQUAD_8,2026-04-23,2026-04-28,2026-05-08T14:00:00.000-0300
BF3E4-1003,[FINANCE - 18] Entidade: NFe/CTe Saída Teksid - TAMANHO: M,Story,2026-03-06T19:01:24.684-0300,2026-05-05T17:14:24.564-0300,Waiting Test,Test,roberta.squinello,SQUAD_8,2026-04-23,2026-04-28,2026-05-08T14:00:00.000-0300
BF3E4-1003,[FINANCE - 18] Entidade: NFe/CTe Saída Teksid - TAMANHO: M,Story,2026-03-06T19:01:24.684-0300,2026-05-04T09:57:10.126-0300,IN DEVELOPMENT,Waiting Test,wellington.batista2,SQUAD_8,2026-04-23,2026-04-28,2026-05-08T14:00:00.000-0300
BF3E4-1003,[FINANCE - 18] Entidade: NFe/CTe Saída Teksid - TAMANHO: M,Story,2026-03-06T19:01:24.684-0300,2026-04-27T11:05:02.316-0300,To Do,IN DEVELOPMENT,wellington.batista2,SQUAD_8,2026-04-23,2026-04-28,2026-05-08T14:00:00.000-0300
BF3E4-1003,[FINANCE - 18] Entidade: NFe/CTe Saída Teksid - TAMANHO: M,Story,2026-03-06T19:01:24.684-0300,2026-04-27T11:04:59.405-0300,Refined,To Do,wellington.batista2,SQUAD_8,2026-04-23,2026-04-28,2026-05-08T14:00:00.000-0300
BF3E4-991,[FINANCE - 17] Entidade: NFe/CTe Saída PCMA - TAMANHO: M,Story,2026-03-06T19:00:54.978-0300,2026-05-03T10:00:18.825-0300,Test,Done,natanael.silva,SQUAD_8,2026-04-22,2026-04-27,
BF3E4-991,[FINANCE - 17] Entidade: NFe/CTe Saída PCMA - TAMANHO: M,Story,2026-03-06T19:00:54.978-0300,2026-05-02T15:12:30.164-0300,Waiting Test,Test,natanael.silva,SQUAD_8,2026-04-22,2026-04-27,
BF3E4-991,[FINANCE - 17] Entidade: NFe/CTe Saída PCMA - TAMANHO: M,Story,2026-03-06T19:00:54.978-0300,2026-04-27T15:46:55.635-0300,IN DEVELOPMENT,Waiting Test,gerson.ramos,SQUAD_8,2026-04-22,2026-04-27,
BF3E4-991,[FINANCE - 17] Entidade: NFe/CTe Saída PCMA - TAMANHO: M,Story,2026-03-06T19:00:54.978-0300,2026-04-24T14:19:14.244-0300,To Do,IN DEVELOPMENT,gerson.ramos,SQUAD_8,2026-04-22,2026-04-27,
BF3E4-991,[FINANCE - 17] Entidade: NFe/CTe Saída PCMA - TAMANHO: M,Story,2026-03-06T19:00:54.978-0300,2026-04-24T14:19:11.232-0300,Refined,To Do,gerson.ramos,SQUAD_8,2026-04-22,2026-04-27,
BF3E4-991,[FINANCE - 17] Entidade: NFe/CTe Saída PCMA - TAMANHO: M,Story,2026-03-06T19:00:54.978-0300,2026-03-16T14:56:23.558-0300,IN REFINEMENT,Refined,willian.santos,SQUAD_8,2026-04-22,2026-04-27,
BF3E4-991,[FINANCE - 17] Entidade: NFe/CTe Saída PCMA - TAMANHO: M,Story,2026-03-06T19:00:54.978-0300,2026-03-16T14:56:20.775-0300,WAITING REFINEMENT,IN REFINEMENT,willian.santos,SQUAD_8,2026-04-22,2026-04-27,
BF3E4-991,[FINANCE - 17] Entidade: NFe/CTe Saída PCMA - TAMANHO: M,Story,2026-03-06T19:00:54.978-0300,2026-03-16T14:56:16.745-0300,Open,WAITING REFINEMENT,willian.santos,SQUAD_8,2026-04-22,2026-04-27,
BF3E4-991,[FINANCE - 17] Entidade: NFe/CTe Saída PCMA - TAMANHO: M,Story,2026-03-06T19:00:54.978-0300,2026-03-16T14:56:13.285-0300,WAITING REFINEMENT,Open,willian.santos,SQUAD_8,2026-04-22,2026-04-27,
BF3E4-979,[FINANCE - 16] Entidade: NFe/CTe Saída CMP - TAMANHO: M,Story,2026-03-06T19:00:26.332-0300,2026-05-05T09:44:56.613-0300,Test,Done,roberta.squinello,SQUAD_8,2026-04-16,2026-04-22,
BF3E4-979,[FINANCE - 16] Entidade: NFe/CTe Saída CMP - TAMANHO: M,Story,2026-03-06T19:00:26.332-0300,2026-05-03T08:55:26.177-0300,Waiting Test,Test,isabela.romeu,SQUAD_8,2026-04-16,2026-04-22,
BF3E4-979,[FINANCE - 16] Entidade: NFe/CTe Saída CMP - TAMANHO: M,Story,2026-03-06T19:00:26.332-0300,2026-04-30T20:13:12.591-0300,IN DEVELOPMENT,Waiting Test,vitor.silva7,SQUAD_8,2026-04-16,2026-04-22,
BF3E4-979,[FINANCE - 16] Entidade: NFe/CTe Saída CMP - TAMANHO: M,Story,2026-03-06T19:00:26.332-0300,2026-04-22T09:25:39.989-0300,To Do,IN DEVELOPMENT,vitor.silva7,SQUAD_8,2026-04-16,2026-04-22,
BF3E4-979,[FINANCE - 16] Entidade: NFe/CTe Saída CMP - TAMANHO: M,Story,2026-03-06T19:00:26.332-0300,2026-04-22T09:25:37.159-0300,Refined,To Do,vitor.silva7,SQUAD_8,2026-04-16,2026-04-22,
BF3E4-979,[FINANCE - 16] Entidade: NFe/CTe Saída CMP - TAMANHO: M,Story,2026-03-06T19:00:26.332-0300,2026-03-16T14:44:59.195-0300,IN REFINEMENT,Refined,willian.santos,SQUAD_8,2026-04-16,2026-04-22,
BF3E4-979,[FINANCE - 16] Entidade: NFe/CTe Saída CMP - TAMANHO: M,Story,2026-03-06T19:00:26.332-0300,2026-03-16T14:44:56.407-0300,WAITING REFINEMENT,IN REFINEMENT,willian.santos,SQUAD_8,2026-04-16,2026-04-22,
BF3E4-979,[FINANCE - 16] Entidade: NFe/CTe Saída CMP - TAMANHO: M,Story,2026-03-06T19:00:26.332-0300,2026-03-16T14:44:52.487-0300,Open,WAITING REFINEMENT,willian.santos,SQUAD_8,2026-04-16,2026-04-22,
BF3E4-967,[FINANCE - 15] Entidade: NFe/CTe Saída CMA - TAMANHO: M,Story,2026-03-06T18:59:53.834-0300,2026-05-04T14:45:52.701-0300,Test,Done,roberta.squinello,SQUAD_8,2026-04-16,2026-04-22,
BF3E4-967,[FINANCE - 15] Entidade: NFe/CTe Saída CMA - TAMANHO: M,Story,2026-03-06T18:59:53.834-0300,2026-05-03T08:12:47.330-0300,Waiting Test,Test,isabela.romeu,SQUAD_8,2026-04-16,2026-04-22,
BF3E4-967,[FINANCE - 15] Entidade: NFe/CTe Saída CMA - TAMANHO: M,Story,2026-03-06T18:59:53.834-0300,2026-04-24T14:20:16.054-0300,In Code Review,Waiting Test,wellington.batista2,SQUAD_8,2026-04-16,2026-04-22,
BF3E4-967,[FINANCE - 15] Entidade: NFe/CTe Saída CMA - TAMANHO: M,Story,2026-03-06T18:59:53.834-0300,2026-04-24T14:20:13.947-0300,WAITING CODE REVIEW,In Code Review,wellington.batista2,SQUAD_8,2026-04-16,2026-04-22,
BF3E4-967,[FINANCE - 15] Entidade: NFe/CTe Saída CMA - TAMANHO: M,Story,2026-03-06T18:59:53.834-0300,2026-04-24T14:20:11.186-0300,IN DEVELOPMENT,WAITING CODE REVIEW,wellington.batista2,SQUAD_8,2026-04-16,2026-04-22,
BF3E4-967,[FINANCE - 15] Entidade: NFe/CTe Saída CMA - TAMANHO: M,Story,2026-03-06T18:59:53.834-0300,2026-04-24T11:45:18.114-0300,To Do,IN DEVELOPMENT,wellington.batista2,SQUAD_8,2026-04-16,2026-04-22,
BF3E4-967,[FINANCE - 15] Entidade: NFe/CTe Saída CMA - TAMANHO: M,Story,2026-03-06T18:59:53.834-0300,2026-04-24T11:45:16.386-0300,Refined,To Do,wellington.batista2,SQUAD_8,2026-04-16,2026-04-22,
BF3E4-967,[FINANCE - 15] Entidade: NFe/CTe Saída CMA - TAMANHO: M,Story,2026-03-06T18:59:53.834-0300,2026-03-16T14:43:42.648-0300,IN REFINEMENT,Refined,willian.santos,SQUAD_8,2026-04-16,2026-04-22,
BF3E4-967,[FINANCE - 15] Entidade: NFe/CTe Saída CMA - TAMANHO: M,Story,2026-03-06T18:59:53.834-0300,2026-03-16T14:43:40.148-0300,WAITING REFINEMENT,IN REFINEMENT,willian.santos,SQUAD_8,2026-04-16,2026-04-22,
BF3E4-967,[FINANCE - 15] Entidade: NFe/CTe Saída CMA - TAMANHO: M,Story,2026-03-06T18:59:53.834-0300,2026-03-16T14:43:37.267-0300,Open,WAITING REFINEMENT,willian.santos,SQUAD_8,2026-04-16,2026-04-22,
BF3E4-951,[FINANCE - 14] Entidade: NFe/CTe Saída FPT - TAMANHO: G,Story,2026-03-06T18:59:09.084-0300,2026-05-15T14:53:12.746-0300,Test,Done,natanael.silva,SQUAD_8,2026-04-16,2026-04-27,2026-05-14T13:30:00.000-0300
BF3E4-951,[FINANCE - 14] Entidade: NFe/CTe Saída FPT - TAMANHO: G,Story,2026-03-06T18:59:09.084-0300,2026-05-08T18:21:51.044-0300,Waiting Test,Test,roberta.squinello,SQUAD_8,2026-04-16,2026-04-27,2026-05-14T13:30:00.000-0300
BF3E4-951,[FINANCE - 14] Entidade: NFe/CTe Saída FPT - TAMANHO: G,Story,2026-03-06T18:59:09.084-0300,2026-05-08T10:26:19.855-0300,IN DEVELOPMENT,Waiting Test,Jose Costa Albuquerque Junior,SQUAD_8,2026-04-16,2026-04-27,2026-05-14T13:30:00.000-0300
BF3E4-951,[FINANCE - 14] Entidade: NFe/CTe Saída FPT - TAMANHO: G,Story,2026-03-06T18:59:09.084-0300,2026-04-29T10:58:07.878-0300,To Do,IN DEVELOPMENT,vitor.silva7,SQUAD_8,2026-04-16,2026-04-27,2026-05-14T13:30:00.000-0300
BF3E4-951,[FINANCE - 14] Entidade: NFe/CTe Saída FPT - TAMANHO: G,Story,2026-03-06T18:59:09.084-0300,2026-04-27T23:11:59.240-0300,Refined,To Do,gerson.ramos,SQUAD_8,2026-04-16,2026-04-27,2026-05-14T13:30:00.000-0300
BF3E4-936,[FINANCE - 13] Entidade: NFe/CTe Saída FIAT - TAMANHO: M,Story,2026-03-06T18:58:31.439-0300,2026-05-02T15:11:50.845-0300,Test,Done,natanael.silva,SQUAD_8,2026-04-16,2026-04-24,
BF3E4-936,[FINANCE - 13] Entidade: NFe/CTe Saída FIAT - TAMANHO: M,Story,2026-03-06T18:58:31.439-0300,2026-05-01T19:59:15.392-0300,Waiting Test,Test,natanael.silva,SQUAD_8,2026-04-16,2026-04-24,
BF3E4-936,[FINANCE - 13] Entidade: NFe/CTe Saída FIAT - TAMANHO: M,Story,2026-03-06T18:58:31.439-0300,2026-04-23T18:11:44.558-0300,In Code Review,Waiting Test,gerson.ramos,SQUAD_8,2026-04-16,2026-04-24,
BF3E4-936,[FINANCE - 13] Entidade: NFe/CTe Saída FIAT - TAMANHO: M,Story,2026-03-06T18:58:31.439-0300,2026-04-23T18:11:41.407-0300,WAITING CODE REVIEW,In Code Review,gerson.ramos,SQUAD_8,2026-04-16,2026-04-24,
BF3E4-936,[FINANCE - 13] Entidade: NFe/CTe Saída FIAT - TAMANHO: M,Story,2026-03-06T18:58:31.439-0300,2026-04-23T18:11:38.766-0300,IN DEVELOPMENT,WAITING CODE REVIEW,gerson.ramos,SQUAD_8,2026-04-16,2026-04-24,
BF3E4-936,[FINANCE - 13] Entidade: NFe/CTe Saída FIAT - TAMANHO: M,Story,2026-03-06T18:58:31.439-0300,2026-04-20T11:42:10.444-0300,To Do,IN DEVELOPMENT,gerson.ramos,SQUAD_8,2026-04-16,2026-04-24,
BF3E4-936,[FINANCE - 13] Entidade: NFe/CTe Saída FIAT - TAMANHO: M,Story,2026-03-06T18:58:31.439-0300,2026-04-20T11:42:06.705-0300,Refined,To Do,gerson.ramos,SQUAD_8,2026-04-16,2026-04-24,
BF3E4-922,[FINANCE - 12] Entidade: CTe Entrada Teksid - TAMANHO: M,Story,2026-03-06T18:57:59.327-0300,2026-05-04T14:06:31.227-0300,Test,Done,roberta.squinello,SQUAD_8,2026-04-14,2026-04-20,
BF3E4-922,[FINANCE - 12] Entidade: CTe Entrada Teksid - TAMANHO: M,Story,2026-03-06T18:57:59.327-0300,2026-05-02T19:07:30.850-0300,Waiting Test,Test,isabela.romeu,SQUAD_8,2026-04-14,2026-04-20,
BF3E4-922,[FINANCE - 12] Entidade: CTe Entrada Teksid - TAMANHO: M,Story,2026-03-06T18:57:59.327-0300,2026-04-23T14:48:35.086-0300,In Code Review,Waiting Test,wellington.batista2,SQUAD_8,2026-04-14,2026-04-20,
BF3E4-922,[FINANCE - 12] Entidade: CTe Entrada Teksid - TAMANHO: M,Story,2026-03-06T18:57:59.327-0300,2026-04-23T14:48:32.312-0300,WAITING CODE REVIEW,In Code Review,wellington.batista2,SQUAD_8,2026-04-14,2026-04-20,
BF3E4-922,[FINANCE - 12] Entidade: CTe Entrada Teksid - TAMANHO: M,Story,2026-03-06T18:57:59.327-0300,2026-04-23T14:48:14.386-0300,IN DEVELOPMENT,WAITING CODE REVIEW,wellington.batista2,SQUAD_8,2026-04-14,2026-04-20,
BF3E4-922,[FINANCE - 12] Entidade: CTe Entrada Teksid - TAMANHO: M,Story,2026-03-06T18:57:59.327-0300,2026-04-22T10:20:09.423-0300,To Do,IN DEVELOPMENT,wellington.batista2,SQUAD_8,2026-04-14,2026-04-20,
BF3E4-922,[FINANCE - 12] Entidade: CTe Entrada Teksid - TAMANHO: M,Story,2026-03-06T18:57:59.327-0300,2026-04-22T10:20:06.330-0300,Refined,To Do,wellington.batista2,SQUAD_8,2026-04-14,2026-04-20,
BF3E4-922,[FINANCE - 12] Entidade: CTe Entrada Teksid - TAMANHO: M,Story,2026-03-06T18:57:59.327-0300,2026-03-16T14:37:17.443-0300,IN REFINEMENT,Refined,willian.santos,SQUAD_8,2026-04-14,2026-04-20,
BF3E4-922,[FINANCE - 12] Entidade: CTe Entrada Teksid - TAMANHO: M,Story,2026-03-06T18:57:59.327-0300,2026-03-16T14:37:14.535-0300,WAITING REFINEMENT,IN REFINEMENT,willian.santos,SQUAD_8,2026-04-14,2026-04-20,
BF3E4-922,[FINANCE - 12] Entidade: CTe Entrada Teksid - TAMANHO: M,Story,2026-03-06T18:57:59.327-0300,2026-03-16T14:37:11.861-0300,Open,WAITING REFINEMENT,willian.santos,SQUAD_8,2026-04-14,2026-04-20,
BF3E4-908,[FINANCE - 11] Entidade: CTe Entrada PCMA - TAMANHO: M,Story,2026-03-06T18:57:29.656-0300,2026-05-04T17:25:08.183-0300,Test,Done,natanael.silva,SQUAD_8,2026-04-09,2026-04-15,
BF3E4-908,[FINANCE - 11] Entidade: CTe Entrada PCMA - TAMANHO: M,Story,2026-03-06T18:57:29.656-0300,2026-05-02T17:27:59.459-0300,Waiting Test,Test,isabela.romeu,SQUAD_8,2026-04-09,2026-04-15,
BF3E4-908,[FINANCE - 11] Entidade: CTe Entrada PCMA - TAMANHO: M,Story,2026-03-06T18:57:29.656-0300,2026-04-29T08:57:41.984-0300,IN DEVELOPMENT,Waiting Test,vitoria.vieira,SQUAD_8,2026-04-09,2026-04-15,
BF3E4-908,[FINANCE - 11] Entidade: CTe Entrada PCMA - TAMANHO: M,Story,2026-03-06T18:57:29.656-0300,2026-04-22T08:17:30.625-0300,To Do,IN DEVELOPMENT,wellington.batista2,SQUAD_8,2026-04-09,2026-04-15,
BF3E4-908,[FINANCE - 11] Entidade: CTe Entrada PCMA - TAMANHO: M,Story,2026-03-06T18:57:29.656-0300,2026-04-22T08:17:27.770-0300,Refined,To Do,wellington.batista2,SQUAD_8,2026-04-09,2026-04-15,
BF3E4-908,[FINANCE - 11] Entidade: CTe Entrada PCMA - TAMANHO: M,Story,2026-03-06T18:57:29.656-0300,2026-03-16T14:36:14.647-0300,IN REFINEMENT,Refined,willian.santos,SQUAD_8,2026-04-09,2026-04-15,
BF3E4-894,[FINANCE - 10] Entidade: CTe Entrada CMP - TAMANHO: M,Story,2026-03-06T18:56:58.971-0300,2026-05-01T19:58:18.044-0300,Test,Done,natanael.silva,SQUAD_8,2026-04-09,2026-04-15,
BF3E4-894,[FINANCE - 10] Entidade: CTe Entrada CMP - TAMANHO: M,Story,2026-03-06T18:56:58.971-0300,2026-04-30T16:02:31.514-0300,Waiting Test,Test,natanael.silva,SQUAD_8,2026-04-09,2026-04-15,
BF3E4-894,[FINANCE - 10] Entidade: CTe Entrada CMP - TAMANHO: M,Story,2026-03-06T18:56:58.971-0300,2026-04-17T17:48:54.492-0300,In Code Review,Waiting Test,gerson.ramos,SQUAD_8,2026-04-09,2026-04-15,
BF3E4-894,[FINANCE - 10] Entidade: CTe Entrada CMP - TAMANHO: M,Story,2026-03-06T18:56:58.971-0300,2026-04-17T17:48:51.728-0300,WAITING CODE REVIEW,In Code Review,gerson.ramos,SQUAD_8,2026-04-09,2026-04-15,
BF3E4-894,[FINANCE - 10] Entidade: CTe Entrada CMP - TAMANHO: M,Story,2026-03-06T18:56:58.971-0300,2026-04-17T17:48:48.872-0300,IN DEVELOPMENT,WAITING CODE REVIEW,gerson.ramos,SQUAD_8,2026-04-09,2026-04-15,
BF3E4-894,[FINANCE - 10] Entidade: CTe Entrada CMP - TAMANHO: M,Story,2026-03-06T18:56:58.971-0300,2026-04-16T18:22:30.015-0300,To Do,IN DEVELOPMENT,gerson.ramos,SQUAD_8,2026-04-09,2026-04-15,
BF3E4-894,[FINANCE - 10] Entidade: CTe Entrada CMP - TAMANHO: M,Story,2026-03-06T18:56:58.971-0300,2026-04-16T18:22:25.588-0300,Refined,To Do,gerson.ramos,SQUAD_8,2026-04-09,2026-04-15,
BF3E4-894,[FINANCE - 10] Entidade: CTe Entrada CMP - TAMANHO: M,Story,2026-03-06T18:56:58.971-0300,2026-03-16T14:34:40.022-0300,IN REFINEMENT,Refined,willian.santos,SQUAD_8,2026-04-09,2026-04-15,
BF3E4-894,[FINANCE - 10] Entidade: CTe Entrada CMP - TAMANHO: M,Story,2026-03-06T18:56:58.971-0300,2026-03-16T14:34:16.681-0300,WAITING REFINEMENT,IN REFINEMENT,willian.santos,SQUAD_8,2026-04-09,2026-04-15,
BF3E4-894,[FINANCE - 10] Entidade: CTe Entrada CMP - TAMANHO: M,Story,2026-03-06T18:56:58.971-0300,2026-03-16T14:34:06.237-0300,Open,WAITING REFINEMENT,willian.santos,SQUAD_8,2026-04-09,2026-04-15,
BF3E4-880,[FINANCE - 9] Entidade: CTe Entrada CMA - TAMANHO: M,Story,2026-03-06T18:56:26.977-0300,2026-04-27T15:14:22.611-0300,Test,Done,natanael.silva,SQUAD_8,2026-04-09,2026-04-15,
BF3E4-880,[FINANCE - 9] Entidade: CTe Entrada CMA - TAMANHO: M,Story,2026-03-06T18:56:26.977-0300,2026-04-22T15:00:20.345-0300,Waiting Test,Test,natanael.silva,SQUAD_8,2026-04-09,2026-04-15,
BF3E4-880,[FINANCE - 9] Entidade: CTe Entrada CMA - TAMANHO: M,Story,2026-03-06T18:56:26.977-0300,2026-04-16T14:17:10.709-0300,In Code Review,Waiting Test,gerson.ramos,SQUAD_8,2026-04-09,2026-04-15,
BF3E4-880,[FINANCE - 9] Entidade: CTe Entrada CMA - TAMANHO: M,Story,2026-03-06T18:56:26.977-0300,2026-04-16T14:17:05.431-0300,WAITING CODE REVIEW,In Code Review,gerson.ramos,SQUAD_8,2026-04-09,2026-04-15,
BF3E4-880,[FINANCE - 9] Entidade: CTe Entrada CMA - TAMANHO: M,Story,2026-03-06T18:56:26.977-0300,2026-04-16T14:16:57.023-0300,IN DEVELOPMENT,WAITING CODE REVIEW,gerson.ramos,SQUAD_8,2026-04-09,2026-04-15,
BF3E4-880,[FINANCE - 9] Entidade: CTe Entrada CMA - TAMANHO: M,Story,2026-03-06T18:56:26.977-0300,2026-04-15T18:32:21.779-0300,To Do,IN DEVELOPMENT,gerson.ramos,SQUAD_8,2026-04-09,2026-04-15,
BF3E4-880,[FINANCE - 9] Entidade: CTe Entrada CMA - TAMANHO: M,Story,2026-03-06T18:56:26.977-0300,2026-04-15T18:32:18.174-0300,Refined,To Do,gerson.ramos,SQUAD_8,2026-04-09,2026-04-15,
BF3E4-880,[FINANCE - 9] Entidade: CTe Entrada CMA - TAMANHO: M,Story,2026-03-06T18:56:26.977-0300,2026-03-16T14:32:09.069-0300,IN REFINEMENT,Refined,willian.santos,SQUAD_8,2026-04-09,2026-04-15,
BF3E4-880,[FINANCE - 9] Entidade: CTe Entrada CMA - TAMANHO: M,Story,2026-03-06T18:56:26.977-0300,2026-03-16T14:32:00.136-0300,WAITING REFINEMENT,IN REFINEMENT,willian.santos,SQUAD_8,2026-04-09,2026-04-15,
BF3E4-880,[FINANCE - 9] Entidade: CTe Entrada CMA - TAMANHO: M,Story,2026-03-06T18:56:26.977-0300,2026-03-16T14:31:55.504-0300,Open,WAITING REFINEMENT,willian.santos,SQUAD_8,2026-04-09,2026-04-15,
BF3E4-866,[FINANCE - 8] Entidade: CTe Entrada FPT - TAMANHO: M,Story,2026-03-06T18:55:49.478-0300,2026-05-08T11:04:39.896-0300,Test,Done,natanael.silva,SQUAD_8,2026-04-09,2026-04-15,2026-05-08T15:30:00.000-0300
BF3E4-866,[FINANCE - 8] Entidade: CTe Entrada FPT - TAMANHO: M,Story,2026-03-06T18:55:49.478-0300,2026-05-03T14:50:42.123-0300,Waiting Test,Test,natanael.silva,SQUAD_8,2026-04-09,2026-04-15,2026-05-08T15:30:00.000-0300
BF3E4-866,[FINANCE - 8] Entidade: CTe Entrada FPT - TAMANHO: M,Story,2026-03-06T18:55:49.478-0300,2026-05-03T14:39:38.756-0300,IN DEVELOPMENT,Waiting Test,roberta.squinello,SQUAD_8,2026-04-09,2026-04-15,2026-05-08T15:30:00.000-0300
BF3E4-866,[FINANCE - 8] Entidade: CTe Entrada FPT - TAMANHO: M,Story,2026-03-06T18:55:49.478-0300,2026-04-15T15:31:08.700-0300,To Do,IN DEVELOPMENT,roberta.squinello,SQUAD_8,2026-04-09,2026-04-15,2026-05-08T15:30:00.000-0300
BF3E4-866,[FINANCE - 8] Entidade: CTe Entrada FPT - TAMANHO: M,Story,2026-03-06T18:55:49.478-0300,2026-04-15T15:31:02.310-0300,Refined,To Do,roberta.squinello,SQUAD_8,2026-04-09,2026-04-15,2026-05-08T15:30:00.000-0300
BF3E4-852,[FINANCE - 7] Entidade: CTe Entrada FIAT - TAMANHO: M,Story,2026-03-06T18:55:17.504-0300,2026-05-05T10:36:07.311-0300,Test,Done,roberta.squinello,SQUAD_8,2026-04-07,2026-04-13,
BF3E4-852,[FINANCE - 7] Entidade: CTe Entrada FIAT - TAMANHO: M,Story,2026-03-06T18:55:17.504-0300,2026-05-02T09:19:51.089-0300,Waiting Test,Test,maria.lacerda2,SQUAD_8,2026-04-07,2026-04-13,
BF3E4-852,[FINANCE - 7] Entidade: CTe Entrada FIAT - TAMANHO: M,Story,2026-03-06T18:55:17.504-0300,2026-04-23T11:15:42.900-0300,In Code Review,Waiting Test,vitor.silva7,SQUAD_8,2026-04-07,2026-04-13,
BF3E4-852,[FINANCE - 7] Entidade: CTe Entrada FIAT - TAMANHO: M,Story,2026-03-06T18:55:17.504-0300,2026-04-23T11:15:39.994-0300,WAITING CODE REVIEW,In Code Review,vitor.silva7,SQUAD_8,2026-04-07,2026-04-13,
BF3E4-852,[FINANCE - 7] Entidade: CTe Entrada FIAT - TAMANHO: M,Story,2026-03-06T18:55:17.504-0300,2026-04-22T13:18:25.004-0300,IN DEVELOPMENT,WAITING CODE REVIEW,vitor.silva7,SQUAD_8,2026-04-07,2026-04-13,
BF3E4-852,[FINANCE - 7] Entidade: CTe Entrada FIAT - TAMANHO: M,Story,2026-03-06T18:55:17.504-0300,2026-04-13T16:23:31.310-0300,To Do,IN DEVELOPMENT,vitor.silva7,SQUAD_8,2026-04-07,2026-04-13,
BF3E4-852,[FINANCE - 7] Entidade: CTe Entrada FIAT - TAMANHO: M,Story,2026-03-06T18:55:17.504-0300,2026-04-13T16:23:25.698-0300,Refined,To Do,vitor.silva7,SQUAD_8,2026-04-07,2026-04-13,
BF3E4-838,[FINANCE - 6] Entidade: NFe Entrada Teksid - TAMANHO: M,Story,2026-03-06T18:54:37.106-0300,2026-05-05T10:27:18.416-0300,Test,Done,roberta.squinello,SQUAD_8,2026-04-01,2026-04-08,
BF3E4-838,[FINANCE - 6] Entidade: NFe Entrada Teksid - TAMANHO: M,Story,2026-03-06T18:54:37.106-0300,2026-05-01T16:08:54.017-0300,Waiting Test,Test,artenize.teles,SQUAD_8,2026-04-01,2026-04-08,
BF3E4-838,[FINANCE - 6] Entidade: NFe Entrada Teksid - TAMANHO: M,Story,2026-03-06T18:54:37.106-0300,2026-04-24T14:52:46.949-0300,In Code Review,Waiting Test,vitor.silva7,SQUAD_8,2026-04-01,2026-04-08,
BF3E4-838,[FINANCE - 6] Entidade: NFe Entrada Teksid - TAMANHO: M,Story,2026-03-06T18:54:37.106-0300,2026-04-24T14:52:44.454-0300,WAITING CODE REVIEW,In Code Review,vitor.silva7,SQUAD_8,2026-04-01,2026-04-08,
BF3E4-838,[FINANCE - 6] Entidade: NFe Entrada Teksid - TAMANHO: M,Story,2026-03-06T18:54:37.106-0300,2026-04-24T14:52:42.020-0300,IN DEVELOPMENT,WAITING CODE REVIEW,vitor.silva7,SQUAD_8,2026-04-01,2026-04-08,
BF3E4-838,[FINANCE - 6] Entidade: NFe Entrada Teksid - TAMANHO: M,Story,2026-03-06T18:54:37.106-0300,2026-04-09T17:01:56.419-0300,To Do,IN DEVELOPMENT,vitor.silva7,SQUAD_8,2026-04-01,2026-04-08,
BF3E4-838,[FINANCE - 6] Entidade: NFe Entrada Teksid - TAMANHO: M,Story,2026-03-06T18:54:37.106-0300,2026-04-01T13:03:38.795-0300,Refined,To Do,gerson.ramos,SQUAD_8,2026-04-01,2026-04-08,
BF3E4-824,[FINANCE - 5] Entidade: NFe Entrada PCMA - TAMANHO: M,Story,2026-03-06T18:53:54.962-0300,2026-04-22T14:57:59.004-0300,Test,Done,natanael.silva,SQUAD_8,2026-04-01,2026-04-08,
BF3E4-824,[FINANCE - 5] Entidade: NFe Entrada PCMA - TAMANHO: M,Story,2026-03-06T18:53:54.962-0300,2026-04-15T18:17:38.171-0300,Waiting Test,Test,gerson.ramos,SQUAD_8,2026-04-01,2026-04-08,
BF3E4-824,[FINANCE - 5] Entidade: NFe Entrada PCMA - TAMANHO: M,Story,2026-03-06T18:53:54.962-0300,2026-04-15T15:13:40.011-0300,In Code Review,Waiting Test,gerson.ramos,SQUAD_8,2026-04-01,2026-04-08,
BF3E4-824,[FINANCE - 5] Entidade: NFe Entrada PCMA - TAMANHO: M,Story,2026-03-06T18:53:54.962-0300,2026-04-15T15:13:32.669-0300,WAITING CODE REVIEW,In Code Review,gerson.ramos,SQUAD_8,2026-04-01,2026-04-08,
BF3E4-824,[FINANCE - 5] Entidade: NFe Entrada PCMA - TAMANHO: M,Story,2026-03-06T18:53:54.962-0300,2026-04-15T15:13:27.008-0300,IN DEVELOPMENT,WAITING CODE REVIEW,gerson.ramos,SQUAD_8,2026-04-01,2026-04-08,
BF3E4-824,[FINANCE - 5] Entidade: NFe Entrada PCMA - TAMANHO: M,Story,2026-03-06T18:53:54.962-0300,2026-04-09T14:44:53.808-0300,To Do,IN DEVELOPMENT,gerson.ramos,SQUAD_8,2026-04-01,2026-04-08,
BF3E4-824,[FINANCE - 5] Entidade: NFe Entrada PCMA - TAMANHO: M,Story,2026-03-06T18:53:54.962-0300,2026-04-01T13:03:26.061-0300,Refined,To Do,gerson.ramos,SQUAD_8,2026-04-01,2026-04-08,
BF3E4-824,[FINANCE - 5] Entidade: NFe Entrada PCMA - TAMANHO: M,Story,2026-03-06T18:53:54.962-0300,2026-03-16T14:28:53.624-0300,IN REFINEMENT,Refined,willian.santos,SQUAD_8,2026-04-01,2026-04-08,
BF3E4-824,[FINANCE - 5] Entidade: NFe Entrada PCMA - TAMANHO: M,Story,2026-03-06T18:53:54.962-0300,2026-03-16T14:28:49.350-0300,WAITING REFINEMENT,IN REFINEMENT,willian.santos,SQUAD_8,2026-04-01,2026-04-08,
BF3E4-824,[FINANCE - 5] Entidade: NFe Entrada PCMA - TAMANHO: M,Story,2026-03-06T18:53:54.962-0300,2026-03-16T14:28:45.056-0300,Open,WAITING REFINEMENT,willian.santos,SQUAD_8,2026-04-01,2026-04-08,
BF3E4-810,[FINANCE - 4] Entidade: NFe Entrada CMP - TAMANHO: M,Story,2026-03-06T18:53:05.884-0300,2026-05-03T10:16:49.007-0300,Test,Done,roberta.squinello,SQUAD_8,2026-04-01,2026-04-08,
BF3E4-810,[FINANCE - 4] Entidade: NFe Entrada CMP - TAMANHO: M,Story,2026-03-06T18:53:05.884-0300,2026-05-01T15:27:26.998-0300,Waiting Test,Test,roberta.squinello,SQUAD_8,2026-04-01,2026-04-08,
BF3E4-810,[FINANCE - 4] Entidade: NFe Entrada CMP - TAMANHO: M,Story,2026-03-06T18:53:05.884-0300,2026-04-28T14:39:56.281-0300,IN DEVELOPMENT,Waiting Test,vitor.silva7,SQUAD_8,2026-04-01,2026-04-08,
BF3E4-810,[FINANCE - 4] Entidade: NFe Entrada CMP - TAMANHO: M,Story,2026-03-06T18:53:05.884-0300,2026-04-07T11:04:53.629-0300,To Do,IN DEVELOPMENT,vitor.silva7,SQUAD_8,2026-04-01,2026-04-08,
BF3E4-810,[FINANCE - 4] Entidade: NFe Entrada CMP - TAMANHO: M,Story,2026-03-06T18:53:05.884-0300,2026-04-01T13:03:14.449-0300,Refined,To Do,gerson.ramos,SQUAD_8,2026-04-01,2026-04-08,
BF3E4-810,[FINANCE - 4] Entidade: NFe Entrada CMP - TAMANHO: M,Story,2026-03-06T18:53:05.884-0300,2026-03-16T14:27:17.308-0300,IN REFINEMENT,Refined,willian.santos,SQUAD_8,2026-04-01,2026-04-08,
BF3E4-810,[FINANCE - 4] Entidade: NFe Entrada CMP - TAMANHO: M,Story,2026-03-06T18:53:05.884-0300,2026-03-16T14:27:14.313-0300,WAITING REFINEMENT,IN REFINEMENT,willian.santos,SQUAD_8,2026-04-01,2026-04-08,
BF3E4-810,[FINANCE - 4] Entidade: NFe Entrada CMP - TAMANHO: M,Story,2026-03-06T18:53:05.884-0300,2026-03-16T14:27:09.099-0300,Open,WAITING REFINEMENT,willian.santos,SQUAD_8,2026-04-01,2026-04-08,
BF3E4-796,[FINANCE - 3] Entidade: NFe Entrada CMA - TAMANHO: M,Story,2026-03-06T18:52:20.183-0300,2026-05-09T12:28:46.066-0300,Test,Done,natanael.silva,SQUAD_8,2026-04-01,2026-04-08,2026-05-09T11:00:00.000-0300
BF3E4-796,[FINANCE - 3] Entidade: NFe Entrada CMA - TAMANHO: M,Story,2026-03-06T18:52:20.183-0300,2026-05-01T16:14:46.109-0300,Waiting Test,Test,igor.eca,SQUAD_8,2026-04-01,2026-04-08,2026-05-09T11:00:00.000-0300
BF3E4-796,[FINANCE - 3] Entidade: NFe Entrada CMA - TAMANHO: M,Story,2026-03-06T18:52:20.183-0300,2026-04-28T10:19:04.394-0300,IN DEVELOPMENT,Waiting Test,roberta.squinello,SQUAD_8,2026-04-01,2026-04-08,2026-05-09T11:00:00.000-0300
BF3E4-796,[FINANCE - 3] Entidade: NFe Entrada CMA - TAMANHO: M,Story,2026-03-06T18:52:20.183-0300,2026-04-01T10:20:07.879-0300,To Do,IN DEVELOPMENT,lucas.lavnicki,SQUAD_8,2026-04-01,2026-04-08,2026-05-09T11:00:00.000-0300
BF3E4-796,[FINANCE - 3] Entidade: NFe Entrada CMA - TAMANHO: M,Story,2026-03-06T18:52:20.183-0300,2026-04-01T10:20:05.047-0300,Refined,To Do,lucas.lavnicki,SQUAD_8,2026-04-01,2026-04-08,2026-05-09T11:00:00.000-0300
BF3E4-796,[FINANCE - 3] Entidade: NFe Entrada CMA - TAMANHO: M,Story,2026-03-06T18:52:20.183-0300,2026-03-16T14:25:03.762-0300,IN REFINEMENT,Refined,willian.santos,SQUAD_8,2026-04-01,2026-04-08,2026-05-09T11:00:00.000-0300
BF3E4-796,[FINANCE - 3] Entidade: NFe Entrada CMA - TAMANHO: M,Story,2026-03-06T18:52:20.183-0300,2026-03-16T14:25:00.711-0300,WAITING REFINEMENT,IN REFINEMENT,willian.santos,SQUAD_8,2026-04-01,2026-04-08,2026-05-09T11:00:00.000-0300
BF3E4-796,[FINANCE - 3] Entidade: NFe Entrada CMA - TAMANHO: M,Story,2026-03-06T18:52:20.183-0300,2026-03-16T14:24:55.246-0300,Open,WAITING REFINEMENT,willian.santos,SQUAD_8,2026-04-01,2026-04-08,2026-05-09T11:00:00.000-0300
BF3E4-782,[FINANCE - 2] Entidade: NFe Entrada FPT - TAMANHO: M,Story,2026-03-06T18:51:26.308-0300,2026-05-04T16:56:52.157-0300,Test,Done,roberta.squinello,SQUAD_8,2026-03-30,2026-04-06,
BF3E4-782,[FINANCE - 2] Entidade: NFe Entrada FPT - TAMANHO: M,Story,2026-03-06T18:51:26.308-0300,2026-05-01T11:04:45.440-0300,Waiting Test,Test,wesley.bomfim,SQUAD_8,2026-03-30,2026-04-06,
BF3E4-782,[FINANCE - 2] Entidade: NFe Entrada FPT - TAMANHO: M,Story,2026-03-06T18:51:26.308-0300,2026-04-30T11:16:07.896-0300,IN DEVELOPMENT,Waiting Test,Jose Costa Albuquerque Junior,SQUAD_8,2026-03-30,2026-04-06,
BF3E4-782,[FINANCE - 2] Entidade: NFe Entrada FPT - TAMANHO: M,Story,2026-03-06T18:51:26.308-0300,2026-04-01T10:19:57.503-0300,To Do,IN DEVELOPMENT,lucas.lavnicki,SQUAD_8,2026-03-30,2026-04-06,
BF3E4-782,[FINANCE - 2] Entidade: NFe Entrada FPT - TAMANHO: M,Story,2026-03-06T18:51:26.308-0300,2026-04-01T10:19:54.332-0300,Refined,To Do,lucas.lavnicki,SQUAD_8,2026-03-30,2026-04-06,
BF3E4-768,[FINANCE - 1] Entidade: NFe Entrada FIAT - TAMANHO: M,Story,2026-03-06T18:28:11.247-0300,2026-04-30T14:39:46.886-0300,Test,Done,natanael.silva,SQUAD_8,2026-03-23,2026-03-27,
BF3E4-768,[FINANCE - 1] Entidade: NFe Entrada FIAT - TAMANHO: M,Story,2026-03-06T18:28:11.247-0300,2026-04-27T15:32:14.190-0300,Waiting Test,Test,natanael.silva,SQUAD_8,2026-03-23,2026-03-27,
BF3E4-768,[FINANCE - 1] Entidade: NFe Entrada FIAT - TAMANHO: M,Story,2026-03-06T18:28:11.247-0300,2026-04-20T15:34:14.570-0300,In Code Review,Waiting Test,lucas.lavnicki,SQUAD_8,2026-03-23,2026-03-27,
BF3E4-768,[FINANCE - 1] Entidade: NFe Entrada FIAT - TAMANHO: M,Story,2026-03-06T18:28:11.247-0300,2026-04-20T15:34:11.757-0300,WAITING CODE REVIEW,In Code Review,lucas.lavnicki,SQUAD_8,2026-03-23,2026-03-27,
BF3E4-768,[FINANCE - 1] Entidade: NFe Entrada FIAT - TAMANHO: M,Story,2026-03-06T18:28:11.247-0300,2026-04-20T15:34:07.752-0300,IN DEVELOPMENT,WAITING CODE REVIEW,lucas.lavnicki,SQUAD_8,2026-03-23,2026-03-27,
BF3E4-768,[FINANCE - 1] Entidade: NFe Entrada FIAT - TAMANHO: M,Story,2026-03-06T18:28:11.247-0300,2026-03-25T14:32:13.874-0300,To Do,IN DEVELOPMENT,wellington.batista2,SQUAD_8,2026-03-23,2026-03-27,
BF3E4-768,[FINANCE - 1] Entidade: NFe Entrada FIAT - TAMANHO: M,Story,2026-03-06T18:28:11.247-0300,2026-03-25T14:32:10.467-0300,Refined,To Do,wellington.batista2,SQUAD_8,2026-03-23,2026-03-27,
BF3E4-768,[FINANCE - 1] Entidade: NFe Entrada FIAT - TAMANHO: M,Story,2026-03-06T18:28:11.247-0300,2026-03-16T14:18:09.299-0300,IN REFINEMENT,Refined,willian.santos,SQUAD_8,2026-03-23,2026-03-27,
BF3E4-768,[FINANCE - 1] Entidade: NFe Entrada FIAT - TAMANHO: M,Story,2026-03-06T18:28:11.247-0300,2026-03-16T14:18:04.759-0300,WAITING REFINEMENT,IN REFINEMENT,willian.santos,SQUAD_8,2026-03-23,2026-03-27,
BF3E4-760,[MOPAR - 39] Assunto: Click - Parte 6 - TAMANHO: P,Story,2026-03-06T18:26:56.779-0300,2026-05-11T12:52:28.728-0300,Test,Done,natanael.rabelo,SQUAD_2,2026-05-05,2026-05-07,2026-05-11T18:00:00.000-0300
BF3E4-760,[MOPAR - 39] Assunto: Click - Parte 6 - TAMANHO: P,Story,2026-03-06T18:26:56.779-0300,2026-05-09T07:45:14.685-0300,Waiting Test,Test,natanael.rabelo,SQUAD_2,2026-05-05,2026-05-07,2026-05-11T18:00:00.000-0300
BF3E4-760,[MOPAR - 39] Assunto: Click - Parte 6 - TAMANHO: P,Story,2026-03-06T18:26:56.779-0300,2026-05-08T18:24:17.798-0300,IN DEVELOPMENT,Waiting Test,anderson.lesniewski,SQUAD_2,2026-05-05,2026-05-07,2026-05-11T18:00:00.000-0300
BF3E4-760,[MOPAR - 39] Assunto: Click - Parte 6 - TAMANHO: P,Story,2026-03-06T18:26:56.779-0300,2026-05-01T11:07:02.744-0300,To Do,IN DEVELOPMENT,anderson.lesniewski,SQUAD_2,2026-05-05,2026-05-07,2026-05-11T18:00:00.000-0300
BF3E4-760,[MOPAR - 39] Assunto: Click - Parte 6 - TAMANHO: P,Story,2026-03-06T18:26:56.779-0300,2026-04-29T17:21:24.204-0300,Refined,To Do,nicoly.negrao,SQUAD_2,2026-05-05,2026-05-07,2026-05-11T18:00:00.000-0300
BF3E4-746,[MOPAR - 38] Assunto: Click - Parte 6 - TAMANHO: M,Story,2026-03-05T19:15:45.406-0300,2026-05-07T10:26:24.193-0300,Test,Done,natanael.rabelo,SQUAD_2,2026-04-30,2026-05-07,2026-05-07T18:00:00.000-0300
BF3E4-746,[MOPAR - 38] Assunto: Click - Parte 6 - TAMANHO: M,Story,2026-03-05T19:15:45.406-0300,2026-05-06T16:42:33.581-0300,Waiting Test,Test,natanael.rabelo,SQUAD_2,2026-04-30,2026-05-07,2026-05-07T18:00:00.000-0300
BF3E4-746,[MOPAR - 38] Assunto: Click - Parte 6 - TAMANHO: M,Story,2026-03-05T19:15:45.406-0300,2026-05-06T15:48:51.250-0300,IN DEVELOPMENT,Waiting Test,gustavo.gomes2,SQUAD_2,2026-04-30,2026-05-07,2026-05-07T18:00:00.000-0300
BF3E4-746,[MOPAR - 38] Assunto: Click - Parte 6 - TAMANHO: M,Story,2026-03-05T19:15:45.406-0300,2026-04-29T14:15:42.003-0300,To Do,IN DEVELOPMENT,eduardo.schrotke,SQUAD_2,2026-04-30,2026-05-07,2026-05-07T18:00:00.000-0300
BF3E4-746,[MOPAR - 38] Assunto: Click - Parte 6 - TAMANHO: M,Story,2026-03-05T19:15:45.406-0300,2026-04-29T14:15:34.204-0300,Refined,To Do,eduardo.schrotke,SQUAD_2,2026-04-30,2026-05-07,2026-05-07T18:00:00.000-0300
BF3E4-746,[MOPAR - 38] Assunto: Click - Parte 6 - TAMANHO: M,Story,2026-03-05T19:15:45.406-0300,2026-03-19T14:00:46.630-0300,IN REFINEMENT,Refined,victor.aguiar,SQUAD_2,2026-04-30,2026-05-07,2026-05-07T18:00:00.000-0300
BF3E4-733,[MOPAR - 37] Assunto: Click - Parte 5 (Produtos e Estatísticas) - TAMANHO: G,Story,2026-03-05T19:14:53.325-0300,2026-05-12T19:08:46.105-0300,Test,Done,natanael.rabelo,SQUAD_2,2026-05-01,2026-05-14,2026-05-12T18:00:00.000-0300
BF3E4-733,[MOPAR - 37] Assunto: Click - Parte 5 (Produtos e Estatísticas) - TAMANHO: G,Story,2026-03-05T19:14:53.325-0300,2026-05-07T17:50:27.575-0300,Waiting Test,Test,gustavo.gomes2,SQUAD_2,2026-05-01,2026-05-14,2026-05-12T18:00:00.000-0300
BF3E4-733,[MOPAR - 37] Assunto: Click - Parte 5 (Produtos e Estatísticas) - TAMANHO: G,Story,2026-03-05T19:14:53.325-0300,2026-05-06T15:49:18.414-0300,IN DEVELOPMENT,Waiting Test,gustavo.gomes2,SQUAD_2,2026-05-01,2026-05-14,2026-05-12T18:00:00.000-0300
BF3E4-733,[MOPAR - 37] Assunto: Click - Parte 5 (Produtos e Estatísticas) - TAMANHO: G,Story,2026-03-05T19:14:53.325-0300,2026-05-01T10:38:51.363-0300,To Do,IN DEVELOPMENT,gustavo.gomes2,SQUAD_2,2026-05-01,2026-05-14,2026-05-12T18:00:00.000-0300
BF3E4-733,[MOPAR - 37] Assunto: Click - Parte 5 (Produtos e Estatísticas) - TAMANHO: G,Story,2026-03-05T19:14:53.325-0300,2026-04-29T16:50:00.852-0300,Refined,To Do,waleska.lopes,SQUAD_2,2026-05-01,2026-05-14,2026-05-12T18:00:00.000-0300
BF3E4-721,[MOPAR - 36] Assunto: Click - Parte 5 (Produtos e Estatísticas) - TAMANHO: G,Story,2026-03-05T19:14:10.281-0300,2026-05-15T16:57:27.725-0300,Test,Done,isabela.romeu,SQUAD_2,,2026-05-11,2026-05-12T18:00:00.000-0300
BF3E4-721,[MOPAR - 36] Assunto: Click - Parte 5 (Produtos e Estatísticas) - TAMANHO: G,Story,2026-03-05T19:14:10.281-0300,2026-05-12T11:54:22.884-0300,Waiting Test,Test,isabela.romeu,SQUAD_2,,2026-05-11,2026-05-12T18:00:00.000-0300
BF3E4-721,[MOPAR - 36] Assunto: Click - Parte 5 (Produtos e Estatísticas) - TAMANHO: G,Story,2026-03-05T19:14:10.281-0300,2026-05-07T15:38:08.425-0300,IN DEVELOPMENT,Waiting Test,leonardo.menezes,SQUAD_2,,2026-05-11,2026-05-12T18:00:00.000-0300
BF3E4-721,[MOPAR - 36] Assunto: Click - Parte 5 (Produtos e Estatísticas) - TAMANHO: G,Story,2026-03-05T19:14:10.281-0300,2026-05-04T08:56:12.592-0300,To Do,IN DEVELOPMENT,willian.santos,SQUAD_2,,2026-05-11,2026-05-12T18:00:00.000-0300
BF3E4-721,[MOPAR - 36] Assunto: Click - Parte 5 (Produtos e Estatísticas) - TAMANHO: G,Story,2026-03-05T19:14:10.281-0300,2026-05-04T08:56:10.355-0300,Refined,To Do,willian.santos,SQUAD_2,,2026-05-11,2026-05-12T18:00:00.000-0300
BF3E4-709,[MOPAR - 35] Assunto: Click - Parte 4 (Produtos e Estatísticas) - TAMANHO: G,Story,2026-03-05T19:13:37.034-0300,2026-05-15T16:46:00.762-0300,Test,Done,guilherme.freitas2,SQUAD_2,2026-05-01,2026-05-13,2026-05-12T18:00:00.000-0300
BF3E4-709,[MOPAR - 35] Assunto: Click - Parte 4 (Produtos e Estatísticas) - TAMANHO: G,Story,2026-03-05T19:13:37.034-0300,2026-05-13T08:17:24.848-0300,Waiting Test,Test,guilherme.freitas2,SQUAD_2,2026-05-01,2026-05-13,2026-05-12T18:00:00.000-0300
BF3E4-709,[MOPAR - 35] Assunto: Click - Parte 4 (Produtos e Estatísticas) - TAMANHO: G,Story,2026-03-05T19:13:37.034-0300,2026-05-07T15:38:11.935-0300,IN DEVELOPMENT,Waiting Test,leonardo.menezes,SQUAD_2,2026-05-01,2026-05-13,2026-05-12T18:00:00.000-0300
BF3E4-709,[MOPAR - 35] Assunto: Click - Parte 4 (Produtos e Estatísticas) - TAMANHO: G,Story,2026-03-05T19:13:37.034-0300,2026-05-04T08:56:00.246-0300,To Do,IN DEVELOPMENT,willian.santos,SQUAD_2,2026-05-01,2026-05-13,2026-05-12T18:00:00.000-0300
BF3E4-709,[MOPAR - 35] Assunto: Click - Parte 4 (Produtos e Estatísticas) - TAMANHO: G,Story,2026-03-05T19:13:37.034-0300,2026-05-04T08:55:57.977-0300,Refined,To Do,willian.santos,SQUAD_2,2026-05-01,2026-05-13,2026-05-12T18:00:00.000-0300
BF3E4-695,"[MOPAR - 34] Assunto: Click - Parte 3 (Transporte, Viagens e Volumes) - TAMANHO: G",Story,2026-03-05T19:13:07.148-0300,2026-05-15T16:56:40.498-0300,Test,Done,natanael.rabelo,SQUAD_2,2026-04-30,2026-05-15,2026-05-12T18:00:00.000-0300
BF3E4-695,"[MOPAR - 34] Assunto: Click - Parte 3 (Transporte, Viagens e Volumes) - TAMANHO: G",Story,2026-03-05T19:13:07.148-0300,2026-05-12T12:19:17.451-0300,Waiting Test,Test,igor.simim,SQUAD_2,2026-04-30,2026-05-15,2026-05-12T18:00:00.000-0300
BF3E4-695,"[MOPAR - 34] Assunto: Click - Parte 3 (Transporte, Viagens e Volumes) - TAMANHO: G",Story,2026-03-05T19:13:07.148-0300,2026-05-07T15:39:29.322-0300,IN DEVELOPMENT,Waiting Test,leonardo.menezes,SQUAD_2,2026-04-30,2026-05-15,2026-05-12T18:00:00.000-0300
BF3E4-695,"[MOPAR - 34] Assunto: Click - Parte 3 (Transporte, Viagens e Volumes) - TAMANHO: G",Story,2026-03-05T19:13:07.148-0300,2026-05-04T08:55:49.405-0300,To Do,IN DEVELOPMENT,willian.santos,SQUAD_2,2026-04-30,2026-05-15,2026-05-12T18:00:00.000-0300
BF3E4-695,"[MOPAR - 34] Assunto: Click - Parte 3 (Transporte, Viagens e Volumes) - TAMANHO: G",Story,2026-03-05T19:13:07.148-0300,2026-05-04T08:55:41.586-0300,Refined,To Do,willian.santos,SQUAD_2,2026-04-30,2026-05-15,2026-05-12T18:00:00.000-0300
BF3E4-681,"[MOPAR - 33] Assunto: Click - Parte 2 (Pedidos, Notas e Faturamento) - TAMANHO: G",Story,2026-03-05T19:12:29.707-0300,2026-05-15T17:47:22.375-0300,Test,Done,lucineia.souza,SQUAD_2,2026-05-01,2026-05-15,2026-05-12T18:00:00.000-0300
BF3E4-681,"[MOPAR - 33] Assunto: Click - Parte 2 (Pedidos, Notas e Faturamento) - TAMANHO: G",Story,2026-03-05T19:12:29.707-0300,2026-05-09T15:11:03.313-0300,Waiting Test,Test,lucineia.souza,SQUAD_2,2026-05-01,2026-05-15,2026-05-12T18:00:00.000-0300
BF3E4-681,"[MOPAR - 33] Assunto: Click - Parte 2 (Pedidos, Notas e Faturamento) - TAMANHO: G",Story,2026-03-05T19:12:29.707-0300,2026-05-07T15:39:35.999-0300,IN DEVELOPMENT,Waiting Test,leonardo.menezes,SQUAD_2,2026-05-01,2026-05-15,2026-05-12T18:00:00.000-0300
BF3E4-681,"[MOPAR - 33] Assunto: Click - Parte 2 (Pedidos, Notas e Faturamento) - TAMANHO: G",Story,2026-03-05T19:12:29.707-0300,2026-05-04T10:06:51.713-0300,To Do,IN DEVELOPMENT,waleska.lopes,SQUAD_2,2026-05-01,2026-05-15,2026-05-12T18:00:00.000-0300
BF3E4-681,"[MOPAR - 33] Assunto: Click - Parte 2 (Pedidos, Notas e Faturamento) - TAMANHO: G",Story,2026-03-05T19:12:29.707-0300,2026-04-30T18:13:15.755-0300,Refined,To Do,waleska.lopes,SQUAD_2,2026-05-01,2026-05-15,2026-05-12T18:00:00.000-0300
BF3E4-667,[MOPAR - 32] Assunto: Click - Parte 1 (Armazém e Estoque) - TAMANHO: G,Story,2026-03-05T19:11:39.292-0300,2026-05-03T19:40:02.439-0300,Test,Done,igor.simim,SQUAD_2,2026-04-27,2026-05-11,2026-05-03T17:00:00.000-0300
BF3E4-667,[MOPAR - 32] Assunto: Click - Parte 1 (Armazém e Estoque) - TAMANHO: G,Story,2026-03-05T19:11:39.292-0300,2026-05-03T15:07:29.912-0300,Waiting Test,Test,igor.simim,SQUAD_2,2026-04-27,2026-05-11,2026-05-03T17:00:00.000-0300
BF3E4-667,[MOPAR - 32] Assunto: Click - Parte 1 (Armazém e Estoque) - TAMANHO: G,Story,2026-03-05T19:11:39.292-0300,2026-05-03T14:04:01.950-0300,IN DEVELOPMENT,Waiting Test,leonardo.menezes,SQUAD_2,2026-04-27,2026-05-11,2026-05-03T17:00:00.000-0300
BF3E4-667,[MOPAR - 32] Assunto: Click - Parte 1 (Armazém e Estoque) - TAMANHO: G,Story,2026-03-05T19:11:39.292-0300,2026-04-27T09:51:13.987-0300,To Do,IN DEVELOPMENT,waleska.lopes,SQUAD_2,2026-04-27,2026-05-11,2026-05-03T17:00:00.000-0300
BF3E4-667,[MOPAR - 32] Assunto: Click - Parte 1 (Armazém e Estoque) - TAMANHO: G,Story,2026-03-05T19:11:39.292-0300,2026-04-23T11:07:37.155-0300,Refined,To Do,waleska.lopes,SQUAD_2,2026-04-27,2026-05-11,2026-05-03T17:00:00.000-0300
BF3E4-657,[MOPAR - 31] Assunto: Red Dealers - TAMANHO: M,Story,2026-03-05T19:11:07.826-0300,2026-05-08T12:18:35.319-0300,Test,Done,jefferson.souza4,SQUAD_2,2026-04-27,2026-04-30,2026-05-12T18:00:00.000-0300
BF3E4-657,[MOPAR - 31] Assunto: Red Dealers - TAMANHO: M,Story,2026-03-05T19:11:07.826-0300,2026-05-07T13:17:28.547-0300,Waiting Test,Test,jefferson.souza4,SQUAD_2,2026-04-27,2026-04-30,2026-05-12T18:00:00.000-0300
BF3E4-657,[MOPAR - 31] Assunto: Red Dealers - TAMANHO: M,Story,2026-03-05T19:11:07.826-0300,2026-04-29T19:06:42.581-0300,IN DEVELOPMENT,Waiting Test,gustavo.gomes2,SQUAD_2,2026-04-27,2026-04-30,2026-05-12T18:00:00.000-0300
BF3E4-657,[MOPAR - 31] Assunto: Red Dealers - TAMANHO: M,Story,2026-03-05T19:11:07.826-0300,2026-04-29T18:53:36.117-0300,To Do,IN DEVELOPMENT,gustavo.gomes2,SQUAD_2,2026-04-27,2026-04-30,2026-05-12T18:00:00.000-0300
BF3E4-657,[MOPAR - 31] Assunto: Red Dealers - TAMANHO: M,Story,2026-03-05T19:11:07.826-0300,2026-04-29T18:53:25.384-0300,Refined,To Do,gustavo.gomes2,SQUAD_2,2026-04-27,2026-04-30,2026-05-12T18:00:00.000-0300
BF3E4-651,[MOPAR - 30] Assunto: IRPV2 Consolidação - TAMANHO: P,Story,2026-03-05T19:10:49.079-0300,2026-05-12T16:44:42.213-0300,Test,Done,jefferson.souza4,SQUAD_2,2026-04-27,2026-04-28,2026-05-12T18:00:00.000-0300
BF3E4-651,[MOPAR - 30] Assunto: IRPV2 Consolidação - TAMANHO: P,Story,2026-03-05T19:10:49.079-0300,2026-05-08T14:40:13.538-0300,Waiting Test,Test,jefferson.souza4,SQUAD_2,2026-04-27,2026-04-28,2026-05-12T18:00:00.000-0300
BF3E4-651,[MOPAR - 30] Assunto: IRPV2 Consolidação - TAMANHO: P,Story,2026-03-05T19:10:49.079-0300,2026-05-07T15:23:42.005-0300,IN DEVELOPMENT,Waiting Test,waleska.lopes,SQUAD_2,2026-04-27,2026-04-28,2026-05-12T18:00:00.000-0300
BF3E4-651,[MOPAR - 30] Assunto: IRPV2 Consolidação - TAMANHO: P,Story,2026-03-05T19:10:49.079-0300,2026-05-04T11:44:51.243-0300,To Do,IN DEVELOPMENT,nicoly.negrao,SQUAD_2,2026-04-27,2026-04-28,2026-05-12T18:00:00.000-0300
BF3E4-651,[MOPAR - 30] Assunto: IRPV2 Consolidação - TAMANHO: P,Story,2026-03-05T19:10:49.079-0300,2026-05-04T11:44:49.764-0300,Refined,To Do,nicoly.negrao,SQUAD_2,2026-04-27,2026-04-28,2026-05-12T18:00:00.000-0300
BF3E4-638,[MOPAR - 29] Assunto: IRPV MySQL - TAMANHO: M,Story,2026-03-05T19:10:19.217-0300,2026-05-04T17:49:40.577-0300,Test,Done,natanael.rabelo,SQUAD_2,2026-04-24,2026-05-04,2026-05-05T18:00:00.000-0300
BF3E4-638,[MOPAR - 29] Assunto: IRPV MySQL - TAMANHO: M,Story,2026-03-05T19:10:19.217-0300,2026-05-04T11:32:35.890-0300,Waiting Test,Test,natanael.rabelo,SQUAD_2,2026-04-24,2026-05-04,2026-05-05T18:00:00.000-0300
BF3E4-638,[MOPAR - 29] Assunto: IRPV MySQL - TAMANHO: M,Story,2026-03-05T19:10:19.217-0300,2026-04-29T17:38:10.186-0300,IN DEVELOPMENT,Waiting Test,gustavo.gomes2,SQUAD_2,2026-04-24,2026-05-04,2026-05-05T18:00:00.000-0300
BF3E4-638,[MOPAR - 29] Assunto: IRPV MySQL - TAMANHO: M,Story,2026-03-05T19:10:19.217-0300,2026-04-29T17:19:09.933-0300,To Do,IN DEVELOPMENT,gustavo.gomes2,SQUAD_2,2026-04-24,2026-05-04,2026-05-05T18:00:00.000-0300
BF3E4-638,[MOPAR - 29] Assunto: IRPV MySQL - TAMANHO: M,Story,2026-03-05T19:10:19.217-0300,2026-04-29T17:19:07.771-0300,Refined,To Do,gustavo.gomes2,SQUAD_2,2026-04-24,2026-05-04,2026-05-05T18:00:00.000-0300
BF3E4-631,[MOPAR - 28] Assunto: Garantia Revisões DataStage - TAMANHO: P,Story,2026-03-05T19:10:02.857-0300,2026-05-14T14:54:05.994-0300,Test,Done,maria.lacerda2,SQUAD_2,2026-04-23,2026-04-24,2026-05-11T18:00:00.000-0300
BF3E4-631,[MOPAR - 28] Assunto: Garantia Revisões DataStage - TAMANHO: P,Story,2026-03-05T19:10:02.857-0300,2026-05-12T18:18:39.042-0300,Waiting Test,Test,natanael.rabelo,SQUAD_2,2026-04-23,2026-04-24,2026-05-11T18:00:00.000-0300
BF3E4-631,[MOPAR - 28] Assunto: Garantia Revisões DataStage - TAMANHO: P,Story,2026-03-05T19:10:02.857-0300,2026-05-11T16:27:50.003-0300,IN DEVELOPMENT,Waiting Test,nicoly.negrao,SQUAD_2,2026-04-23,2026-04-24,2026-05-11T18:00:00.000-0300
BF3E4-631,[MOPAR - 28] Assunto: Garantia Revisões DataStage - TAMANHO: P,Story,2026-03-05T19:10:02.857-0300,2026-05-04T11:44:47.959-0300,To Do,IN DEVELOPMENT,nicoly.negrao,SQUAD_2,2026-04-23,2026-04-24,2026-05-11T18:00:00.000-0300
BF3E4-631,[MOPAR - 28] Assunto: Garantia Revisões DataStage - TAMANHO: P,Story,2026-03-05T19:10:02.857-0300,2026-05-04T11:44:44.130-0300,Refined,To Do,nicoly.negrao,SQUAD_2,2026-04-23,2026-04-24,2026-05-11T18:00:00.000-0300
BF3E4-623,"[MOPAR - 27] Assunto: User Parameters - Grupos, Local, Operações, Tesis - TAMANHO: M",Story,2026-03-05T19:09:44.173-0300,2026-05-12T18:51:21.573-0300,Test,Done,igor.simim,SQUAD_2,2026-04-23,2026-04-28,2026-05-13T18:00:00.000-0300
BF3E4-623,"[MOPAR - 27] Assunto: User Parameters - Grupos, Local, Operações, Tesis - TAMANHO: M",Story,2026-03-05T19:09:44.173-0300,2026-05-12T15:08:23.085-0300,Waiting Test,Test,igor.simim,SQUAD_2,2026-04-23,2026-04-28,2026-05-13T18:00:00.000-0300
BF3E4-623,"[MOPAR - 27] Assunto: User Parameters - Grupos, Local, Operações, Tesis - TAMANHO: M",Story,2026-03-05T19:09:44.173-0300,2026-05-11T10:38:25.925-0300,IN DEVELOPMENT,Waiting Test,jonas.kasakewitch,SQUAD_2,2026-04-23,2026-04-28,2026-05-13T18:00:00.000-0300
BF3E4-623,"[MOPAR - 27] Assunto: User Parameters - Grupos, Local, Operações, Tesis - TAMANHO: M",Story,2026-03-05T19:09:44.173-0300,2026-05-11T10:34:28.205-0300,To Do,IN DEVELOPMENT,waleska.lopes,SQUAD_2,2026-04-23,2026-04-28,2026-05-13T18:00:00.000-0300
BF3E4-623,"[MOPAR - 27] Assunto: User Parameters - Grupos, Local, Operações, Tesis - TAMANHO: M",Story,2026-03-05T19:09:44.173-0300,2026-05-11T10:34:24.179-0300,Refined,To Do,waleska.lopes,SQUAD_2,2026-04-23,2026-04-28,2026-05-13T18:00:00.000-0300
BF3E4-623,"[MOPAR - 27] Assunto: User Parameters - Grupos, Local, Operações, Tesis - TAMANHO: M",Story,2026-03-05T19:09:44.173-0300,2026-05-11T10:34:21.134-0300,IN REFINEMENT,Refined,waleska.lopes,SQUAD_2,2026-04-23,2026-04-28,2026-05-13T18:00:00.000-0300
BF3E4-623,"[MOPAR - 27] Assunto: User Parameters - Grupos, Local, Operações, Tesis - TAMANHO: M",Story,2026-03-05T19:09:44.173-0300,2026-05-11T10:34:16.686-0300,WAITING REFINEMENT,IN REFINEMENT,waleska.lopes,SQUAD_2,2026-04-23,2026-04-28,2026-05-13T18:00:00.000-0300
BF3E4-623,"[MOPAR - 27] Assunto: User Parameters - Grupos, Local, Operações, Tesis - TAMANHO: M",Story,2026-03-05T19:09:44.173-0300,2026-05-11T10:34:11.161-0300,Open,WAITING REFINEMENT,waleska.lopes,SQUAD_2,2026-04-23,2026-04-28,2026-05-13T18:00:00.000-0300
BF3E4-623,"[MOPAR - 27] Assunto: User Parameters - Grupos, Local, Operações, Tesis - TAMANHO: M",Story,2026-03-05T19:09:44.173-0300,2026-05-11T10:34:04.969-0300,Canceled,Open,waleska.lopes,SQUAD_2,2026-04-23,2026-04-28,2026-05-13T18:00:00.000-0300
BF3E4-623,"[MOPAR - 27] Assunto: User Parameters - Grupos, Local, Operações, Tesis - TAMANHO: M",Story,2026-03-05T19:09:44.173-0300,2026-05-11T09:05:18.440-0300,Done,Canceled,victor.aguiar,SQUAD_2,2026-04-23,2026-04-28,2026-05-13T18:00:00.000-0300
BF3E4-623,"[MOPAR - 27] Assunto: User Parameters - Grupos, Local, Operações, Tesis - TAMANHO: M",Story,2026-03-05T19:09:44.173-0300,2026-05-08T18:15:46.064-0300,Refined,Done,victor.aguiar,SQUAD_2,2026-04-23,2026-04-28,2026-05-13T18:00:00.000-0300
BF3E4-611,"[MOPAR - 26] Assunto: User Parameters - Tipos, Anomalias, Estorno, Budget - TAMANHO: G",Story,2026-03-05T19:09:17.390-0300,2026-05-13T17:45:45.173-0300,Test,Done,maria.lacerda2,SQUAD_2,2026-04-22,2026-05-04,2026-05-13T18:00:00.000-0300
BF3E4-611,"[MOPAR - 26] Assunto: User Parameters - Tipos, Anomalias, Estorno, Budget - TAMANHO: G",Story,2026-03-05T19:09:17.390-0300,2026-05-13T10:24:44.898-0300,Waiting Test,Test,maria.lacerda2,SQUAD_2,2026-04-22,2026-05-04,2026-05-13T18:00:00.000-0300
BF3E4-611,"[MOPAR - 26] Assunto: User Parameters - Tipos, Anomalias, Estorno, Budget - TAMANHO: G",Story,2026-03-05T19:09:17.390-0300,2026-05-11T10:41:31.959-0300,IN DEVELOPMENT,Waiting Test,jonas.kasakewitch,SQUAD_2,2026-04-22,2026-05-04,2026-05-13T18:00:00.000-0300
BF3E4-611,"[MOPAR - 26] Assunto: User Parameters - Tipos, Anomalias, Estorno, Budget - TAMANHO: G",Story,2026-03-05T19:09:17.390-0300,2026-05-05T09:55:03.479-0300,To Do,IN DEVELOPMENT,waleska.lopes,SQUAD_2,2026-04-22,2026-05-04,2026-05-13T18:00:00.000-0300
BF3E4-611,"[MOPAR - 26] Assunto: User Parameters - Tipos, Anomalias, Estorno, Budget - TAMANHO: G",Story,2026-03-05T19:09:17.390-0300,2026-05-05T09:54:57.772-0300,Refined,To Do,waleska.lopes,SQUAD_2,2026-04-22,2026-05-04,2026-05-13T18:00:00.000-0300
BF3E4-605,[MOPAR - 25] Assunto: Erros SG - TAMANHO: P,Story,2026-03-05T19:08:58.872-0300,2026-05-13T19:30:13.106-0300,Test,Done,jefferson.souza4,SQUAD_2,2026-04-20,2026-04-22,2026-05-13T18:00:00.000-0300
BF3E4-605,[MOPAR - 25] Assunto: Erros SG - TAMANHO: P,Story,2026-03-05T19:08:58.872-0300,2026-05-12T17:32:45.609-0300,Waiting Test,Test,jefferson.souza4,SQUAD_2,2026-04-20,2026-04-22,2026-05-13T18:00:00.000-0300
BF3E4-605,[MOPAR - 25] Assunto: Erros SG - TAMANHO: P,Story,2026-03-05T19:08:58.872-0300,2026-05-11T11:30:29.372-0300,IN DEVELOPMENT,Waiting Test,ricky.burgos,SQUAD_2,2026-04-20,2026-04-22,2026-05-13T18:00:00.000-0300
BF3E4-605,[MOPAR - 25] Assunto: Erros SG - TAMANHO: P,Story,2026-03-05T19:08:58.872-0300,2026-05-06T08:32:55.618-0300,To Do,IN DEVELOPMENT,ricky.burgos,SQUAD_2,2026-04-20,2026-04-22,2026-05-13T18:00:00.000-0300
BF3E4-605,[MOPAR - 25] Assunto: Erros SG - TAMANHO: P,Story,2026-03-05T19:08:58.872-0300,2026-05-05T09:57:30.773-0300,Refined,To Do,waleska.lopes,SQUAD_2,2026-04-20,2026-04-22,2026-05-13T18:00:00.000-0300
BF3E4-599,[MOPAR - 24] Assunto: Claims GCS - TAMANHO: P,Story,2026-03-05T19:08:42.182-0300,2026-05-06T12:16:24.726-0300,Test,Done,lucineia.souza,SQUAD_2,2026-04-20,2026-04-22,2026-05-06T18:00:00.000-0300
BF3E4-599,[MOPAR - 24] Assunto: Claims GCS - TAMANHO: P,Story,2026-03-05T19:08:42.182-0300,2026-05-06T12:02:38.400-0300,Waiting Test,Test,lucineia.souza,SQUAD_2,2026-04-20,2026-04-22,2026-05-06T18:00:00.000-0300
BF3E4-599,[MOPAR - 24] Assunto: Claims GCS - TAMANHO: P,Story,2026-03-05T19:08:42.182-0300,2026-05-04T17:29:51.407-0300,IN DEVELOPMENT,Waiting Test,joao.figueira,SQUAD_2,2026-04-20,2026-04-22,2026-05-06T18:00:00.000-0300
BF3E4-599,[MOPAR - 24] Assunto: Claims GCS - TAMANHO: P,Story,2026-03-05T19:08:42.182-0300,2026-05-02T12:58:39.219-0300,To Do,IN DEVELOPMENT,joao.figueira,SQUAD_2,2026-04-20,2026-04-22,2026-05-06T18:00:00.000-0300
BF3E4-599,[MOPAR - 24] Assunto: Claims GCS - TAMANHO: P,Story,2026-03-05T19:08:42.182-0300,2026-04-28T10:35:57.434-0300,Refined,To Do,waleska.lopes,SQUAD_2,2026-04-20,2026-04-22,2026-05-06T18:00:00.000-0300
BF3E4-599,[MOPAR - 24] Assunto: Claims GCS - TAMANHO: P,Story,2026-03-05T19:08:42.182-0300,2026-03-19T13:46:46.534-0300,IN REFINEMENT,Refined,victor.aguiar,SQUAD_2,2026-04-20,2026-04-22,2026-05-06T18:00:00.000-0300
BF3E4-599,[MOPAR - 24] Assunto: Claims GCS - TAMANHO: P,Story,2026-03-05T19:08:42.182-0300,2026-03-19T13:46:44.452-0300,WAITING REFINEMENT,IN REFINEMENT,victor.aguiar,SQUAD_2,2026-04-20,2026-04-22,2026-05-06T18:00:00.000-0300
BF3E4-584,"[MOPAR - 23] Assunto: SG Liquidadas - Operações, Desenhos e Cubo - TAMANHO: G",Story,2026-03-05T19:08:10.387-0300,2026-05-16T11:16:45.357-0300,Test,Done,maria.lacerda2,SQUAD_2,2026-04-17,2026-04-28,2026-05-13T18:00:00.000-0300
BF3E4-584,"[MOPAR - 23] Assunto: SG Liquidadas - Operações, Desenhos e Cubo - TAMANHO: G",Story,2026-03-05T19:08:10.387-0300,2026-05-14T09:36:04.367-0300,Waiting Test,Test,maria.lacerda2,SQUAD_2,2026-04-17,2026-04-28,2026-05-13T18:00:00.000-0300
BF3E4-584,"[MOPAR - 23] Assunto: SG Liquidadas - Operações, Desenhos e Cubo - TAMANHO: G",Story,2026-03-05T19:08:10.387-0300,2026-05-13T11:59:05.291-0300,IN DEVELOPMENT,Waiting Test,jonas.kasakewitch,SQUAD_2,2026-04-17,2026-04-28,2026-05-13T18:00:00.000-0300
BF3E4-584,"[MOPAR - 23] Assunto: SG Liquidadas - Operações, Desenhos e Cubo - TAMANHO: G",Story,2026-03-05T19:08:10.387-0300,2026-05-11T10:41:46.414-0300,To Do,IN DEVELOPMENT,jonas.kasakewitch,SQUAD_2,2026-04-17,2026-04-28,2026-05-13T18:00:00.000-0300
BF3E4-584,"[MOPAR - 23] Assunto: SG Liquidadas - Operações, Desenhos e Cubo - TAMANHO: G",Story,2026-03-05T19:08:10.387-0300,2026-05-05T09:59:19.841-0300,Refined,To Do,waleska.lopes,SQUAD_2,2026-04-17,2026-04-28,2026-05-13T18:00:00.000-0300
BF3E4-563,[MOPAR - 22] Assunto: SG Liquidadas - Principal e Itens - TAMANHO: G,Story,2026-03-05T19:07:20.218-0300,2026-05-15T10:38:44.352-0300,Test,Done,natanael.rabelo,SQUAD_2,2026-04-17,2026-05-04,2026-05-11T18:00:00.000-0300
BF3E4-563,[MOPAR - 22] Assunto: SG Liquidadas - Principal e Itens - TAMANHO: G,Story,2026-03-05T19:07:20.218-0300,2026-05-12T19:13:55.351-0300,Waiting Test,Test,natanael.rabelo,SQUAD_2,2026-04-17,2026-05-04,2026-05-11T18:00:00.000-0300
BF3E4-563,[MOPAR - 22] Assunto: SG Liquidadas - Principal e Itens - TAMANHO: G,Story,2026-03-05T19:07:20.218-0300,2026-05-12T14:26:37.510-0300,IN DEVELOPMENT,Waiting Test,jonas.kasakewitch,SQUAD_2,2026-04-17,2026-05-04,2026-05-11T18:00:00.000-0300
BF3E4-563,[MOPAR - 22] Assunto: SG Liquidadas - Principal e Itens - TAMANHO: G,Story,2026-03-05T19:07:20.218-0300,2026-04-27T09:02:16.243-0300,To Do,IN DEVELOPMENT,jonas.kasakewitch,SQUAD_2,2026-04-17,2026-05-04,2026-05-11T18:00:00.000-0300
BF3E4-563,[MOPAR - 22] Assunto: SG Liquidadas - Principal e Itens - TAMANHO: G,Story,2026-03-05T19:07:20.218-0300,2026-04-27T09:02:10.925-0300,Refined,To Do,jonas.kasakewitch,SQUAD_2,2026-04-17,2026-05-04,2026-05-11T18:00:00.000-0300
BF3E4-556,[MOPAR - 21] Assunto: Ingestão Staging - Carga Fria e RAM - TAMANHO: P,Story,2026-03-05T19:07:01.457-0300,2026-05-06T11:36:06.018-0300,Test,Done,natanael.rabelo,SQUAD_2,2026-04-16,2026-04-17,2026-05-06T18:00:00.000-0300
BF3E4-556,[MOPAR - 21] Assunto: Ingestão Staging - Carga Fria e RAM - TAMANHO: P,Story,2026-03-05T19:07:01.457-0300,2026-05-05T16:48:58.088-0300,Waiting Test,Test,natanael.rabelo,SQUAD_2,2026-04-16,2026-04-17,2026-05-06T18:00:00.000-0300
BF3E4-556,[MOPAR - 21] Assunto: Ingestão Staging - Carga Fria e RAM - TAMANHO: P,Story,2026-03-05T19:07:01.457-0300,2026-05-05T09:42:44.606-0300,IN DEVELOPMENT,Waiting Test,nicoly.negrao,SQUAD_2,2026-04-16,2026-04-17,2026-05-06T18:00:00.000-0300
BF3E4-556,[MOPAR - 21] Assunto: Ingestão Staging - Carga Fria e RAM - TAMANHO: P,Story,2026-03-05T19:07:01.457-0300,2026-04-29T10:15:10.363-0300,To Do,IN DEVELOPMENT,nicoly.negrao,SQUAD_2,2026-04-16,2026-04-17,2026-05-06T18:00:00.000-0300
BF3E4-556,[MOPAR - 21] Assunto: Ingestão Staging - Carga Fria e RAM - TAMANHO: P,Story,2026-03-05T19:07:01.457-0300,2026-04-20T10:19:09.926-0300,Refined,To Do,waleska.lopes,SQUAD_2,2026-04-16,2026-04-17,2026-05-06T18:00:00.000-0300
BF3E4-541,"[MOPAR - 20] Assunto: Ingestão Staging - IRPV, Red Dealers e Devoluções - TAMANHO: M",Story,2026-03-05T19:06:22.299-0300,2026-05-04T16:46:04.131-0300,Test,Done,natanael.rabelo,SQUAD_2,2026-04-15,2026-04-23,2026-05-05T18:00:00.000-0300
BF3E4-541,"[MOPAR - 20] Assunto: Ingestão Staging - IRPV, Red Dealers e Devoluções - TAMANHO: M",Story,2026-03-05T19:06:22.299-0300,2026-05-03T11:46:39.013-0300,Waiting Test,Test,isabela.romeu,SQUAD_2,2026-04-15,2026-04-23,2026-05-05T18:00:00.000-0300
BF3E4-541,"[MOPAR - 20] Assunto: Ingestão Staging - IRPV, Red Dealers e Devoluções - TAMANHO: M",Story,2026-03-05T19:06:22.299-0300,2026-04-29T19:07:01.827-0300,IN DEVELOPMENT,Waiting Test,gustavo.gomes2,SQUAD_2,2026-04-15,2026-04-23,2026-05-05T18:00:00.000-0300
BF3E4-541,"[MOPAR - 20] Assunto: Ingestão Staging - IRPV, Red Dealers e Devoluções - TAMANHO: M",Story,2026-03-05T19:06:22.299-0300,2026-04-28T17:59:37.682-0300,To Do,IN DEVELOPMENT,gustavo.gomes2,SQUAD_2,2026-04-15,2026-04-23,2026-05-05T18:00:00.000-0300
BF3E4-541,"[MOPAR - 20] Assunto: Ingestão Staging - IRPV, Red Dealers e Devoluções - TAMANHO: M",Story,2026-03-05T19:06:22.299-0300,2026-04-28T14:44:50.842-0300,Refined,To Do,waleska.lopes,SQUAD_2,2026-04-15,2026-04-23,2026-05-05T18:00:00.000-0300
BF3E4-528,[MOPAR - 19] Assunto: Ingestão Staging - User Parameters Flow API - TAMANHO: G,Story,2026-03-05T19:05:51.684-0300,2026-05-06T12:29:15.174-0300,Test,Done,natanael.rabelo,SQUAD_2,2026-04-15,2026-04-27,2026-05-08T18:00:00.000-0300
BF3E4-528,[MOPAR - 19] Assunto: Ingestão Staging - User Parameters Flow API - TAMANHO: G,Story,2026-03-05T19:05:51.684-0300,2026-05-06T08:54:33.904-0300,Waiting Test,Test,natanael.rabelo,SQUAD_2,2026-04-15,2026-04-27,2026-05-08T18:00:00.000-0300
BF3E4-528,[MOPAR - 19] Assunto: Ingestão Staging - User Parameters Flow API - TAMANHO: G,Story,2026-03-05T19:05:51.684-0300,2026-05-06T08:32:06.253-0300,IN DEVELOPMENT,Waiting Test,ricky.burgos,SQUAD_2,2026-04-15,2026-04-27,2026-05-08T18:00:00.000-0300
BF3E4-528,[MOPAR - 19] Assunto: Ingestão Staging - User Parameters Flow API - TAMANHO: G,Story,2026-03-05T19:05:51.684-0300,2026-04-28T11:05:18.844-0300,To Do,IN DEVELOPMENT,ricky.burgos,SQUAD_2,2026-04-15,2026-04-27,2026-05-08T18:00:00.000-0300
BF3E4-528,[MOPAR - 19] Assunto: Ingestão Staging - User Parameters Flow API - TAMANHO: G,Story,2026-03-05T19:05:51.684-0300,2026-04-28T10:15:02.134-0300,Refined,To Do,waleska.lopes,SQUAD_2,2026-04-15,2026-04-27,2026-05-08T18:00:00.000-0300
BF3E4-521,[MOPAR - 18] Assunto: Ingestão Staging - Claims e Erros SG - TAMANHO: P,Story,2026-03-05T19:05:34.142-0300,2026-05-02T12:17:02.035-0300,Test,Done,igor.simim,SQUAD_2,2026-04-15,2026-04-16,2026-05-06T17:00:00.000-0300
BF3E4-521,[MOPAR - 18] Assunto: Ingestão Staging - Claims e Erros SG - TAMANHO: P,Story,2026-03-05T19:05:34.142-0300,2026-05-02T01:23:07.918-0300,Waiting Test,Test,igor.simim,SQUAD_2,2026-04-15,2026-04-16,2026-05-06T17:00:00.000-0300
BF3E4-521,[MOPAR - 18] Assunto: Ingestão Staging - Claims e Erros SG - TAMANHO: P,Story,2026-03-05T19:05:34.142-0300,2026-04-30T10:12:30.549-0300,IN DEVELOPMENT,Waiting Test,waleska.lopes,SQUAD_2,2026-04-15,2026-04-16,2026-05-06T17:00:00.000-0300
BF3E4-521,[MOPAR - 18] Assunto: Ingestão Staging - Claims e Erros SG - TAMANHO: P,Story,2026-03-05T19:05:34.142-0300,2026-04-28T14:27:52.317-0300,To Do,IN DEVELOPMENT,waleska.lopes,SQUAD_2,2026-04-15,2026-04-16,2026-05-06T17:00:00.000-0300
BF3E4-521,[MOPAR - 18] Assunto: Ingestão Staging - Claims e Erros SG - TAMANHO: P,Story,2026-03-05T19:05:34.142-0300,2026-04-20T10:23:50.602-0300,Refined,To Do,waleska.lopes,SQUAD_2,2026-04-15,2026-04-16,2026-05-06T17:00:00.000-0300
BF3E4-511,[MOPAR - 17] Assunto: Ingestão Staging - SG Liquidadas e Estornadas - TAMANHO: M,Story,2026-03-05T19:05:07.927-0300,2026-05-04T19:54:18.708-0300,Open,Done,igor.simim,SQUAD_2,2026-04-15,2026-04-20,2026-05-04T18:00:00.000-0300
BF3E4-511,[MOPAR - 17] Assunto: Ingestão Staging - SG Liquidadas e Estornadas - TAMANHO: M,Story,2026-03-05T19:05:07.927-0300,2026-05-04T19:54:14.878-0300,Canceled,Open,igor.simim,SQUAD_2,2026-04-15,2026-04-20,2026-05-04T18:00:00.000-0300
BF3E4-511,[MOPAR - 17] Assunto: Ingestão Staging - SG Liquidadas e Estornadas - TAMANHO: M,Story,2026-03-05T19:05:07.927-0300,2026-05-04T19:54:09.701-0300,Test,Canceled,igor.simim,SQUAD_2,2026-04-15,2026-04-20,2026-05-04T18:00:00.000-0300
BF3E4-511,[MOPAR - 17] Assunto: Ingestão Staging - SG Liquidadas e Estornadas - TAMANHO: M,Story,2026-03-05T19:05:07.927-0300,2026-05-03T12:24:50.381-0300,Waiting Test,Test,igor.simim,SQUAD_2,2026-04-15,2026-04-20,2026-05-04T18:00:00.000-0300
BF3E4-511,[MOPAR - 17] Assunto: Ingestão Staging - SG Liquidadas e Estornadas - TAMANHO: M,Story,2026-03-05T19:05:07.927-0300,2026-05-01T12:15:28.298-0300,IN DEVELOPMENT,Waiting Test,jonas.kasakewitch,SQUAD_2,2026-04-15,2026-04-20,2026-05-04T18:00:00.000-0300
BF3E4-511,[MOPAR - 17] Assunto: Ingestão Staging - SG Liquidadas e Estornadas - TAMANHO: M,Story,2026-03-05T19:05:07.927-0300,2026-04-28T13:37:45.716-0300,To Do,IN DEVELOPMENT,jonas.kasakewitch,SQUAD_2,2026-04-15,2026-04-20,2026-05-04T18:00:00.000-0300
BF3E4-511,[MOPAR - 17] Assunto: Ingestão Staging - SG Liquidadas e Estornadas - TAMANHO: M,Story,2026-03-05T19:05:07.927-0300,2026-04-28T10:47:29.199-0300,Refined,To Do,waleska.lopes,SQUAD_2,2026-04-15,2026-04-20,2026-05-04T18:00:00.000-0300
BF3E4-501,[MOPAR - 16] Assunto: Veiculo Conectado - TAMANHO: G,Story,2026-03-05T19:04:40.298-0300,2026-05-15T21:17:21.017-0300,Test,Done,igor.simim,SQUAD_2,2026-04-14,2026-04-24,2026-05-11T18:00:00.000-0300
BF3E4-501,[MOPAR - 16] Assunto: Veiculo Conectado - TAMANHO: G,Story,2026-03-05T19:04:40.298-0300,2026-05-13T10:51:42.796-0300,Waiting Test,Test,igor.simim,SQUAD_2,2026-04-14,2026-04-24,2026-05-11T18:00:00.000-0300
BF3E4-501,[MOPAR - 16] Assunto: Veiculo Conectado - TAMANHO: G,Story,2026-03-05T19:04:40.298-0300,2026-05-12T16:42:01.228-0300,IN DEVELOPMENT,Waiting Test,pedro.vitor,SQUAD_2,2026-04-14,2026-04-24,2026-05-11T18:00:00.000-0300
BF3E4-501,[MOPAR - 16] Assunto: Veiculo Conectado - TAMANHO: G,Story,2026-03-05T19:04:40.298-0300,2026-05-05T09:50:20.391-0300,To Do,IN DEVELOPMENT,pedro.vitor,SQUAD_2,2026-04-14,2026-04-24,2026-05-11T18:00:00.000-0300
BF3E4-492,[MOPAR - 15] Assunto: SELL OUT xF e xP - TAMANHO: G,Story,2026-03-05T19:04:17.950-0300,2026-05-12T11:09:39.528-0300,Test,Done,natanael.rabelo,SQUAD_2,2026-04-13,2026-04-27,2026-05-11T18:00:00.000-0300
BF3E4-492,[MOPAR - 15] Assunto: SELL OUT xF e xP - TAMANHO: G,Story,2026-03-05T19:04:17.950-0300,2026-05-11T18:13:15.828-0300,Waiting Test,Test,waleska.lopes,SQUAD_2,2026-04-13,2026-04-27,2026-05-11T18:00:00.000-0300
BF3E4-492,[MOPAR - 15] Assunto: SELL OUT xF e xP - TAMANHO: G,Story,2026-03-05T19:04:17.950-0300,2026-05-11T18:13:10.949-0300,IN DEVELOPMENT,Waiting Test,waleska.lopes,SQUAD_2,2026-04-13,2026-04-27,2026-05-11T18:00:00.000-0300
BF3E4-492,[MOPAR - 15] Assunto: SELL OUT xF e xP - TAMANHO: G,Story,2026-03-05T19:04:17.950-0300,2026-05-11T18:13:05.983-0300,To Do,IN DEVELOPMENT,waleska.lopes,SQUAD_2,2026-04-13,2026-04-27,2026-05-11T18:00:00.000-0300
BF3E4-492,[MOPAR - 15] Assunto: SELL OUT xF e xP - TAMANHO: G,Story,2026-03-05T19:04:17.950-0300,2026-05-11T18:13:01.946-0300,Refined,To Do,waleska.lopes,SQUAD_2,2026-04-13,2026-04-27,2026-05-11T18:00:00.000-0300
BF3E4-492,[MOPAR - 15] Assunto: SELL OUT xF e xP - TAMANHO: G,Story,2026-03-05T19:04:17.950-0300,2026-05-11T18:12:58.433-0300,IN REFINEMENT,Refined,waleska.lopes,SQUAD_2,2026-04-13,2026-04-27,2026-05-11T18:00:00.000-0300
BF3E4-492,[MOPAR - 15] Assunto: SELL OUT xF e xP - TAMANHO: G,Story,2026-03-05T19:04:17.950-0300,2026-05-11T18:12:54.382-0300,WAITING REFINEMENT,IN REFINEMENT,waleska.lopes,SQUAD_2,2026-04-13,2026-04-27,2026-05-11T18:00:00.000-0300
BF3E4-492,[MOPAR - 15] Assunto: SELL OUT xF e xP - TAMANHO: G,Story,2026-03-05T19:04:17.950-0300,2026-05-11T18:12:48.447-0300,Open,WAITING REFINEMENT,waleska.lopes,SQUAD_2,2026-04-13,2026-04-27,2026-05-11T18:00:00.000-0300
BF3E4-492,[MOPAR - 15] Assunto: SELL OUT xF e xP - TAMANHO: G,Story,2026-03-05T19:04:17.950-0300,2026-05-11T18:12:44.377-0300,WAITING REFINEMENT,Open,waleska.lopes,SQUAD_2,2026-04-13,2026-04-27,2026-05-11T18:00:00.000-0300
BF3E4-492,[MOPAR - 15] Assunto: SELL OUT xF e xP - TAMANHO: G,Story,2026-03-05T19:04:17.950-0300,2026-05-11T18:12:34.574-0300,Open,WAITING REFINEMENT,waleska.lopes,SQUAD_2,2026-04-13,2026-04-27,2026-05-11T18:00:00.000-0300
BF3E4-492,[MOPAR - 15] Assunto: SELL OUT xF e xP - TAMANHO: G,Story,2026-03-05T19:04:17.950-0300,2026-05-11T18:12:21.948-0300,Canceled,Open,waleska.lopes,SQUAD_2,2026-04-13,2026-04-27,2026-05-11T18:00:00.000-0300
BF3E4-492,[MOPAR - 15] Assunto: SELL OUT xF e xP - TAMANHO: G,Story,2026-03-05T19:04:17.950-0300,2026-05-11T18:11:03.424-0300,Test,Canceled,waleska.lopes,SQUAD_2,2026-04-13,2026-04-27,2026-05-11T18:00:00.000-0300
BF3E4-492,[MOPAR - 15] Assunto: SELL OUT xF e xP - TAMANHO: G,Story,2026-03-05T19:04:17.950-0300,2026-05-06T12:31:33.104-0300,Waiting Test,Test,natanael.rabelo,SQUAD_2,2026-04-13,2026-04-27,2026-05-11T18:00:00.000-0300
BF3E4-492,[MOPAR - 15] Assunto: SELL OUT xF e xP - TAMANHO: G,Story,2026-03-05T19:04:17.950-0300,2026-05-05T11:55:01.095-0300,IN DEVELOPMENT,Waiting Test,cristovam.peres,SQUAD_2,2026-04-13,2026-04-27,2026-05-11T18:00:00.000-0300
BF3E4-478,[MOPAR - 14] Assunto: Sell IN xF e xP - TAMANHO: G,Story,2026-03-05T19:03:47.422-0300,2026-05-06T12:06:48.279-0300,Test,Done,natanael.rabelo,SQUAD_2,2026-04-10,2026-04-24,2026-05-06T18:00:00.000-0300
BF3E4-478,[MOPAR - 14] Assunto: Sell IN xF e xP - TAMANHO: G,Story,2026-03-05T19:03:47.422-0300,2026-05-05T10:01:23.147-0300,Waiting Test,Test,natanael.rabelo,SQUAD_2,2026-04-10,2026-04-24,2026-05-06T18:00:00.000-0300
BF3E4-478,[MOPAR - 14] Assunto: Sell IN xF e xP - TAMANHO: G,Story,2026-03-05T19:03:47.422-0300,2026-05-05T09:20:01.073-0300,IN DEVELOPMENT,Waiting Test,pedro.vitor,SQUAD_2,2026-04-10,2026-04-24,2026-05-06T18:00:00.000-0300
BF3E4-478,[MOPAR - 14] Assunto: Sell IN xF e xP - TAMANHO: G,Story,2026-03-05T19:03:47.422-0300,2026-04-30T09:53:33.183-0300,To Do,IN DEVELOPMENT,waleska.lopes,SQUAD_2,2026-04-10,2026-04-24,2026-05-06T18:00:00.000-0300
BF3E4-478,[MOPAR - 14] Assunto: Sell IN xF e xP - TAMANHO: G,Story,2026-03-05T19:03:47.422-0300,2026-04-22T12:03:24.222-0300,Refined,To Do,waleska.lopes,SQUAD_2,2026-04-10,2026-04-24,2026-05-06T18:00:00.000-0300
BF3E4-467,[MOPAR - 13] Assunto: SCP - Parte 3 (Débitos) - TAMANHO: M,Story,2026-03-05T19:03:22.872-0300,2026-05-04T12:51:46.267-0300,Test,Done,igor.simim,SQUAD_2,2026-04-10,2026-04-17,2026-05-04T17:00:00.000-0300
BF3E4-467,[MOPAR - 13] Assunto: SCP - Parte 3 (Débitos) - TAMANHO: M,Story,2026-03-05T19:03:22.872-0300,2026-05-02T16:36:55.455-0300,Waiting Test,Test,igor.simim,SQUAD_2,2026-04-10,2026-04-17,2026-05-04T17:00:00.000-0300
BF3E4-467,[MOPAR - 13] Assunto: SCP - Parte 3 (Débitos) - TAMANHO: M,Story,2026-03-05T19:03:22.872-0300,2026-04-28T12:45:23.174-0300,IN DEVELOPMENT,Waiting Test,pedro.vitor,SQUAD_2,2026-04-10,2026-04-17,2026-05-04T17:00:00.000-0300
BF3E4-467,[MOPAR - 13] Assunto: SCP - Parte 3 (Débitos) - TAMANHO: M,Story,2026-03-05T19:03:22.872-0300,2026-04-22T10:31:56.270-0300,To Do,IN DEVELOPMENT,pedro.vitor,SQUAD_2,2026-04-10,2026-04-17,2026-05-04T17:00:00.000-0300
BF3E4-467,[MOPAR - 13] Assunto: SCP - Parte 3 (Débitos) - TAMANHO: M,Story,2026-03-05T19:03:22.872-0300,2026-04-20T10:18:58.965-0300,Refined,To Do,waleska.lopes,SQUAD_2,2026-04-10,2026-04-17,2026-05-04T17:00:00.000-0300
BF3E4-456,[MOPAR - 12] Assunto: SCP - Parte 2 (Operação e Peça) - TAMANHO: M,Story,2026-03-05T19:02:57.661-0300,2026-05-04T12:58:35.796-0300,Test,Done,lucineia.souza,SQUAD_2,2026-04-09,2026-04-16,2026-05-02T14:00:00.000-0300
BF3E4-456,[MOPAR - 12] Assunto: SCP - Parte 2 (Operação e Peça) - TAMANHO: M,Story,2026-03-05T19:02:57.661-0300,2026-05-01T14:57:32.786-0300,Waiting Test,Test,antonio.junior4,SQUAD_2,2026-04-09,2026-04-16,2026-05-02T14:00:00.000-0300
BF3E4-456,[MOPAR - 12] Assunto: SCP - Parte 2 (Operação e Peça) - TAMANHO: M,Story,2026-03-05T19:02:57.661-0300,2026-04-29T10:13:49.959-0300,IN DEVELOPMENT,Waiting Test,nicoly.negrao,SQUAD_2,2026-04-09,2026-04-16,2026-05-02T14:00:00.000-0300
BF3E4-456,[MOPAR - 12] Assunto: SCP - Parte 2 (Operação e Peça) - TAMANHO: M,Story,2026-03-05T19:02:57.661-0300,2026-04-22T09:56:26.409-0300,To Do,IN DEVELOPMENT,waleska.lopes,SQUAD_2,2026-04-09,2026-04-16,2026-05-02T14:00:00.000-0300
BF3E4-456,[MOPAR - 12] Assunto: SCP - Parte 2 (Operação e Peça) - TAMANHO: M,Story,2026-03-05T19:02:57.661-0300,2026-04-16T12:14:32.092-0300,Refined,To Do,waleska.lopes,SQUAD_2,2026-04-09,2026-04-16,2026-05-02T14:00:00.000-0300
BF3E4-445,[MOPAR - 11] Assunto: SCP - Parte 1 (Garantia SG e Item) - TAMANHO: M,Story,2026-03-05T19:02:32.116-0300,2026-05-11T23:20:47.859-0300,Test,Done,lucineia.souza,SQUAD_2,2026-04-07,2026-04-14,2026-05-11T18:00:00.000-0300
BF3E4-445,[MOPAR - 11] Assunto: SCP - Parte 1 (Garantia SG e Item) - TAMANHO: M,Story,2026-03-05T19:02:32.116-0300,2026-05-04T11:38:31.378-0300,Waiting Test,Test,lucineia.souza,SQUAD_2,2026-04-07,2026-04-14,2026-05-11T18:00:00.000-0300
BF3E4-445,[MOPAR - 11] Assunto: SCP - Parte 1 (Garantia SG e Item) - TAMANHO: M,Story,2026-03-05T19:02:32.116-0300,2026-04-28T19:18:30.511-0300,IN DEVELOPMENT,Waiting Test,eduardo.schrotke,SQUAD_2,2026-04-07,2026-04-14,2026-05-11T18:00:00.000-0300
BF3E4-435,[MOPAR - 10] Assunto: NDC - Parte 3 - TAMANHO: M,Story,2026-03-05T19:02:04.168-0300,2026-05-03T19:59:56.872-0300,Test,Done,igor.simim,SQUAD_2,2026-04-01,2026-04-09,2026-05-01T18:00:00.000-0300
BF3E4-435,[MOPAR - 10] Assunto: NDC - Parte 3 - TAMANHO: M,Story,2026-03-05T19:02:04.168-0300,2026-04-23T17:10:08.271-0300,Waiting Test,Test,waleska.lopes,SQUAD_2,2026-04-01,2026-04-09,2026-05-01T18:00:00.000-0300
BF3E4-435,[MOPAR - 10] Assunto: NDC - Parte 3 - TAMANHO: M,Story,2026-03-05T19:02:04.168-0300,2026-04-22T10:31:42.628-0300,In Code Review,Waiting Test,pedro.vitor,SQUAD_2,2026-04-01,2026-04-09,2026-05-01T18:00:00.000-0300
BF3E4-435,[MOPAR - 10] Assunto: NDC - Parte 3 - TAMANHO: M,Story,2026-03-05T19:02:04.168-0300,2026-04-22T10:31:40.063-0300,WAITING CODE REVIEW,In Code Review,pedro.vitor,SQUAD_2,2026-04-01,2026-04-09,2026-05-01T18:00:00.000-0300
BF3E4-435,[MOPAR - 10] Assunto: NDC - Parte 3 - TAMANHO: M,Story,2026-03-05T19:02:04.168-0300,2026-04-22T10:31:30.179-0300,IN DEVELOPMENT,WAITING CODE REVIEW,pedro.vitor,SQUAD_2,2026-04-01,2026-04-09,2026-05-01T18:00:00.000-0300
BF3E4-435,[MOPAR - 10] Assunto: NDC - Parte 3 - TAMANHO: M,Story,2026-03-05T19:02:04.168-0300,2026-04-08T09:26:24.977-0300,To Do,IN DEVELOPMENT,waleska.lopes,SQUAD_2,2026-04-01,2026-04-09,2026-05-01T18:00:00.000-0300
BF3E4-435,[MOPAR - 10] Assunto: NDC - Parte 3 - TAMANHO: M,Story,2026-03-05T19:02:04.168-0300,2026-04-08T09:26:21.617-0300,Refined,To Do,waleska.lopes,SQUAD_2,2026-04-01,2026-04-09,2026-05-01T18:00:00.000-0300
BF3E4-422,[MOPAR - 9] Assunto: NDC - Parte 2 - TAMANHO: G,Story,2026-03-05T19:01:34.168-0300,2026-05-04T11:31:32.367-0300,Canceled,Done,waleska.lopes,SQUAD_2,2026-04-01,2026-04-14,2026-05-03T17:00:00.000-0300
BF3E4-422,[MOPAR - 9] Assunto: NDC - Parte 2 - TAMANHO: G,Story,2026-03-05T19:01:34.168-0300,2026-05-03T16:05:50.192-0300,Test,Canceled,irae.macri,SQUAD_2,2026-04-01,2026-04-14,2026-05-03T17:00:00.000-0300
BF3E4-422,[MOPAR - 9] Assunto: NDC - Parte 2 - TAMANHO: G,Story,2026-03-05T19:01:34.168-0300,2026-05-02T14:40:29.462-0300,Waiting Test,Test,irae.macri,SQUAD_2,2026-04-01,2026-04-14,2026-05-03T17:00:00.000-0300
BF3E4-422,[MOPAR - 9] Assunto: NDC - Parte 2 - TAMANHO: G,Story,2026-03-05T19:01:34.168-0300,2026-04-29T15:28:42.957-0300,IN DEVELOPMENT,Waiting Test,anderson.lesniewski,SQUAD_2,2026-04-01,2026-04-14,2026-05-03T17:00:00.000-0300
BF3E4-422,[MOPAR - 9] Assunto: NDC - Parte 2 - TAMANHO: G,Story,2026-03-05T19:01:34.168-0300,2026-04-23T11:07:22.958-0300,To Do,IN DEVELOPMENT,waleska.lopes,SQUAD_2,2026-04-01,2026-04-14,2026-05-03T17:00:00.000-0300
BF3E4-422,[MOPAR - 9] Assunto: NDC - Parte 2 - TAMANHO: G,Story,2026-03-05T19:01:34.168-0300,2026-04-15T17:37:00.066-0300,Refined,To Do,waleska.lopes,SQUAD_2,2026-04-01,2026-04-14,2026-05-03T17:00:00.000-0300
BF3E4-409,[MOPAR - 8] Assunto: NDC - Parte 1 (Tabelas 1-4) - TAMANHO: G,Story,2026-03-05T19:01:00.125-0300,2026-05-07T18:15:02.078-0300,Test,Done,igor.simim,SQUAD_2,2026-04-01,2026-04-14,2026-05-07T18:00:00.000-0300
BF3E4-409,[MOPAR - 8] Assunto: NDC - Parte 1 (Tabelas 1-4) - TAMANHO: G,Story,2026-03-05T19:01:00.125-0300,2026-04-23T16:48:25.103-0300,Waiting Test,Test,waleska.lopes,SQUAD_2,2026-04-01,2026-04-14,2026-05-07T18:00:00.000-0300
BF3E4-409,[MOPAR - 8] Assunto: NDC - Parte 1 (Tabelas 1-4) - TAMANHO: G,Story,2026-03-05T19:01:00.125-0300,2026-04-22T11:03:18.721-0300,In Code Review,Waiting Test,anderson.lesniewski,SQUAD_2,2026-04-01,2026-04-14,2026-05-07T18:00:00.000-0300
BF3E4-409,[MOPAR - 8] Assunto: NDC - Parte 1 (Tabelas 1-4) - TAMANHO: G,Story,2026-03-05T19:01:00.125-0300,2026-04-22T11:03:15.475-0300,WAITING CODE REVIEW,In Code Review,anderson.lesniewski,SQUAD_2,2026-04-01,2026-04-14,2026-05-07T18:00:00.000-0300
BF3E4-409,[MOPAR - 8] Assunto: NDC - Parte 1 (Tabelas 1-4) - TAMANHO: G,Story,2026-03-05T19:01:00.125-0300,2026-04-22T11:03:10.736-0300,IN DEVELOPMENT,WAITING CODE REVIEW,anderson.lesniewski,SQUAD_2,2026-04-01,2026-04-14,2026-05-07T18:00:00.000-0300
BF3E4-409,[MOPAR - 8] Assunto: NDC - Parte 1 (Tabelas 1-4) - TAMANHO: G,Story,2026-03-05T19:01:00.125-0300,2026-04-15T12:25:59.248-0300,To Do,IN DEVELOPMENT,anderson.lesniewski,SQUAD_2,2026-04-01,2026-04-14,2026-05-07T18:00:00.000-0300
BF3E4-409,[MOPAR - 8] Assunto: NDC - Parte 1 (Tabelas 1-4) - TAMANHO: G,Story,2026-03-05T19:01:00.125-0300,2026-04-15T12:25:55.927-0300,Refined,To Do,anderson.lesniewski,SQUAD_2,2026-04-01,2026-04-14,2026-05-07T18:00:00.000-0300
BF3E4-399,[MOPAR - 7] Assunto: Mopar Results - TAMANHO: M,Story,2026-03-05T19:00:35.357-0300,2026-05-02T00:54:05.509-0300,Test,Done,igor.simim,SQUAD_2,2026-04-01,2026-04-13,2026-04-30T20:00:00.000-0300
BF3E4-399,[MOPAR - 7] Assunto: Mopar Results - TAMANHO: M,Story,2026-03-05T19:00:35.357-0300,2026-04-30T11:50:20.935-0300,Waiting Test,Test,igor.simim,SQUAD_2,2026-04-01,2026-04-13,2026-04-30T20:00:00.000-0300
BF3E4-399,[MOPAR - 7] Assunto: Mopar Results - TAMANHO: M,Story,2026-03-05T19:00:35.357-0300,2026-04-30T10:07:00.700-0300,IN DEVELOPMENT,Waiting Test,waleska.lopes,SQUAD_2,2026-04-01,2026-04-13,2026-04-30T20:00:00.000-0300
BF3E4-399,[MOPAR - 7] Assunto: Mopar Results - TAMANHO: M,Story,2026-03-05T19:00:35.357-0300,2026-04-10T11:08:26.970-0300,To Do,IN DEVELOPMENT,waleska.lopes,SQUAD_2,2026-04-01,2026-04-13,2026-04-30T20:00:00.000-0300
BF3E4-399,[MOPAR - 7] Assunto: Mopar Results - TAMANHO: M,Story,2026-03-05T19:00:35.357-0300,2026-04-09T17:28:06.387-0300,Refined,To Do,waleska.lopes,SQUAD_2,2026-04-01,2026-04-13,2026-04-30T20:00:00.000-0300
BF3E4-385,[MOPAR - 6] Assunto: CSPS - TAMANHO: M,Story,2026-03-05T18:59:59.959-0300,2026-05-02T20:37:46.915-0300,Test,Done,igor.simim,SQUAD_2,2026-04-01,2026-04-08,2026-05-03T17:00:00.000-0300
BF3E4-385,[MOPAR - 6] Assunto: CSPS - TAMANHO: M,Story,2026-03-05T18:59:59.959-0300,2026-05-01T16:49:59.185-0300,Waiting Test,Test,lucineia.souza,SQUAD_2,2026-04-01,2026-04-08,2026-05-03T17:00:00.000-0300
BF3E4-385,[MOPAR - 6] Assunto: CSPS - TAMANHO: M,Story,2026-03-05T18:59:59.959-0300,2026-05-01T13:19:58.792-0300,IN DEVELOPMENT,Waiting Test,leonardo.menezes,SQUAD_2,2026-04-01,2026-04-08,2026-05-03T17:00:00.000-0300
BF3E4-385,[MOPAR - 6] Assunto: CSPS - TAMANHO: M,Story,2026-03-05T18:59:59.959-0300,2026-04-08T09:25:36.084-0300,To Do,IN DEVELOPMENT,waleska.lopes,SQUAD_2,2026-04-01,2026-04-08,2026-05-03T17:00:00.000-0300
BF3E4-385,[MOPAR - 6] Assunto: CSPS - TAMANHO: M,Story,2026-03-05T18:59:59.959-0300,2026-04-08T09:25:32.870-0300,Refined,To Do,waleska.lopes,SQUAD_2,2026-04-01,2026-04-08,2026-05-03T17:00:00.000-0300
BF3E4-374,[MOPAR - 5] Assunto: CSPS - TAMANHO: G,Story,2026-03-05T18:57:18.557-0300,2026-04-17T11:46:02.257-0300,IN DEVELOPMENT,Canceled,waleska.lopes,SQUAD_2,2026-04-01,2026-04-10,
BF3E4-374,[MOPAR - 5] Assunto: CSPS - TAMANHO: G,Story,2026-03-05T18:57:18.557-0300,2026-04-10T11:09:46.802-0300,To Do,IN DEVELOPMENT,waleska.lopes,SQUAD_2,2026-04-01,2026-04-10,
BF3E4-374,[MOPAR - 5] Assunto: CSPS - TAMANHO: G,Story,2026-03-05T18:57:18.557-0300,2026-04-10T11:09:43.147-0300,Refined,To Do,waleska.lopes,SQUAD_2,2026-04-01,2026-04-10,
BF3E4-374,[MOPAR - 5] Assunto: CSPS - TAMANHO: G,Story,2026-03-05T18:57:18.557-0300,2026-03-19T13:18:47.048-0300,IN REFINEMENT,Refined,victor.aguiar,SQUAD_2,2026-04-01,2026-04-10,
BF3E4-374,[MOPAR - 5] Assunto: CSPS - TAMANHO: G,Story,2026-03-05T18:57:18.557-0300,2026-03-19T13:18:44.373-0300,WAITING REFINEMENT,IN REFINEMENT,victor.aguiar,SQUAD_2,2026-04-01,2026-04-10,
BF3E4-374,[MOPAR - 5] Assunto: CSPS - TAMANHO: G,Story,2026-03-05T18:57:18.557-0300,2026-03-19T13:18:41.868-0300,Open,WAITING REFINEMENT,victor.aguiar,SQUAD_2,2026-04-01,2026-04-10,
BF3E4-374,[MOPAR - 5] Assunto: CSPS - TAMANHO: G,Story,2026-03-05T18:57:18.557-0300,2026-03-19T13:18:39.447-0300,WAITING REFINEMENT,Open,victor.aguiar,SQUAD_2,2026-04-01,2026-04-10,
BF3E4-374,[MOPAR - 5] Assunto: CSPS - TAMANHO: G,Story,2026-03-05T18:57:18.557-0300,2026-03-19T13:18:37.491-0300,Open,WAITING REFINEMENT,victor.aguiar,SQUAD_2,2026-04-01,2026-04-10,
BF3E4-355,[MOPAR - 4] Assunto: Comissionamento DFS - TAMANHO: G,Story,2026-03-05T18:48:08.201-0300,2026-04-29T09:38:18.442-0300,Test,Done,waleska.lopes,SQUAD_2,2026-04-01,2026-04-15,
BF3E4-355,[MOPAR - 4] Assunto: Comissionamento DFS - TAMANHO: G,Story,2026-03-05T18:48:08.201-0300,2026-04-25T12:08:10.336-0300,Waiting Test,Test,waleska.lopes,SQUAD_2,2026-04-01,2026-04-15,
BF3E4-355,[MOPAR - 4] Assunto: Comissionamento DFS - TAMANHO: G,Story,2026-03-05T18:48:08.201-0300,2026-04-24T23:44:33.881-0300,IN DEVELOPMENT,Waiting Test,olivia.diniz,SQUAD_2,2026-04-01,2026-04-15,
BF3E4-355,[MOPAR - 4] Assunto: Comissionamento DFS - TAMANHO: G,Story,2026-03-05T18:48:08.201-0300,2026-04-17T09:46:48.703-0300,To Do,IN DEVELOPMENT,waleska.lopes,SQUAD_2,2026-04-01,2026-04-15,
BF3E4-355,[MOPAR - 4] Assunto: Comissionamento DFS - TAMANHO: G,Story,2026-03-05T18:48:08.201-0300,2026-04-15T17:37:03.986-0300,Refined,To Do,waleska.lopes,SQUAD_2,2026-04-01,2026-04-15,
BF3E4-355,[MOPAR - 4] Assunto: Comissionamento DFS - TAMANHO: G,Story,2026-03-05T18:48:08.201-0300,2026-04-14T14:30:13.576-0300,IN REFINEMENT,Refined,waleska.lopes,SQUAD_2,2026-04-01,2026-04-15,
BF3E4-355,[MOPAR - 4] Assunto: Comissionamento DFS - TAMANHO: G,Story,2026-03-05T18:48:08.201-0300,2026-04-14T14:30:10.019-0300,WAITING REFINEMENT,IN REFINEMENT,waleska.lopes,SQUAD_2,2026-04-01,2026-04-15,
BF3E4-355,[MOPAR - 4] Assunto: Comissionamento DFS - TAMANHO: G,Story,2026-03-05T18:48:08.201-0300,2026-04-14T14:30:04.308-0300,Open,WAITING REFINEMENT,waleska.lopes,SQUAD_2,2026-04-01,2026-04-15,
BF3E4-355,[MOPAR - 4] Assunto: Comissionamento DFS - TAMANHO: G,Story,2026-03-05T18:48:08.201-0300,2026-04-14T14:10:48.408-0300,Canceled,Open,willian.santos,SQUAD_2,2026-04-01,2026-04-15,
BF3E4-355,[MOPAR - 4] Assunto: Comissionamento DFS - TAMANHO: G,Story,2026-03-05T18:48:08.201-0300,2026-04-10T14:39:23.971-0300,To Do,Canceled,willian.santos,SQUAD_2,2026-04-01,2026-04-15,
BF3E4-355,[MOPAR - 4] Assunto: Comissionamento DFS - TAMANHO: G,Story,2026-03-05T18:48:08.201-0300,2026-04-09T13:47:29.148-0300,Refined,To Do,jonas.kasakewitch,SQUAD_2,2026-04-01,2026-04-15,
BF3E4-345,[MOPAR - 3] Assunto: Claim Master - TAMANHO: M,Story,2026-03-05T18:40:04.385-0300,2026-04-29T16:07:50.088-0300,Test,Done,igor.simim,SQUAD_2,2026-04-01,2026-04-09,2026-04-24T23:30:00.000-0300
BF3E4-345,[MOPAR - 3] Assunto: Claim Master - TAMANHO: M,Story,2026-03-05T18:40:04.385-0300,2026-04-23T09:41:21.928-0300,Waiting Test,Test,waleska.lopes,SQUAD_2,2026-04-01,2026-04-09,2026-04-24T23:30:00.000-0300
BF3E4-345,[MOPAR - 3] Assunto: Claim Master - TAMANHO: M,Story,2026-03-05T18:40:04.385-0300,2026-04-23T09:41:18.640-0300,In Code Review,Waiting Test,waleska.lopes,SQUAD_2,2026-04-01,2026-04-09,2026-04-24T23:30:00.000-0300
BF3E4-345,[MOPAR - 3] Assunto: Claim Master - TAMANHO: M,Story,2026-03-05T18:40:04.385-0300,2026-04-23T09:41:05.654-0300,WAITING CODE REVIEW,In Code Review,waleska.lopes,SQUAD_2,2026-04-01,2026-04-09,2026-04-24T23:30:00.000-0300
BF3E4-345,[MOPAR - 3] Assunto: Claim Master - TAMANHO: M,Story,2026-03-05T18:40:04.385-0300,2026-04-23T09:41:00.460-0300,IN DEVELOPMENT,WAITING CODE REVIEW,waleska.lopes,SQUAD_2,2026-04-01,2026-04-09,2026-04-24T23:30:00.000-0300
BF3E4-345,[MOPAR - 3] Assunto: Claim Master - TAMANHO: M,Story,2026-03-05T18:40:04.385-0300,2026-04-08T09:25:21.085-0300,To Do,IN DEVELOPMENT,waleska.lopes,SQUAD_2,2026-04-01,2026-04-09,2026-04-24T23:30:00.000-0300
BF3E4-345,[MOPAR - 3] Assunto: Claim Master - TAMANHO: M,Story,2026-03-05T18:40:04.385-0300,2026-04-08T09:25:16.830-0300,Refined,To Do,waleska.lopes,SQUAD_2,2026-04-01,2026-04-09,2026-04-24T23:30:00.000-0300
BF3E4-331,[MOPAR - 2] Assunto: Bonus - TAMANHO: G,Story,2026-03-05T18:35:36.009-0300,2026-05-06T17:58:02.945-0300,Test,Done,waleska.lopes,SQUAD_2,2026-04-01,2026-04-14,2026-05-05T18:00:00.000-0300
BF3E4-331,[MOPAR - 2] Assunto: Bonus - TAMANHO: G,Story,2026-03-05T18:35:36.009-0300,2026-05-01T15:16:42.132-0300,Waiting Test,Test,lucineia.souza,SQUAD_2,2026-04-01,2026-04-14,2026-05-05T18:00:00.000-0300
BF3E4-331,[MOPAR - 2] Assunto: Bonus - TAMANHO: G,Story,2026-03-05T18:35:36.009-0300,2026-04-24T15:28:34.302-0300,In Code Review,Waiting Test,Carina Santos Lanza,SQUAD_2,2026-04-01,2026-04-14,2026-05-05T18:00:00.000-0300
BF3E4-331,[MOPAR - 2] Assunto: Bonus - TAMANHO: G,Story,2026-03-05T18:35:36.009-0300,2026-04-22T15:38:14.360-0300,WAITING CODE REVIEW,In Code Review,waleska.lopes,SQUAD_2,2026-04-01,2026-04-14,2026-05-05T18:00:00.000-0300
BF3E4-317,[MOPAR - 1] Assunto: AgendamentoOnline - TAMANHO: G,Story,2026-03-05T18:26:39.534-0300,2026-05-01T14:57:33.296-0300,Test,Done,lucineia.souza,SQUAD_2,2026-03-23,2026-04-06,2026-05-01T12:00:00.000-0300
BF3E4-317,[MOPAR - 1] Assunto: AgendamentoOnline - TAMANHO: G,Story,2026-03-05T18:26:39.534-0300,2026-04-22T09:49:31.881-0300,Waiting Test,Test,waleska.lopes,SQUAD_2,2026-03-23,2026-04-06,2026-05-01T12:00:00.000-0300
BF3E4-317,[MOPAR - 1] Assunto: AgendamentoOnline - TAMANHO: G,Story,2026-03-05T18:26:39.534-0300,2026-04-10T17:43:37.720-0300,In Code Review,Waiting Test,waleska.lopes,SQUAD_2,2026-03-23,2026-04-06,2026-05-01T12:00:00.000-0300
BF3E4-317,[MOPAR - 1] Assunto: AgendamentoOnline - TAMANHO: G,Story,2026-03-05T18:26:39.534-0300,2026-04-10T17:43:33.057-0300,WAITING CODE REVIEW,In Code Review,waleska.lopes,SQUAD_2,2026-03-23,2026-04-06,2026-05-01T12:00:00.000-0300
BF3E4-317,[MOPAR - 1] Assunto: AgendamentoOnline - TAMANHO: G,Story,2026-03-05T18:26:39.534-0300,2026-04-10T17:43:01.063-0300,IN DEVELOPMENT,WAITING CODE REVIEW,waleska.lopes,SQUAD_2,2026-03-23,2026-04-06,2026-05-01T12:00:00.000-0300
BF3E4-317,[MOPAR - 1] Assunto: AgendamentoOnline - TAMANHO: G,Story,2026-03-05T18:26:39.534-0300,2026-04-06T11:54:28.478-0300,To Do,IN DEVELOPMENT,Thymóteo Martins,SQUAD_2,2026-03-23,2026-04-06,2026-05-01T12:00:00.000-0300
BF3E4-317,[MOPAR - 1] Assunto: AgendamentoOnline - TAMANHO: G,Story,2026-03-05T18:26:39.534-0300,2026-04-06T11:54:22.581-0300,Refined,To Do,Thymóteo Martins,SQUAD_2,2026-03-23,2026-04-06,2026-05-01T12:00:00.000-0300
BF3E4-317,[MOPAR - 1] Assunto: AgendamentoOnline - TAMANHO: G,Story,2026-03-05T18:26:39.534-0300,2026-03-19T13:12:32.582-0300,IN REFINEMENT,Refined,victor.aguiar,SQUAD_2,2026-03-23,2026-04-06,2026-05-01T12:00:00.000-0300
BF3E4-317,[MOPAR - 1] Assunto: AgendamentoOnline - TAMANHO: G,Story,2026-03-05T18:26:39.534-0300,2026-03-19T13:12:29.596-0300,WAITING REFINEMENT,IN REFINEMENT,victor.aguiar,SQUAD_2,2026-03-23,2026-04-06,2026-05-01T12:00:00.000-0300
BF3E4-3800,[RH - 72] Entidade: External Tables - Lote 3 - TAMANHO: P,Story,2026-03-11T12:46:34.073-0300,2026-03-20T10:22:23.945-0300,IN REFINEMENT,Refined,italo.siqueira,SQUAD_7,2026-06-01,2026-06-03,
BF3E4-3800,[RH - 72] Entidade: External Tables - Lote 3 - TAMANHO: P,Story,2026-03-11T12:46:34.073-0300,2026-03-20T10:22:21.558-0300,WAITING REFINEMENT,IN REFINEMENT,italo.siqueira,SQUAD_7,2026-06-01,2026-06-03,
BF3E4-3800,[RH - 72] Entidade: External Tables - Lote 3 - TAMANHO: P,Story,2026-03-11T12:46:34.073-0300,2026-03-20T10:22:16.045-0300,Open,WAITING REFINEMENT,italo.siqueira,SQUAD_7,2026-06-01,2026-06-03,
BF3E4-3793,[RH - 71] Entidade: External Tables - Lote 2 - TAMANHO: G,Story,2026-03-11T12:46:20.895-0300,2026-05-20T14:23:33.141-0300,To Do,IN DEVELOPMENT,elivelto.anibolete,SQUAD_7,2026-05-26,2026-06-05,
BF3E4-3793,[RH - 71] Entidade: External Tables - Lote 2 - TAMANHO: G,Story,2026-03-11T12:46:20.895-0300,2026-05-20T14:23:31.033-0300,Refined,To Do,elivelto.anibolete,SQUAD_7,2026-05-26,2026-06-05,
BF3E4-3793,[RH - 71] Entidade: External Tables - Lote 2 - TAMANHO: G,Story,2026-03-11T12:46:20.895-0300,2026-03-20T10:21:26.204-0300,IN REFINEMENT,Refined,italo.siqueira,SQUAD_7,2026-05-26,2026-06-05,
BF3E4-3793,[RH - 71] Entidade: External Tables - Lote 2 - TAMANHO: G,Story,2026-03-11T12:46:20.895-0300,2026-03-20T10:21:22.809-0300,WAITING REFINEMENT,IN REFINEMENT,italo.siqueira,SQUAD_7,2026-05-26,2026-06-05,
BF3E4-3793,[RH - 71] Entidade: External Tables - Lote 2 - TAMANHO: G,Story,2026-03-11T12:46:20.895-0300,2026-03-20T10:21:19.570-0300,Open,WAITING REFINEMENT,italo.siqueira,SQUAD_7,2026-05-26,2026-06-05,
BF3E4-3785,[RH - 70] Entidade: External Tables - Lote 1 - TAMANHO: G,Story,2026-03-11T12:46:05.713-0300,2026-05-21T09:50:10.771-0300,To Do,IN DEVELOPMENT,italo.siqueira,SQUAD_7,2026-05-26,2026-06-05,
BF3E4-3785,[RH - 70] Entidade: External Tables - Lote 1 - TAMANHO: G,Story,2026-03-11T12:46:05.713-0300,2026-05-21T09:50:07.765-0300,Refined,To Do,italo.siqueira,SQUAD_7,2026-05-26,2026-06-05,
BF3E4-3785,[RH - 70] Entidade: External Tables - Lote 1 - TAMANHO: G,Story,2026-03-11T12:46:05.713-0300,2026-03-20T10:20:32.873-0300,IN REFINEMENT,Refined,italo.siqueira,SQUAD_7,2026-05-26,2026-06-05,
BF3E4-3785,[RH - 70] Entidade: External Tables - Lote 1 - TAMANHO: G,Story,2026-03-11T12:46:05.713-0300,2026-03-20T10:20:25.767-0300,WAITING REFINEMENT,IN REFINEMENT,italo.siqueira,SQUAD_7,2026-05-26,2026-06-05,
BF3E4-3785,[RH - 70] Entidade: External Tables - Lote 1 - TAMANHO: G,Story,2026-03-11T12:46:05.713-0300,2026-03-20T10:20:21.678-0300,Open,WAITING REFINEMENT,italo.siqueira,SQUAD_7,2026-05-26,2026-06-05,
BF3E4-3779,[RH - 69] Entidade: Talent_Acquisition - Lote 1 - TAMANHO: P,Story,2026-03-11T12:45:53.721-0300,2026-05-20T13:15:31.887-0300,Refined,Canceled,italo.siqueira,SQUAD_7,2026-06-01,2026-06-02,
BF3E4-3779,[RH - 69] Entidade: Talent_Acquisition - Lote 1 - TAMANHO: P,Story,2026-03-11T12:45:53.721-0300,2026-03-20T10:18:31.174-0300,IN REFINEMENT,Refined,italo.siqueira,SQUAD_7,2026-06-01,2026-06-02,
BF3E4-3779,[RH - 69] Entidade: Talent_Acquisition - Lote 1 - TAMANHO: P,Story,2026-03-11T12:45:53.721-0300,2026-03-20T10:18:28.161-0300,WAITING REFINEMENT,IN REFINEMENT,italo.siqueira,SQUAD_7,2026-06-01,2026-06-02,
BF3E4-3779,[RH - 69] Entidade: Talent_Acquisition - Lote 1 - TAMANHO: P,Story,2026-03-11T12:45:53.721-0300,2026-03-20T10:18:20.229-0300,Open,WAITING REFINEMENT,italo.siqueira,SQUAD_7,2026-06-01,2026-06-02,
BF3E4-3770,[RH - 68] Entidade: People_Analytics - Diversity - TAMANHO: P,Story,2026-03-11T12:45:36.080-0300,2026-05-21T16:33:44.681-0300,Test,Done,guilherme.freitas2,SQUAD_7,2026-06-01,2026-06-05,
BF3E4-3770,[RH - 68] Entidade: People_Analytics - Diversity - TAMANHO: P,Story,2026-03-11T12:45:36.080-0300,2026-05-21T14:05:56.845-0300,Waiting Test,Test,guilherme.freitas2,SQUAD_7,2026-06-01,2026-06-05,
BF3E4-3770,[RH - 68] Entidade: People_Analytics - Diversity - TAMANHO: P,Story,2026-03-11T12:45:36.080-0300,2026-05-19T13:36:13.255-0300,IN DEVELOPMENT,Waiting Test,elivelto.anibolete,SQUAD_7,2026-06-01,2026-06-05,
BF3E4-3770,[RH - 68] Entidade: People_Analytics - Diversity - TAMANHO: P,Story,2026-03-11T12:45:36.080-0300,2026-05-19T10:09:09.590-0300,To Do,IN DEVELOPMENT,elivelto.anibolete,SQUAD_7,2026-06-01,2026-06-05,
BF3E4-3770,[RH - 68] Entidade: People_Analytics - Diversity - TAMANHO: P,Story,2026-03-11T12:45:36.080-0300,2026-05-19T10:09:06.923-0300,Refined,To Do,elivelto.anibolete,SQUAD_7,2026-06-01,2026-06-05,
BF3E4-3770,[RH - 68] Entidade: People_Analytics - Diversity - TAMANHO: P,Story,2026-03-11T12:45:36.080-0300,2026-03-20T10:16:59.422-0300,IN REFINEMENT,Refined,italo.siqueira,SQUAD_7,2026-06-01,2026-06-05,
BF3E4-3770,[RH - 68] Entidade: People_Analytics - Diversity - TAMANHO: P,Story,2026-03-11T12:45:36.080-0300,2026-03-20T10:16:57.104-0300,WAITING REFINEMENT,IN REFINEMENT,italo.siqueira,SQUAD_7,2026-06-01,2026-06-05,
BF3E4-3770,[RH - 68] Entidade: People_Analytics - Diversity - TAMANHO: P,Story,2026-03-11T12:45:36.080-0300,2026-03-20T10:16:52.616-0300,Open,WAITING REFINEMENT,italo.siqueira,SQUAD_7,2026-06-01,2026-06-05,
BF3E4-3764,[RH - 67] Entidade: People_Analytics_Restricted - Carga desconhecida - TAMANHO: P,Story,2026-03-11T12:45:21.910-0300,2026-03-20T10:22:36.285-0300,IN REFINEMENT,Refined,italo.siqueira,SQUAD_7,2026-06-01,2026-06-03,
BF3E4-3764,[RH - 67] Entidade: People_Analytics_Restricted - Carga desconhecida - TAMANHO: P,Story,2026-03-11T12:45:21.910-0300,2026-03-20T10:22:34.102-0300,WAITING REFINEMENT,IN REFINEMENT,italo.siqueira,SQUAD_7,2026-06-01,2026-06-03,
BF3E4-3764,[RH - 67] Entidade: People_Analytics_Restricted - Carga desconhecida - TAMANHO: P,Story,2026-03-11T12:45:21.910-0300,2026-03-20T10:22:31.703-0300,Open,WAITING REFINEMENT,italo.siqueira,SQUAD_7,2026-06-01,2026-06-03,
BF3E4-3752,[RH - 66] Entidade: Learning Completed Training (Ano Corrente) - TAMANHO: P,Story,2026-03-11T12:45:01.301-0300,2026-05-22T14:08:38.054-0300,Waiting Test,Test,guilherme.freitas2,SQUAD_7,2026-05-29,2026-06-03,
BF3E4-3752,[RH - 66] Entidade: Learning Completed Training (Ano Corrente) - TAMANHO: P,Story,2026-03-11T12:45:01.301-0300,2026-05-22T09:41:02.783-0300,IN DEVELOPMENT,Waiting Test,jose.acerbi,SQUAD_7,2026-05-29,2026-06-03,
BF3E4-3752,[RH - 66] Entidade: Learning Completed Training (Ano Corrente) - TAMANHO: P,Story,2026-03-11T12:45:01.301-0300,2026-05-20T15:02:07.638-0300,To Do,IN DEVELOPMENT,jose.acerbi,SQUAD_7,2026-05-29,2026-06-03,
BF3E4-3752,[RH - 66] Entidade: Learning Completed Training (Ano Corrente) - TAMANHO: P,Story,2026-03-11T12:45:01.301-0300,2026-05-20T15:01:29.971-0300,Refined,To Do,jose.acerbi,SQUAD_7,2026-05-29,2026-06-03,
BF3E4-3752,[RH - 66] Entidade: Learning Completed Training (Ano Corrente) - TAMANHO: P,Story,2026-03-11T12:45:01.301-0300,2026-03-20T09:59:56.017-0300,IN REFINEMENT,Refined,italo.siqueira,SQUAD_7,2026-05-29,2026-06-03,
BF3E4-3752,[RH - 66] Entidade: Learning Completed Training (Ano Corrente) - TAMANHO: P,Story,2026-03-11T12:45:01.301-0300,2026-03-20T09:59:53.058-0300,WAITING REFINEMENT,IN REFINEMENT,italo.siqueira,SQUAD_7,2026-05-29,2026-06-03,
BF3E4-3752,[RH - 66] Entidade: Learning Completed Training (Ano Corrente) - TAMANHO: P,Story,2026-03-11T12:45:01.301-0300,2026-03-20T09:59:48.595-0300,Open,WAITING REFINEMENT,italo.siqueira,SQUAD_7,2026-05-29,2026-06-03,
BF3E4-3746,[RH - 65] Entidade: Learning - Carga desconhecida - TAMANHO: P,Story,2026-03-11T12:44:49.104-0300,2026-05-22T16:58:05.169-0300,Test,Done,jean.malagi,SQUAD_7,2026-05-29,2026-06-01,
BF3E4-3746,[RH - 65] Entidade: Learning - Carga desconhecida - TAMANHO: P,Story,2026-03-11T12:44:49.104-0300,2026-05-22T12:37:43.576-0300,Waiting Test,Test,jean.malagi,SQUAD_7,2026-05-29,2026-06-01,
BF3E4-3746,[RH - 65] Entidade: Learning - Carga desconhecida - TAMANHO: P,Story,2026-03-11T12:44:49.104-0300,2026-05-22T09:35:37.854-0300,IN DEVELOPMENT,Waiting Test,jose.acerbi,SQUAD_7,2026-05-29,2026-06-01,
BF3E4-3746,[RH - 65] Entidade: Learning - Carga desconhecida - TAMANHO: P,Story,2026-03-11T12:44:49.104-0300,2026-05-21T11:33:48.381-0300,To Do,IN DEVELOPMENT,jose.acerbi,SQUAD_7,2026-05-29,2026-06-01,
BF3E4-3746,[RH - 65] Entidade: Learning - Carga desconhecida - TAMANHO: P,Story,2026-03-11T12:44:49.104-0300,2026-05-21T11:26:50.822-0300,Refined,To Do,jose.acerbi,SQUAD_7,2026-05-29,2026-06-01,
BF3E4-3746,[RH - 65] Entidade: Learning - Carga desconhecida - TAMANHO: P,Story,2026-03-11T12:44:49.104-0300,2026-03-20T09:57:54.158-0300,IN REFINEMENT,Refined,italo.siqueira,SQUAD_7,2026-05-29,2026-06-01,
BF3E4-3746,[RH - 65] Entidade: Learning - Carga desconhecida - TAMANHO: P,Story,2026-03-11T12:44:49.104-0300,2026-03-20T09:57:51.061-0300,WAITING REFINEMENT,IN REFINEMENT,italo.siqueira,SQUAD_7,2026-05-29,2026-06-01,
BF3E4-3746,[RH - 65] Entidade: Learning - Carga desconhecida - TAMANHO: P,Story,2026-03-11T12:44:49.104-0300,2026-03-20T09:57:47.401-0300,Open,WAITING REFINEMENT,italo.siqueira,SQUAD_7,2026-05-29,2026-06-01,
BF3E4-3738,[RH - 64] Entidade: People Analytics Restricted R048 - TAMANHO: P,Story,2026-03-11T12:44:34.128-0300,2026-05-20T14:06:03.253-0300,To Do,IN DEVELOPMENT,joao.sales,SQUAD_7,2026-05-29,2026-06-01,
BF3E4-3738,[RH - 64] Entidade: People Analytics Restricted R048 - TAMANHO: P,Story,2026-03-11T12:44:34.128-0300,2026-05-20T14:05:47.178-0300,Refined,To Do,joao.sales,SQUAD_7,2026-05-29,2026-06-01,
BF3E4-3738,[RH - 64] Entidade: People Analytics Restricted R048 - TAMANHO: P,Story,2026-03-11T12:44:34.128-0300,2026-03-20T09:55:31.816-0300,IN REFINEMENT,Refined,italo.siqueira,SQUAD_7,2026-05-29,2026-06-01,
BF3E4-3738,[RH - 64] Entidade: People Analytics Restricted R048 - TAMANHO: P,Story,2026-03-11T12:44:34.128-0300,2026-03-20T09:55:29.470-0300,WAITING REFINEMENT,IN REFINEMENT,italo.siqueira,SQUAD_7,2026-05-29,2026-06-01,
BF3E4-3738,[RH - 64] Entidade: People Analytics Restricted R048 - TAMANHO: P,Story,2026-03-11T12:44:34.128-0300,2026-03-20T09:55:25.780-0300,Open,WAITING REFINEMENT,italo.siqueira,SQUAD_7,2026-05-29,2026-06-01,
BF3E4-3728,[RH - 63] Entidade: Org Design Lider Substituto - TAMANHO: P,Story,2026-03-11T12:44:17.127-0300,2026-05-24T10:40:45.973-0300,Waiting Test,Test,jean.malagi,SQUAD_7,2026-05-29,2026-06-02,
BF3E4-3728,[RH - 63] Entidade: Org Design Lider Substituto - TAMANHO: P,Story,2026-03-11T12:44:17.127-0300,2026-05-21T11:47:10.802-0300,IN DEVELOPMENT,Waiting Test,italo.siqueira,SQUAD_7,2026-05-29,2026-06-02,
BF3E4-3728,[RH - 63] Entidade: Org Design Lider Substituto - TAMANHO: P,Story,2026-03-11T12:44:17.127-0300,2026-05-20T11:38:48.288-0300,To Do,IN DEVELOPMENT,italo.siqueira,SQUAD_7,2026-05-29,2026-06-02,
BF3E4-3728,[RH - 63] Entidade: Org Design Lider Substituto - TAMANHO: P,Story,2026-03-11T12:44:17.127-0300,2026-05-20T11:38:45.549-0300,Refined,To Do,italo.siqueira,SQUAD_7,2026-05-29,2026-06-02,
BF3E4-3728,[RH - 63] Entidade: Org Design Lider Substituto - TAMANHO: P,Story,2026-03-11T12:44:17.127-0300,2026-03-20T09:51:49.891-0300,IN REFINEMENT,Refined,italo.siqueira,SQUAD_7,2026-05-29,2026-06-02,
BF3E4-3728,[RH - 63] Entidade: Org Design Lider Substituto - TAMANHO: P,Story,2026-03-11T12:44:17.127-0300,2026-03-20T09:51:47.489-0300,WAITING REFINEMENT,IN REFINEMENT,italo.siqueira,SQUAD_7,2026-05-29,2026-06-02,
BF3E4-3728,[RH - 63] Entidade: Org Design Lider Substituto - TAMANHO: P,Story,2026-03-11T12:44:17.127-0300,2026-03-20T09:51:38.938-0300,Open,WAITING REFINEMENT,italo.siqueira,SQUAD_7,2026-05-29,2026-06-02,
BF3E4-3713,[RH - 62] Entidade: Absenteismo - TAMANHO: G,Story,2026-03-11T12:43:51.872-0300,2026-05-23T15:03:03.142-0300,Test,Done,jean.malagi,SQUAD_7,2026-05-22,2026-06-04,
BF3E4-3713,[RH - 62] Entidade: Absenteismo - TAMANHO: G,Story,2026-03-11T12:43:51.872-0300,2026-05-22T17:10:06.146-0300,Waiting Test,Test,jean.malagi,SQUAD_7,2026-05-22,2026-06-04,
BF3E4-3713,[RH - 62] Entidade: Absenteismo - TAMANHO: G,Story,2026-03-11T12:43:51.872-0300,2026-05-20T10:34:22.156-0300,IN DEVELOPMENT,Waiting Test,elivelto.anibolete,SQUAD_7,2026-05-22,2026-06-04,
BF3E4-3713,[RH - 62] Entidade: Absenteismo - TAMANHO: G,Story,2026-03-11T12:43:51.872-0300,2026-05-20T10:34:19.440-0300,To Do,IN DEVELOPMENT,elivelto.anibolete,SQUAD_7,2026-05-22,2026-06-04,
BF3E4-3713,[RH - 62] Entidade: Absenteismo - TAMANHO: G,Story,2026-03-11T12:43:51.872-0300,2026-05-20T10:34:16.475-0300,Refined,To Do,elivelto.anibolete,SQUAD_7,2026-05-22,2026-06-04,
BF3E4-3713,[RH - 62] Entidade: Absenteismo - TAMANHO: G,Story,2026-03-11T12:43:51.872-0300,2026-03-20T09:49:55.554-0300,IN REFINEMENT,Refined,italo.siqueira,SQUAD_7,2026-05-22,2026-06-04,
BF3E4-3713,[RH - 62] Entidade: Absenteismo - TAMANHO: G,Story,2026-03-11T12:43:51.872-0300,2026-03-20T09:49:52.027-0300,WAITING REFINEMENT,IN REFINEMENT,italo.siqueira,SQUAD_7,2026-05-22,2026-06-04,
BF3E4-3713,[RH - 62] Entidade: Absenteismo - TAMANHO: G,Story,2026-03-11T12:43:51.872-0300,2026-03-20T09:48:57.923-0300,Open,WAITING REFINEMENT,italo.siqueira,SQUAD_7,2026-05-22,2026-06-04,
BF3E4-3706,[RH - 61] Entidade: iTransport User Presence - TAMANHO: P,Story,2026-03-11T12:43:36.627-0300,2026-05-14T13:44:36.032-0300,Refined,Canceled,italo.siqueira,SQUAD_7,2026-05-29,2026-06-01,
BF3E4-3706,[RH - 61] Entidade: iTransport User Presence - TAMANHO: P,Story,2026-03-11T12:43:36.627-0300,2026-03-20T09:45:26.400-0300,IN REFINEMENT,Refined,italo.siqueira,SQUAD_7,2026-05-29,2026-06-01,
BF3E4-3706,[RH - 61] Entidade: iTransport User Presence - TAMANHO: P,Story,2026-03-11T12:43:36.627-0300,2026-03-20T09:45:23.005-0300,WAITING REFINEMENT,IN REFINEMENT,italo.siqueira,SQUAD_7,2026-05-29,2026-06-01,
BF3E4-3706,[RH - 61] Entidade: iTransport User Presence - TAMANHO: P,Story,2026-03-11T12:43:36.627-0300,2026-03-20T09:45:17.828-0300,Open,WAITING REFINEMENT,italo.siqueira,SQUAD_7,2026-05-29,2026-06-01,
BF3E4-3699,[RH - 60] Entidade: iTransport Punctuality Vehicle - TAMANHO: P,Story,2026-03-11T12:43:22.901-0300,2026-05-14T13:44:21.843-0300,Refined,Canceled,italo.siqueira,SQUAD_7,2026-05-29,2026-06-01,
BF3E4-3699,[RH - 60] Entidade: iTransport Punctuality Vehicle - TAMANHO: P,Story,2026-03-11T12:43:22.901-0300,2026-03-20T09:44:07.089-0300,IN REFINEMENT,Refined,italo.siqueira,SQUAD_7,2026-05-29,2026-06-01,
BF3E4-3699,[RH - 60] Entidade: iTransport Punctuality Vehicle - TAMANHO: P,Story,2026-03-11T12:43:22.901-0300,2026-03-20T09:44:03.957-0300,WAITING REFINEMENT,IN REFINEMENT,italo.siqueira,SQUAD_7,2026-05-29,2026-06-01,
BF3E4-3699,[RH - 60] Entidade: iTransport Punctuality Vehicle - TAMANHO: P,Story,2026-03-11T12:43:22.901-0300,2026-03-20T09:44:00.612-0300,Open,WAITING REFINEMENT,italo.siqueira,SQUAD_7,2026-05-29,2026-06-01,
BF3E4-3692,[RH - 59] Entidade: iTransport Arrival To Garage - TAMANHO: P,Story,2026-03-11T12:43:06.085-0300,2026-05-14T13:43:47.924-0300,Refined,Canceled,italo.siqueira,SQUAD_7,2026-05-28,2026-05-29,
BF3E4-3692,[RH - 59] Entidade: iTransport Arrival To Garage - TAMANHO: P,Story,2026-03-11T12:43:06.085-0300,2026-03-20T09:42:42.009-0300,IN REFINEMENT,Refined,italo.siqueira,SQUAD_7,2026-05-28,2026-05-29,
BF3E4-3692,[RH - 59] Entidade: iTransport Arrival To Garage - TAMANHO: P,Story,2026-03-11T12:43:06.085-0300,2026-03-20T09:42:39.090-0300,WAITING REFINEMENT,IN REFINEMENT,italo.siqueira,SQUAD_7,2026-05-28,2026-05-29,
BF3E4-3692,[RH - 59] Entidade: iTransport Arrival To Garage - TAMANHO: P,Story,2026-03-11T12:43:06.085-0300,2026-03-20T09:42:35.287-0300,Open,WAITING REFINEMENT,italo.siqueira,SQUAD_7,2026-05-28,2026-05-29,
BF3E4-3685,[RH - 58] Entidade: iTransport Unit Arrival - TAMANHO: P,Story,2026-03-11T12:42:52.678-0300,2026-05-14T13:43:23.190-0300,To Do,Canceled,italo.siqueira,SQUAD_7,2026-05-28,2026-05-29,
BF3E4-3685,[RH - 58] Entidade: iTransport Unit Arrival - TAMANHO: P,Story,2026-03-11T12:42:52.678-0300,2026-05-12T10:20:35.740-0300,Refined,To Do,italo.siqueira,SQUAD_7,2026-05-28,2026-05-29,
BF3E4-3685,[RH - 58] Entidade: iTransport Unit Arrival - TAMANHO: P,Story,2026-03-11T12:42:52.678-0300,2026-03-20T09:41:47.558-0300,IN REFINEMENT,Refined,italo.siqueira,SQUAD_7,2026-05-28,2026-05-29,
BF3E4-3685,[RH - 58] Entidade: iTransport Unit Arrival - TAMANHO: P,Story,2026-03-11T12:42:52.678-0300,2026-03-20T09:41:44.723-0300,WAITING REFINEMENT,IN REFINEMENT,italo.siqueira,SQUAD_7,2026-05-28,2026-05-29,
BF3E4-3685,[RH - 58] Entidade: iTransport Unit Arrival - TAMANHO: P,Story,2026-03-11T12:42:52.678-0300,2026-03-20T09:41:41.049-0300,Open,WAITING REFINEMENT,italo.siqueira,SQUAD_7,2026-05-28,2026-05-29,
BF3E4-3679,[RH - 57] Entidade: iTransport Itinerary Performance - TAMANHO: P,Story,2026-03-11T12:42:41.177-0300,2026-05-15T09:57:28.996-0300,Refined,Canceled,jose.acerbi,SQUAD_7,2026-05-28,2026-05-29,
BF3E4-3679,[RH - 57] Entidade: iTransport Itinerary Performance - TAMANHO: P,Story,2026-03-11T12:42:41.177-0300,2026-03-20T09:40:49.982-0300,IN REFINEMENT,Refined,italo.siqueira,SQUAD_7,2026-05-28,2026-05-29,
BF3E4-3679,[RH - 57] Entidade: iTransport Itinerary Performance - TAMANHO: P,Story,2026-03-11T12:42:41.177-0300,2026-03-20T09:40:47.418-0300,WAITING REFINEMENT,IN REFINEMENT,italo.siqueira,SQUAD_7,2026-05-28,2026-05-29,
BF3E4-3679,[RH - 57] Entidade: iTransport Itinerary Performance - TAMANHO: P,Story,2026-03-11T12:42:41.177-0300,2026-03-20T09:40:43.610-0300,Open,WAITING REFINEMENT,italo.siqueira,SQUAD_7,2026-05-28,2026-05-29,
BF3E4-3673,[RH - 56] Entidade: Elaw - Índice de Judicialização (Analytics Cross-Domain) - TAMANHO: P,Story,2026-03-11T12:42:27.533-0300,2026-05-20T10:57:37.557-0300,IN DEVELOPMENT,Canceled,joao.sales,SQUAD_7,2026-05-28,2026-06-01,
BF3E4-3673,[RH - 56] Entidade: Elaw - Índice de Judicialização (Analytics Cross-Domain) - TAMANHO: P,Story,2026-03-11T12:42:27.533-0300,2026-05-20T07:30:55.830-0300,To Do,IN DEVELOPMENT,joao.sales,SQUAD_7,2026-05-28,2026-06-01,
BF3E4-3673,[RH - 56] Entidade: Elaw - Índice de Judicialização (Analytics Cross-Domain) - TAMANHO: P,Story,2026-03-11T12:42:27.533-0300,2026-05-20T07:30:53.080-0300,Refined,To Do,joao.sales,SQUAD_7,2026-05-28,2026-06-01,
BF3E4-3673,[RH - 56] Entidade: Elaw - Índice de Judicialização (Analytics Cross-Domain) - TAMANHO: P,Story,2026-03-11T12:42:27.533-0300,2026-03-20T09:36:56.147-0300,IN REFINEMENT,Refined,italo.siqueira,SQUAD_7,2026-05-28,2026-06-01,
BF3E4-3673,[RH - 56] Entidade: Elaw - Índice de Judicialização (Analytics Cross-Domain) - TAMANHO: P,Story,2026-03-11T12:42:27.533-0300,2026-03-20T09:36:53.481-0300,WAITING REFINEMENT,IN REFINEMENT,italo.siqueira,SQUAD_7,2026-05-28,2026-06-01,
BF3E4-3673,[RH - 56] Entidade: Elaw - Índice de Judicialização (Analytics Cross-Domain) - TAMANHO: P,Story,2026-03-11T12:42:27.533-0300,2026-03-20T09:36:48.397-0300,Open,WAITING REFINEMENT,italo.siqueira,SQUAD_7,2026-05-28,2026-06-01,
BF3E4-3662,[RH - 55] Entidade: Espaider - TAMANHO: G,Story,2026-03-11T12:42:04.747-0300,2026-05-11T10:36:29.675-0300,Test,Done,jean.malagi,SQUAD_7,2026-05-28,2026-06-05,2026-05-08T17:30:00.000-0300
BF3E4-3662,[RH - 55] Entidade: Espaider - TAMANHO: G,Story,2026-03-11T12:42:04.747-0300,2026-05-07T17:18:14.078-0300,Waiting Test,Test,jean.malagi,SQUAD_7,2026-05-28,2026-06-05,2026-05-08T17:30:00.000-0300
BF3E4-3662,[RH - 55] Entidade: Espaider - TAMANHO: G,Story,2026-03-11T12:42:04.747-0300,2026-05-06T17:40:04.374-0300,IN DEVELOPMENT,Waiting Test,italo.siqueira,SQUAD_7,2026-05-28,2026-06-05,2026-05-08T17:30:00.000-0300
BF3E4-3662,[RH - 55] Entidade: Espaider - TAMANHO: G,Story,2026-03-11T12:42:04.747-0300,2026-05-06T17:40:02.286-0300,To Do,IN DEVELOPMENT,italo.siqueira,SQUAD_7,2026-05-28,2026-06-05,2026-05-08T17:30:00.000-0300
BF3E4-3662,[RH - 55] Entidade: Espaider - TAMANHO: G,Story,2026-03-11T12:42:04.747-0300,2026-05-06T17:40:00.233-0300,Refined,To Do,italo.siqueira,SQUAD_7,2026-05-28,2026-06-05,2026-05-08T17:30:00.000-0300
BF3E4-3662,[RH - 55] Entidade: Espaider - TAMANHO: G,Story,2026-03-11T12:42:04.747-0300,2026-03-20T09:35:37.375-0300,IN REFINEMENT,Refined,italo.siqueira,SQUAD_7,2026-05-28,2026-06-05,2026-05-08T17:30:00.000-0300
BF3E4-3662,[RH - 55] Entidade: Espaider - TAMANHO: G,Story,2026-03-11T12:42:04.747-0300,2026-03-20T09:35:34.892-0300,WAITING REFINEMENT,IN REFINEMENT,italo.siqueira,SQUAD_7,2026-05-28,2026-06-05,2026-05-08T17:30:00.000-0300
BF3E4-3662,[RH - 55] Entidade: Espaider - TAMANHO: G,Story,2026-03-11T12:42:04.747-0300,2026-03-20T09:35:31.700-0300,Open,WAITING REFINEMENT,italo.siqueira,SQUAD_7,2026-05-28,2026-06-05,2026-05-08T17:30:00.000-0300
BF3E4-3662,[RH - 55] Entidade: Espaider - TAMANHO: G,Story,2026-03-11T12:42:04.747-0300,2026-03-20T09:35:28.902-0300,Canceled,Open,italo.siqueira,SQUAD_7,2026-05-28,2026-06-05,2026-05-08T17:30:00.000-0300
BF3E4-3662,[RH - 55] Entidade: Espaider - TAMANHO: G,Story,2026-03-11T12:42:04.747-0300,2026-03-20T09:35:26.082-0300,Done,Canceled,italo.siqueira,SQUAD_7,2026-05-28,2026-06-05,2026-05-08T17:30:00.000-0300
BF3E4-3662,[RH - 55] Entidade: Espaider - TAMANHO: G,Story,2026-03-11T12:42:04.747-0300,2026-03-20T09:35:17.280-0300,WAITING REFINEMENT,Done,italo.siqueira,SQUAD_7,2026-05-28,2026-06-05,2026-05-08T17:30:00.000-0300
BF3E4-3662,[RH - 55] Entidade: Espaider - TAMANHO: G,Story,2026-03-11T12:42:04.747-0300,2026-03-20T09:34:18.908-0300,Open,WAITING REFINEMENT,italo.siqueira,SQUAD_7,2026-05-28,2026-06-05,2026-05-08T17:30:00.000-0300
BF3E4-3655,[RH - 54] Entidade: ELAW Valores Totais - TAMANHO: P,Story,2026-03-11T12:41:49.067-0300,2026-05-20T14:14:37.947-0300,Test,Done,guilherme.freitas2,SQUAD_7,2026-05-28,2026-05-29,
BF3E4-3655,[RH - 54] Entidade: ELAW Valores Totais - TAMANHO: P,Story,2026-03-11T12:41:49.067-0300,2026-05-20T10:11:55.208-0300,Waiting Test,Test,guilherme.freitas2,SQUAD_7,2026-05-28,2026-05-29,
BF3E4-3655,[RH - 54] Entidade: ELAW Valores Totais - TAMANHO: P,Story,2026-03-11T12:41:49.067-0300,2026-05-20T07:29:42.977-0300,IN DEVELOPMENT,Waiting Test,joao.sales,SQUAD_7,2026-05-28,2026-05-29,
BF3E4-3655,[RH - 54] Entidade: ELAW Valores Totais - TAMANHO: P,Story,2026-03-11T12:41:49.067-0300,2026-05-19T15:15:10.446-0300,To Do,IN DEVELOPMENT,joao.sales,SQUAD_7,2026-05-28,2026-05-29,
BF3E4-3655,[RH - 54] Entidade: ELAW Valores Totais - TAMANHO: P,Story,2026-03-11T12:41:49.067-0300,2026-05-19T15:13:57.434-0300,Refined,To Do,joao.sales,SQUAD_7,2026-05-28,2026-05-29,
BF3E4-3655,[RH - 54] Entidade: ELAW Valores Totais - TAMANHO: P,Story,2026-03-11T12:41:49.067-0300,2026-03-20T09:33:17.209-0300,IN REFINEMENT,Refined,italo.siqueira,SQUAD_7,2026-05-28,2026-05-29,
BF3E4-3655,[RH - 54] Entidade: ELAW Valores Totais - TAMANHO: P,Story,2026-03-11T12:41:49.067-0300,2026-03-20T09:33:14.558-0300,WAITING REFINEMENT,IN REFINEMENT,italo.siqueira,SQUAD_7,2026-05-28,2026-05-29,
BF3E4-3655,[RH - 54] Entidade: ELAW Valores Totais - TAMANHO: P,Story,2026-03-11T12:41:49.067-0300,2026-03-20T09:33:10.726-0300,Open,WAITING REFINEMENT,italo.siqueira,SQUAD_7,2026-05-28,2026-05-29,
BF3E4-3642,[RH - 53] Entidade: ELAW Valores Pedidos - TAMANHO: G,Story,2026-03-11T12:41:26.515-0300,2026-05-21T17:32:45.400-0300,Test,Done,jean.malagi,SQUAD_7,2026-05-26,2026-06-04,2026-05-19T17:00:00.000-0300
BF3E4-3642,[RH - 53] Entidade: ELAW Valores Pedidos - TAMANHO: G,Story,2026-03-11T12:41:26.515-0300,2026-05-20T10:27:42.733-0300,Waiting Test,Test,jean.malagi,SQUAD_7,2026-05-26,2026-06-04,2026-05-19T17:00:00.000-0300
BF3E4-3642,[RH - 53] Entidade: ELAW Valores Pedidos - TAMANHO: G,Story,2026-03-11T12:41:26.515-0300,2026-05-20T10:26:02.365-0300,IN DEVELOPMENT,Waiting Test,jose.acerbi,SQUAD_7,2026-05-26,2026-06-04,2026-05-19T17:00:00.000-0300
BF3E4-3642,[RH - 53] Entidade: ELAW Valores Pedidos - TAMANHO: G,Story,2026-03-11T12:41:26.515-0300,2026-05-18T15:53:07.347-0300,To Do,IN DEVELOPMENT,jose.acerbi,SQUAD_7,2026-05-26,2026-06-04,2026-05-19T17:00:00.000-0300
BF3E4-3642,[RH - 53] Entidade: ELAW Valores Pedidos - TAMANHO: G,Story,2026-03-11T12:41:26.515-0300,2026-05-18T15:40:51.128-0300,Refined,To Do,jose.acerbi,SQUAD_7,2026-05-26,2026-06-04,2026-05-19T17:00:00.000-0300
BF3E4-3642,[RH - 53] Entidade: ELAW Valores Pedidos - TAMANHO: G,Story,2026-03-11T12:41:26.515-0300,2026-03-20T09:31:40.002-0300,IN REFINEMENT,Refined,italo.siqueira,SQUAD_7,2026-05-26,2026-06-04,2026-05-19T17:00:00.000-0300
BF3E4-3642,[RH - 53] Entidade: ELAW Valores Pedidos - TAMANHO: G,Story,2026-03-11T12:41:26.515-0300,2026-03-20T09:31:36.588-0300,WAITING REFINEMENT,IN REFINEMENT,italo.siqueira,SQUAD_7,2026-05-26,2026-06-04,2026-05-19T17:00:00.000-0300
BF3E4-3642,[RH - 53] Entidade: ELAW Valores Pedidos - TAMANHO: G,Story,2026-03-11T12:41:26.515-0300,2026-03-20T09:31:14.977-0300,Open,WAITING REFINEMENT,italo.siqueira,SQUAD_7,2026-05-26,2026-06-04,2026-05-19T17:00:00.000-0300
BF3E4-3635,[RH - 52] Entidade: ELAW Tutela - TAMANHO: P,Story,2026-03-11T12:41:10.069-0300,2026-05-20T10:52:38.299-0300,Test,Done,guilherme.freitas2,SQUAD_7,2026-05-27,2026-05-28,
BF3E4-3635,[RH - 52] Entidade: ELAW Tutela - TAMANHO: P,Story,2026-03-11T12:41:10.069-0300,2026-05-20T08:34:32.935-0300,Waiting Test,Test,guilherme.freitas2,SQUAD_7,2026-05-27,2026-05-28,
BF3E4-3635,[RH - 52] Entidade: ELAW Tutela - TAMANHO: P,Story,2026-03-11T12:41:10.069-0300,2026-05-19T15:12:57.131-0300,IN DEVELOPMENT,Waiting Test,joao.sales,SQUAD_7,2026-05-27,2026-05-28,
BF3E4-3635,[RH - 52] Entidade: ELAW Tutela - TAMANHO: P,Story,2026-03-11T12:41:10.069-0300,2026-05-19T14:31:40.280-0300,To Do,IN DEVELOPMENT,joao.sales,SQUAD_7,2026-05-27,2026-05-28,
BF3E4-3635,[RH - 52] Entidade: ELAW Tutela - TAMANHO: P,Story,2026-03-11T12:41:10.069-0300,2026-05-18T14:22:00.635-0300,Refined,To Do,joao.sales,SQUAD_7,2026-05-27,2026-05-28,
BF3E4-3635,[RH - 52] Entidade: ELAW Tutela - TAMANHO: P,Story,2026-03-11T12:41:10.069-0300,2026-03-20T09:29:52.409-0300,IN REFINEMENT,Refined,italo.siqueira,SQUAD_7,2026-05-27,2026-05-28,
BF3E4-3635,[RH - 52] Entidade: ELAW Tutela - TAMANHO: P,Story,2026-03-11T12:41:10.069-0300,2026-03-20T09:29:49.568-0300,WAITING REFINEMENT,IN REFINEMENT,italo.siqueira,SQUAD_7,2026-05-27,2026-05-28,
BF3E4-3635,[RH - 52] Entidade: ELAW Tutela - TAMANHO: P,Story,2026-03-11T12:41:10.069-0300,2026-03-20T09:29:45.441-0300,Open,WAITING REFINEMENT,italo.siqueira,SQUAD_7,2026-05-27,2026-05-28,
BF3E4-3626,[RH - 51] Entidade: ELAW Reserva - TAMANHO: P,Story,2026-03-11T12:40:52.698-0300,2026-05-20T09:34:00.659-0300,Test,Done,guilherme.freitas2,SQUAD_7,2026-05-27,2026-05-28,
BF3E4-3626,[RH - 51] Entidade: ELAW Reserva - TAMANHO: P,Story,2026-03-11T12:40:52.698-0300,2026-05-19T14:44:14.661-0300,Waiting Test,Test,guilherme.freitas2,SQUAD_7,2026-05-27,2026-05-28,
BF3E4-3626,[RH - 51] Entidade: ELAW Reserva - TAMANHO: P,Story,2026-03-11T12:40:52.698-0300,2026-05-18T15:28:57.498-0300,IN DEVELOPMENT,Waiting Test,jose.acerbi,SQUAD_7,2026-05-27,2026-05-28,
BF3E4-3626,[RH - 51] Entidade: ELAW Reserva - TAMANHO: P,Story,2026-03-11T12:40:52.698-0300,2026-05-18T11:22:09.327-0300,To Do,IN DEVELOPMENT,jose.acerbi,SQUAD_7,2026-05-27,2026-05-28,
BF3E4-3626,[RH - 51] Entidade: ELAW Reserva - TAMANHO: P,Story,2026-03-11T12:40:52.698-0300,2026-05-16T14:20:24.500-0300,Refined,To Do,joao.sales,SQUAD_7,2026-05-27,2026-05-28,
BF3E4-3626,[RH - 51] Entidade: ELAW Reserva - TAMANHO: P,Story,2026-03-11T12:40:52.698-0300,2026-03-20T09:28:13.472-0300,IN REFINEMENT,Refined,italo.siqueira,SQUAD_7,2026-05-27,2026-05-28,
BF3E4-3626,[RH - 51] Entidade: ELAW Reserva - TAMANHO: P,Story,2026-03-11T12:40:52.698-0300,2026-03-20T09:28:09.263-0300,WAITING REFINEMENT,IN REFINEMENT,italo.siqueira,SQUAD_7,2026-05-27,2026-05-28,
BF3E4-3626,[RH - 51] Entidade: ELAW Reserva - TAMANHO: P,Story,2026-03-11T12:40:52.698-0300,2026-03-20T09:28:06.150-0300,Open,WAITING REFINEMENT,italo.siqueira,SQUAD_7,2026-05-27,2026-05-28,
BF3E4-3619,[RH - 50] Entidade: ELAW Recurso - TAMANHO: P,Story,2026-03-11T12:40:37.272-0300,2026-05-19T15:57:50.373-0300,Test,Done,guilherme.freitas2,SQUAD_7,2026-05-27,2026-05-28,
BF3E4-3619,[RH - 50] Entidade: ELAW Recurso - TAMANHO: P,Story,2026-03-11T12:40:37.272-0300,2026-05-19T12:15:05.341-0300,Waiting Test,Test,guilherme.freitas2,SQUAD_7,2026-05-27,2026-05-28,
BF3E4-3619,[RH - 50] Entidade: ELAW Recurso - TAMANHO: P,Story,2026-03-11T12:40:37.272-0300,2026-05-18T11:07:18.942-0300,IN DEVELOPMENT,Waiting Test,jose.acerbi,SQUAD_7,2026-05-27,2026-05-28,
BF3E4-3619,[RH - 50] Entidade: ELAW Recurso - TAMANHO: P,Story,2026-03-11T12:40:37.272-0300,2026-05-18T09:17:50.164-0300,To Do,IN DEVELOPMENT,jose.acerbi,SQUAD_7,2026-05-27,2026-05-28,
BF3E4-3619,[RH - 50] Entidade: ELAW Recurso - TAMANHO: P,Story,2026-03-11T12:40:37.272-0300,2026-05-16T14:20:22.327-0300,Refined,To Do,joao.sales,SQUAD_7,2026-05-27,2026-05-28,
BF3E4-3619,[RH - 50] Entidade: ELAW Recurso - TAMANHO: P,Story,2026-03-11T12:40:37.272-0300,2026-03-20T09:27:06.092-0300,IN REFINEMENT,Refined,italo.siqueira,SQUAD_7,2026-05-27,2026-05-28,
BF3E4-3619,[RH - 50] Entidade: ELAW Recurso - TAMANHO: P,Story,2026-03-11T12:40:37.272-0300,2026-03-20T09:27:03.416-0300,WAITING REFINEMENT,IN REFINEMENT,italo.siqueira,SQUAD_7,2026-05-27,2026-05-28,
BF3E4-3619,[RH - 50] Entidade: ELAW Recurso - TAMANHO: P,Story,2026-03-11T12:40:37.272-0300,2026-03-20T09:26:59.757-0300,Open,WAITING REFINEMENT,italo.siqueira,SQUAD_7,2026-05-27,2026-05-28,
BF3E4-3612,[RH - 49] Entidade: ELAW Recebimento - TAMANHO: P,Story,2026-03-11T12:40:24.024-0300,2026-05-15T10:47:32.386-0300,Test,Done,jean.malagi,SQUAD_7,2026-05-26,2026-05-27,2026-05-15T16:30:00.000-0300
BF3E4-3612,[RH - 49] Entidade: ELAW Recebimento - TAMANHO: P,Story,2026-03-11T12:40:24.024-0300,2026-05-15T08:55:24.792-0300,Waiting Test,Test,jean.malagi,SQUAD_7,2026-05-26,2026-05-27,2026-05-15T16:30:00.000-0300
BF3E4-3612,[RH - 49] Entidade: ELAW Recebimento - TAMANHO: P,Story,2026-03-11T12:40:24.024-0300,2026-05-13T15:47:59.214-0300,IN DEVELOPMENT,Waiting Test,italo.siqueira,SQUAD_7,2026-05-26,2026-05-27,2026-05-15T16:30:00.000-0300
BF3E4-3612,[RH - 49] Entidade: ELAW Recebimento - TAMANHO: P,Story,2026-03-11T12:40:24.024-0300,2026-05-13T15:47:57.251-0300,To Do,IN DEVELOPMENT,italo.siqueira,SQUAD_7,2026-05-26,2026-05-27,2026-05-15T16:30:00.000-0300
BF3E4-3612,[RH - 49] Entidade: ELAW Recebimento - TAMANHO: P,Story,2026-03-11T12:40:24.024-0300,2026-05-13T15:47:55.333-0300,Refined,To Do,italo.siqueira,SQUAD_7,2026-05-26,2026-05-27,2026-05-15T16:30:00.000-0300
BF3E4-3612,[RH - 49] Entidade: ELAW Recebimento - TAMANHO: P,Story,2026-03-11T12:40:24.024-0300,2026-03-19T17:13:14.054-0300,IN REFINEMENT,Refined,italo.siqueira,SQUAD_7,2026-05-26,2026-05-27,2026-05-15T16:30:00.000-0300
BF3E4-3612,[RH - 49] Entidade: ELAW Recebimento - TAMANHO: P,Story,2026-03-11T12:40:24.024-0300,2026-03-19T17:13:10.951-0300,WAITING REFINEMENT,IN REFINEMENT,italo.siqueira,SQUAD_7,2026-05-26,2026-05-27,2026-05-15T16:30:00.000-0300
BF3E4-3612,[RH - 49] Entidade: ELAW Recebimento - TAMANHO: P,Story,2026-03-11T12:40:24.024-0300,2026-03-19T17:13:07.607-0300,Open,WAITING REFINEMENT,italo.siqueira,SQUAD_7,2026-05-26,2026-05-27,2026-05-15T16:30:00.000-0300
BF3E4-3603,[RH - 48] Entidade: ELAW Perícia - TAMANHO: M,Story,2026-03-11T12:40:04.233-0300,2026-05-19T16:54:27.462-0300,Test,Done,jean.malagi,SQUAD_7,2026-05-26,2026-05-29,
BF3E4-3603,[RH - 48] Entidade: ELAW Perícia - TAMANHO: M,Story,2026-03-11T12:40:04.233-0300,2026-05-19T12:11:42.631-0300,Waiting Test,Test,jean.malagi,SQUAD_7,2026-05-26,2026-05-29,
BF3E4-3603,[RH - 48] Entidade: ELAW Perícia - TAMANHO: M,Story,2026-03-11T12:40:04.233-0300,2026-05-16T11:54:28.284-0300,IN DEVELOPMENT,Waiting Test,joao.sales,SQUAD_7,2026-05-26,2026-05-29,
BF3E4-3603,[RH - 48] Entidade: ELAW Perícia - TAMANHO: M,Story,2026-03-11T12:40:04.233-0300,2026-05-15T10:08:15.912-0300,To Do,IN DEVELOPMENT,joao.sales,SQUAD_7,2026-05-26,2026-05-29,
BF3E4-3603,[RH - 48] Entidade: ELAW Perícia - TAMANHO: M,Story,2026-03-11T12:40:04.233-0300,2026-05-15T10:08:10.110-0300,Refined,To Do,joao.sales,SQUAD_7,2026-05-26,2026-05-29,
BF3E4-3603,[RH - 48] Entidade: ELAW Perícia - TAMANHO: M,Story,2026-03-11T12:40:04.233-0300,2026-03-19T17:13:45.218-0300,IN REFINEMENT,Refined,italo.siqueira,SQUAD_7,2026-05-26,2026-05-29,
BF3E4-3603,[RH - 48] Entidade: ELAW Perícia - TAMANHO: M,Story,2026-03-11T12:40:04.233-0300,2026-03-19T17:13:41.431-0300,WAITING REFINEMENT,IN REFINEMENT,italo.siqueira,SQUAD_7,2026-05-26,2026-05-29,
BF3E4-3603,[RH - 48] Entidade: ELAW Perícia - TAMANHO: M,Story,2026-03-11T12:40:04.233-0300,2026-03-19T17:13:38.670-0300,Open,WAITING REFINEMENT,italo.siqueira,SQUAD_7,2026-05-26,2026-05-29,
BF3E4-3603,[RH - 48] Entidade: ELAW Perícia - TAMANHO: M,Story,2026-03-11T12:40:04.233-0300,2026-03-19T17:13:31.101-0300,WAITING REFINEMENT,Open,italo.siqueira,SQUAD_7,2026-05-26,2026-05-29,
BF3E4-3603,[RH - 48] Entidade: ELAW Perícia - TAMANHO: M,Story,2026-03-11T12:40:04.233-0300,2026-03-19T17:13:21.531-0300,Open,WAITING REFINEMENT,italo.siqueira,SQUAD_7,2026-05-26,2026-05-29,
BF3E4-3596,[RH - 47] Entidade: ELAW Pauta - TAMANHO: P,Story,2026-03-11T12:39:47.304-0300,2026-05-15T08:54:52.075-0300,Test,Done,jean.malagi,SQUAD_7,2026-05-26,2026-05-27,
BF3E4-3596,[RH - 47] Entidade: ELAW Pauta - TAMANHO: P,Story,2026-03-11T12:39:47.304-0300,2026-05-14T16:43:03.018-0300,Waiting Test,Test,jean.malagi,SQUAD_7,2026-05-26,2026-05-27,
BF3E4-3596,[RH - 47] Entidade: ELAW Pauta - TAMANHO: P,Story,2026-03-11T12:39:47.304-0300,2026-05-13T15:26:18.144-0300,IN DEVELOPMENT,Waiting Test,italo.siqueira,SQUAD_7,2026-05-26,2026-05-27,
BF3E4-3596,[RH - 47] Entidade: ELAW Pauta - TAMANHO: P,Story,2026-03-11T12:39:47.304-0300,2026-05-13T15:26:15.398-0300,To Do,IN DEVELOPMENT,italo.siqueira,SQUAD_7,2026-05-26,2026-05-27,
BF3E4-3596,[RH - 47] Entidade: ELAW Pauta - TAMANHO: P,Story,2026-03-11T12:39:47.304-0300,2026-05-13T15:26:13.504-0300,Refined,To Do,italo.siqueira,SQUAD_7,2026-05-26,2026-05-27,
BF3E4-3596,[RH - 47] Entidade: ELAW Pauta - TAMANHO: P,Story,2026-03-11T12:39:47.304-0300,2026-03-19T17:09:02.901-0300,IN REFINEMENT,Refined,italo.siqueira,SQUAD_7,2026-05-26,2026-05-27,
BF3E4-3596,[RH - 47] Entidade: ELAW Pauta - TAMANHO: P,Story,2026-03-11T12:39:47.304-0300,2026-03-19T17:09:00.105-0300,WAITING REFINEMENT,IN REFINEMENT,italo.siqueira,SQUAD_7,2026-05-26,2026-05-27,
BF3E4-3596,[RH - 47] Entidade: ELAW Pauta - TAMANHO: P,Story,2026-03-11T12:39:47.304-0300,2026-03-19T17:08:55.180-0300,Open,WAITING REFINEMENT,italo.siqueira,SQUAD_7,2026-05-26,2026-05-27,
BF3E4-3589,[RH - 46] Entidade: ELAW Pagamento - TAMANHO: P,Story,2026-03-11T12:39:30.984-0300,2026-05-14T16:42:15.914-0300,Test,Done,jean.malagi,SQUAD_7,2026-05-26,2026-05-27,
BF3E4-3589,[RH - 46] Entidade: ELAW Pagamento - TAMANHO: P,Story,2026-03-11T12:39:30.984-0300,2026-05-14T15:24:10.300-0300,Waiting Test,Test,jean.malagi,SQUAD_7,2026-05-26,2026-05-27,
BF3E4-3589,[RH - 46] Entidade: ELAW Pagamento - TAMANHO: P,Story,2026-03-11T12:39:30.984-0300,2026-05-13T15:13:49.982-0300,IN DEVELOPMENT,Waiting Test,italo.siqueira,SQUAD_7,2026-05-26,2026-05-27,
BF3E4-3589,[RH - 46] Entidade: ELAW Pagamento - TAMANHO: P,Story,2026-03-11T12:39:30.984-0300,2026-05-13T15:13:47.830-0300,To Do,IN DEVELOPMENT,italo.siqueira,SQUAD_7,2026-05-26,2026-05-27,
BF3E4-3589,[RH - 46] Entidade: ELAW Pagamento - TAMANHO: P,Story,2026-03-11T12:39:30.984-0300,2026-05-13T15:13:45.492-0300,Refined,To Do,italo.siqueira,SQUAD_7,2026-05-26,2026-05-27,
BF3E4-3589,[RH - 46] Entidade: ELAW Pagamento - TAMANHO: P,Story,2026-03-11T12:39:30.984-0300,2026-03-19T17:00:47.771-0300,IN REFINEMENT,Refined,italo.siqueira,SQUAD_7,2026-05-26,2026-05-27,
BF3E4-3589,[RH - 46] Entidade: ELAW Pagamento - TAMANHO: P,Story,2026-03-11T12:39:30.984-0300,2026-03-19T17:00:40.408-0300,WAITING REFINEMENT,IN REFINEMENT,italo.siqueira,SQUAD_7,2026-05-26,2026-05-27,
BF3E4-3589,[RH - 46] Entidade: ELAW Pagamento - TAMANHO: P,Story,2026-03-11T12:39:30.984-0300,2026-03-19T17:00:29.309-0300,Open,WAITING REFINEMENT,italo.siqueira,SQUAD_7,2026-05-26,2026-05-27,
BF3E4-3582,[RH - 45] Entidade: ELAW OBF - TAMANHO: P,Story,2026-03-11T12:39:14.997-0300,2026-05-14T15:23:42.571-0300,Test,Done,jean.malagi,SQUAD_7,2026-05-26,2026-05-27,
BF3E4-3582,[RH - 45] Entidade: ELAW OBF - TAMANHO: P,Story,2026-03-11T12:39:14.997-0300,2026-05-14T12:50:57.662-0300,Waiting Test,Test,jean.malagi,SQUAD_7,2026-05-26,2026-05-27,
BF3E4-3582,[RH - 45] Entidade: ELAW OBF - TAMANHO: P,Story,2026-03-11T12:39:14.997-0300,2026-05-13T15:06:03.139-0300,IN DEVELOPMENT,Waiting Test,italo.siqueira,SQUAD_7,2026-05-26,2026-05-27,
BF3E4-3582,[RH - 45] Entidade: ELAW OBF - TAMANHO: P,Story,2026-03-11T12:39:14.997-0300,2026-05-13T15:06:00.897-0300,To Do,IN DEVELOPMENT,italo.siqueira,SQUAD_7,2026-05-26,2026-05-27,
BF3E4-3582,[RH - 45] Entidade: ELAW OBF - TAMANHO: P,Story,2026-03-11T12:39:14.997-0300,2026-05-13T15:05:55.485-0300,Refined,To Do,italo.siqueira,SQUAD_7,2026-05-26,2026-05-27,
BF3E4-3582,[RH - 45] Entidade: ELAW OBF - TAMANHO: P,Story,2026-03-11T12:39:14.997-0300,2026-03-19T16:59:50.025-0300,IN REFINEMENT,Refined,italo.siqueira,SQUAD_7,2026-05-26,2026-05-27,
BF3E4-3582,[RH - 45] Entidade: ELAW OBF - TAMANHO: P,Story,2026-03-11T12:39:14.997-0300,2026-03-19T16:59:47.310-0300,WAITING REFINEMENT,IN REFINEMENT,italo.siqueira,SQUAD_7,2026-05-26,2026-05-27,
BF3E4-3582,[RH - 45] Entidade: ELAW OBF - TAMANHO: P,Story,2026-03-11T12:39:14.997-0300,2026-03-19T16:59:43.868-0300,Open,WAITING REFINEMENT,italo.siqueira,SQUAD_7,2026-05-26,2026-05-27,
BF3E4-3575,[RH - 44] Entidade: ELAW Levantamento - TAMANHO: P,Story,2026-03-11T12:39:00.627-0300,2026-05-14T12:50:33.355-0300,Test,Done,jean.malagi,SQUAD_7,2026-05-26,2026-05-27,
BF3E4-3575,[RH - 44] Entidade: ELAW Levantamento - TAMANHO: P,Story,2026-03-11T12:39:00.627-0300,2026-05-14T10:58:42.660-0300,Waiting Test,Test,jean.malagi,SQUAD_7,2026-05-26,2026-05-27,
BF3E4-3575,[RH - 44] Entidade: ELAW Levantamento - TAMANHO: P,Story,2026-03-11T12:39:00.627-0300,2026-05-13T14:47:15.383-0300,IN DEVELOPMENT,Waiting Test,italo.siqueira,SQUAD_7,2026-05-26,2026-05-27,
BF3E4-3575,[RH - 44] Entidade: ELAW Levantamento - TAMANHO: P,Story,2026-03-11T12:39:00.627-0300,2026-05-13T14:47:13.474-0300,To Do,IN DEVELOPMENT,italo.siqueira,SQUAD_7,2026-05-26,2026-05-27,
BF3E4-3575,[RH - 44] Entidade: ELAW Levantamento - TAMANHO: P,Story,2026-03-11T12:39:00.627-0300,2026-05-13T14:47:11.692-0300,Refined,To Do,italo.siqueira,SQUAD_7,2026-05-26,2026-05-27,
BF3E4-3575,[RH - 44] Entidade: ELAW Levantamento - TAMANHO: P,Story,2026-03-11T12:39:00.627-0300,2026-03-19T16:58:00.535-0300,IN REFINEMENT,Refined,italo.siqueira,SQUAD_7,2026-05-26,2026-05-27,
BF3E4-3575,[RH - 44] Entidade: ELAW Levantamento - TAMANHO: P,Story,2026-03-11T12:39:00.627-0300,2026-03-19T16:57:57.446-0300,WAITING REFINEMENT,IN REFINEMENT,italo.siqueira,SQUAD_7,2026-05-26,2026-05-27,
BF3E4-3575,[RH - 44] Entidade: ELAW Levantamento - TAMANHO: P,Story,2026-03-11T12:39:00.627-0300,2026-03-19T16:57:53.986-0300,Open,WAITING REFINEMENT,italo.siqueira,SQUAD_7,2026-05-26,2026-05-27,
BF3E4-3566,[RH - 43] Entidade: ELAW Garantia - TAMANHO: M,Story,2026-03-11T12:38:42.029-0300,2026-05-19T12:11:19.836-0300,Test,Done,jean.malagi,SQUAD_7,2026-05-26,2026-05-29,2026-05-19T16:00:00.000-0300
BF3E4-3566,[RH - 43] Entidade: ELAW Garantia - TAMANHO: M,Story,2026-03-11T12:38:42.029-0300,2026-05-19T08:14:08.865-0300,Waiting Test,Test,jean.malagi,SQUAD_7,2026-05-26,2026-05-29,2026-05-19T16:00:00.000-0300
BF3E4-3566,[RH - 43] Entidade: ELAW Garantia - TAMANHO: M,Story,2026-03-11T12:38:42.029-0300,2026-05-18T10:55:38.658-0300,IN DEVELOPMENT,Waiting Test,joao.sales,SQUAD_7,2026-05-26,2026-05-29,2026-05-19T16:00:00.000-0300
BF3E4-3566,[RH - 43] Entidade: ELAW Garantia - TAMANHO: M,Story,2026-03-11T12:38:42.029-0300,2026-05-18T09:15:17.104-0300,To Do,IN DEVELOPMENT,joao.sales,SQUAD_7,2026-05-26,2026-05-29,2026-05-19T16:00:00.000-0300
BF3E4-3566,[RH - 43] Entidade: ELAW Garantia - TAMANHO: M,Story,2026-03-11T12:38:42.029-0300,2026-05-18T09:14:09.846-0300,Refined,To Do,joao.sales,SQUAD_7,2026-05-26,2026-05-29,2026-05-19T16:00:00.000-0300
BF3E4-3566,[RH - 43] Entidade: ELAW Garantia - TAMANHO: M,Story,2026-03-11T12:38:42.029-0300,2026-03-19T16:56:42.252-0300,IN REFINEMENT,Refined,italo.siqueira,SQUAD_7,2026-05-26,2026-05-29,2026-05-19T16:00:00.000-0300
BF3E4-3566,[RH - 43] Entidade: ELAW Garantia - TAMANHO: M,Story,2026-03-11T12:38:42.029-0300,2026-03-19T16:56:39.258-0300,WAITING REFINEMENT,IN REFINEMENT,italo.siqueira,SQUAD_7,2026-05-26,2026-05-29,2026-05-19T16:00:00.000-0300
BF3E4-3566,[RH - 43] Entidade: ELAW Garantia - TAMANHO: M,Story,2026-03-11T12:38:42.029-0300,2026-03-19T16:56:35.720-0300,Open,WAITING REFINEMENT,italo.siqueira,SQUAD_7,2026-05-26,2026-05-29,2026-05-19T16:00:00.000-0300
BF3E4-3557,[RH - 42] Entidade: ELAW Decisão - TAMANHO: M,Story,2026-03-11T12:38:21.727-0300,2026-05-19T12:20:50.443-0300,Test,Done,guilherme.freitas2,SQUAD_7,2026-05-26,2026-05-29,
BF3E4-3557,[RH - 42] Entidade: ELAW Decisão - TAMANHO: M,Story,2026-03-11T12:38:21.727-0300,2026-05-19T08:03:45.867-0300,Waiting Test,Test,guilherme.freitas2,SQUAD_7,2026-05-26,2026-05-29,
BF3E4-3557,[RH - 42] Entidade: ELAW Decisão - TAMANHO: M,Story,2026-03-11T12:38:21.727-0300,2026-05-18T08:42:39.966-0300,IN DEVELOPMENT,Waiting Test,joao.sales,SQUAD_7,2026-05-26,2026-05-29,
BF3E4-3557,[RH - 42] Entidade: ELAW Decisão - TAMANHO: M,Story,2026-03-11T12:38:21.727-0300,2026-05-16T14:14:37.269-0300,To Do,IN DEVELOPMENT,joao.sales,SQUAD_7,2026-05-26,2026-05-29,
BF3E4-3557,[RH - 42] Entidade: ELAW Decisão - TAMANHO: M,Story,2026-03-11T12:38:21.727-0300,2026-05-16T09:21:55.537-0300,Refined,To Do,joao.sales,SQUAD_7,2026-05-26,2026-05-29,
BF3E4-3557,[RH - 42] Entidade: ELAW Decisão - TAMANHO: M,Story,2026-03-11T12:38:21.727-0300,2026-03-20T10:22:56.391-0300,IN REFINEMENT,Refined,italo.siqueira,SQUAD_7,2026-05-26,2026-05-29,
BF3E4-3557,[RH - 42] Entidade: ELAW Decisão - TAMANHO: M,Story,2026-03-11T12:38:21.727-0300,2026-03-20T10:22:53.323-0300,WAITING REFINEMENT,IN REFINEMENT,italo.siqueira,SQUAD_7,2026-05-26,2026-05-29,
BF3E4-3557,[RH - 42] Entidade: ELAW Decisão - TAMANHO: M,Story,2026-03-11T12:38:21.727-0300,2026-03-20T10:22:51.004-0300,Open,WAITING REFINEMENT,italo.siqueira,SQUAD_7,2026-05-26,2026-05-29,
BF3E4-3557,[RH - 42] Entidade: ELAW Decisão - TAMANHO: M,Story,2026-03-11T12:38:21.727-0300,2026-03-20T10:22:48.898-0300,WAITING REFINEMENT,Open,italo.siqueira,SQUAD_7,2026-05-26,2026-05-29,
BF3E4-3557,[RH - 42] Entidade: ELAW Decisão - TAMANHO: M,Story,2026-03-11T12:38:21.727-0300,2026-03-20T10:22:46.817-0300,Open,WAITING REFINEMENT,italo.siqueira,SQUAD_7,2026-05-26,2026-05-29,
BF3E4-3548,[RH - 41] Entidade: ELAW Centro de Custo - TAMANHO: M,Story,2026-03-11T12:38:04.789-0300,2026-05-19T11:43:26.213-0300,Test,Done,guilherme.freitas2,SQUAD_7,2026-05-26,2026-05-29,
BF3E4-3548,[RH - 41] Entidade: ELAW Centro de Custo - TAMANHO: M,Story,2026-03-11T12:38:04.789-0300,2026-05-18T14:49:27.392-0300,Waiting Test,Test,guilherme.freitas2,SQUAD_7,2026-05-26,2026-05-29,
BF3E4-3548,[RH - 41] Entidade: ELAW Centro de Custo - TAMANHO: M,Story,2026-03-11T12:38:04.789-0300,2026-05-18T09:13:21.221-0300,IN DEVELOPMENT,Waiting Test,joao.sales,SQUAD_7,2026-05-26,2026-05-29,
BF3E4-3548,[RH - 41] Entidade: ELAW Centro de Custo - TAMANHO: M,Story,2026-03-11T12:38:04.789-0300,2026-05-16T11:54:38.981-0300,To Do,IN DEVELOPMENT,joao.sales,SQUAD_7,2026-05-26,2026-05-29,
BF3E4-3548,[RH - 41] Entidade: ELAW Centro de Custo - TAMANHO: M,Story,2026-03-11T12:38:04.789-0300,2026-05-16T09:21:51.501-0300,Refined,To Do,joao.sales,SQUAD_7,2026-05-26,2026-05-29,
BF3E4-3548,[RH - 41] Entidade: ELAW Centro de Custo - TAMANHO: M,Story,2026-03-11T12:38:04.789-0300,2026-03-19T16:47:58.638-0300,IN REFINEMENT,Refined,italo.siqueira,SQUAD_7,2026-05-26,2026-05-29,
BF3E4-3548,[RH - 41] Entidade: ELAW Centro de Custo - TAMANHO: M,Story,2026-03-11T12:38:04.789-0300,2026-03-19T16:47:56.291-0300,WAITING REFINEMENT,IN REFINEMENT,italo.siqueira,SQUAD_7,2026-05-26,2026-05-29,
BF3E4-3548,[RH - 41] Entidade: ELAW Centro de Custo - TAMANHO: M,Story,2026-03-11T12:38:04.789-0300,2026-03-19T16:47:53.260-0300,Open,WAITING REFINEMENT,italo.siqueira,SQUAD_7,2026-05-26,2026-05-29,
BF3E4-3539,[RH - 40] Entidade: ELAW Audiência - TAMANHO: M,Story,2026-03-11T12:37:48.341-0300,2026-05-19T08:12:46.618-0300,Test,Done,jean.malagi,SQUAD_7,2026-05-25,2026-05-28,
BF3E4-3539,[RH - 40] Entidade: ELAW Audiência - TAMANHO: M,Story,2026-03-11T12:37:48.341-0300,2026-05-18T14:44:40.394-0300,Waiting Test,Test,jean.malagi,SQUAD_7,2026-05-25,2026-05-28,
BF3E4-3539,[RH - 40] Entidade: ELAW Audiência - TAMANHO: M,Story,2026-03-11T12:37:48.341-0300,2026-05-16T09:48:24.426-0300,IN DEVELOPMENT,Waiting Test,joao.sales,SQUAD_7,2026-05-25,2026-05-28,
BF3E4-3539,[RH - 40] Entidade: ELAW Audiência - TAMANHO: M,Story,2026-03-11T12:37:48.341-0300,2026-05-16T07:36:51.666-0300,To Do,IN DEVELOPMENT,joao.sales,SQUAD_7,2026-05-25,2026-05-28,
BF3E4-3539,[RH - 40] Entidade: ELAW Audiência - TAMANHO: M,Story,2026-03-11T12:37:48.341-0300,2026-05-16T07:36:48.541-0300,Refined,To Do,joao.sales,SQUAD_7,2026-05-25,2026-05-28,
BF3E4-3539,[RH - 40] Entidade: ELAW Audiência - TAMANHO: M,Story,2026-03-11T12:37:48.341-0300,2026-03-19T15:56:04.507-0300,IN REFINEMENT,Refined,italo.siqueira,SQUAD_7,2026-05-25,2026-05-28,
BF3E4-3539,[RH - 40] Entidade: ELAW Audiência - TAMANHO: M,Story,2026-03-11T12:37:48.341-0300,2026-03-19T15:56:02.374-0300,WAITING REFINEMENT,IN REFINEMENT,italo.siqueira,SQUAD_7,2026-05-25,2026-05-28,
BF3E4-3539,[RH - 40] Entidade: ELAW Audiência - TAMANHO: M,Story,2026-03-11T12:37:48.341-0300,2026-03-19T15:55:58.785-0300,Open,WAITING REFINEMENT,italo.siqueira,SQUAD_7,2026-05-25,2026-05-28,
BF3E4-3532,[RH - 39] Entidade: ELAW Andamento - TAMANHO: P,Story,2026-03-11T12:37:27.729-0300,2026-05-14T10:44:28.638-0300,Test,Done,jean.malagi,SQUAD_7,2026-05-25,2026-05-26,
BF3E4-3532,[RH - 39] Entidade: ELAW Andamento - TAMANHO: P,Story,2026-03-11T12:37:27.729-0300,2026-05-14T08:40:24.229-0300,Waiting Test,Test,jean.malagi,SQUAD_7,2026-05-25,2026-05-26,
BF3E4-3532,[RH - 39] Entidade: ELAW Andamento - TAMANHO: P,Story,2026-03-11T12:37:27.729-0300,2026-05-13T13:51:40.763-0300,IN DEVELOPMENT,Waiting Test,italo.siqueira,SQUAD_7,2026-05-25,2026-05-26,
BF3E4-3532,[RH - 39] Entidade: ELAW Andamento - TAMANHO: P,Story,2026-03-11T12:37:27.729-0300,2026-05-13T13:51:38.497-0300,To Do,IN DEVELOPMENT,italo.siqueira,SQUAD_7,2026-05-25,2026-05-26,
BF3E4-3532,[RH - 39] Entidade: ELAW Andamento - TAMANHO: P,Story,2026-03-11T12:37:27.729-0300,2026-05-13T13:51:35.880-0300,Refined,To Do,italo.siqueira,SQUAD_7,2026-05-25,2026-05-26,
BF3E4-3532,[RH - 39] Entidade: ELAW Andamento - TAMANHO: P,Story,2026-03-11T12:37:27.729-0300,2026-05-13T13:51:33.690-0300,IN REFINEMENT,Refined,italo.siqueira,SQUAD_7,2026-05-25,2026-05-26,
BF3E4-3532,[RH - 39] Entidade: ELAW Andamento - TAMANHO: P,Story,2026-03-11T12:37:27.729-0300,2026-05-13T13:51:31.167-0300,WAITING REFINEMENT,IN REFINEMENT,italo.siqueira,SQUAD_7,2026-05-25,2026-05-26,
BF3E4-3532,[RH - 39] Entidade: ELAW Andamento - TAMANHO: P,Story,2026-03-11T12:37:27.729-0300,2026-05-13T13:51:27.071-0300,Open,WAITING REFINEMENT,italo.siqueira,SQUAD_7,2026-05-25,2026-05-26,
BF3E4-3532,[RH - 39] Entidade: ELAW Andamento - TAMANHO: P,Story,2026-03-11T12:37:27.729-0300,2026-05-13T13:51:24.863-0300,WAITING REFINEMENT,Open,italo.siqueira,SQUAD_7,2026-05-25,2026-05-26,
BF3E4-3532,[RH - 39] Entidade: ELAW Andamento - TAMANHO: P,Story,2026-03-11T12:37:27.729-0300,2026-05-13T13:51:20.311-0300,Open,WAITING REFINEMENT,italo.siqueira,SQUAD_7,2026-05-25,2026-05-26,
BF3E4-3532,[RH - 39] Entidade: ELAW Andamento - TAMANHO: P,Story,2026-03-11T12:37:27.729-0300,2026-05-13T13:51:17.837-0300,Canceled,Open,italo.siqueira,SQUAD_7,2026-05-25,2026-05-26,
BF3E4-3532,[RH - 39] Entidade: ELAW Andamento - TAMANHO: P,Story,2026-03-11T12:37:27.729-0300,2026-05-13T13:51:15.699-0300,Test,Canceled,italo.siqueira,SQUAD_7,2026-05-25,2026-05-26,
BF3E4-3532,[RH - 39] Entidade: ELAW Andamento - TAMANHO: P,Story,2026-03-11T12:37:27.729-0300,2026-05-13T13:51:00.854-0300,Waiting Test,Test,italo.siqueira,SQUAD_7,2026-05-25,2026-05-26,
BF3E4-3532,[RH - 39] Entidade: ELAW Andamento - TAMANHO: P,Story,2026-03-11T12:37:27.729-0300,2026-05-13T13:50:51.397-0300,IN DEVELOPMENT,Waiting Test,italo.siqueira,SQUAD_7,2026-05-25,2026-05-26,
BF3E4-3532,[RH - 39] Entidade: ELAW Andamento - TAMANHO: P,Story,2026-03-11T12:37:27.729-0300,2026-05-13T13:50:49.059-0300,To Do,IN DEVELOPMENT,italo.siqueira,SQUAD_7,2026-05-25,2026-05-26,
BF3E4-3532,[RH - 39] Entidade: ELAW Andamento - TAMANHO: P,Story,2026-03-11T12:37:27.729-0300,2026-05-13T13:50:45.940-0300,Refined,To Do,italo.siqueira,SQUAD_7,2026-05-25,2026-05-26,
BF3E4-3532,[RH - 39] Entidade: ELAW Andamento - TAMANHO: P,Story,2026-03-11T12:37:27.729-0300,2026-03-19T15:54:44.485-0300,IN REFINEMENT,Refined,italo.siqueira,SQUAD_7,2026-05-25,2026-05-26,
BF3E4-3532,[RH - 39] Entidade: ELAW Andamento - TAMANHO: P,Story,2026-03-11T12:37:27.729-0300,2026-03-19T15:54:42.104-0300,WAITING REFINEMENT,IN REFINEMENT,italo.siqueira,SQUAD_7,2026-05-25,2026-05-26,
BF3E4-3532,[RH - 39] Entidade: ELAW Andamento - TAMANHO: P,Story,2026-03-11T12:37:27.729-0300,2026-03-19T15:54:07.188-0300,Open,WAITING REFINEMENT,italo.siqueira,SQUAD_7,2026-05-25,2026-05-26,
BF3E4-3523,[RH - 38] Entidade: ELAW Acordo - TAMANHO: M,Story,2026-03-11T12:37:06.674-0300,2026-05-18T14:54:00.469-0300,Test,Done,guilherme.freitas2,SQUAD_7,2026-05-25,2026-05-28,
BF3E4-3523,[RH - 38] Entidade: ELAW Acordo - TAMANHO: M,Story,2026-03-11T12:37:06.674-0300,2026-05-18T10:53:21.420-0300,Waiting Test,Test,guilherme.freitas2,SQUAD_7,2026-05-25,2026-05-28,
BF3E4-3523,[RH - 38] Entidade: ELAW Acordo - TAMANHO: M,Story,2026-03-11T12:37:06.674-0300,2026-05-18T09:14:52.964-0300,IN DEVELOPMENT,Waiting Test,jose.acerbi,SQUAD_7,2026-05-25,2026-05-28,
BF3E4-3523,[RH - 38] Entidade: ELAW Acordo - TAMANHO: M,Story,2026-03-11T12:37:06.674-0300,2026-05-15T11:00:43.447-0300,To Do,IN DEVELOPMENT,jose.acerbi,SQUAD_7,2026-05-25,2026-05-28,
BF3E4-3523,[RH - 38] Entidade: ELAW Acordo - TAMANHO: M,Story,2026-03-11T12:37:06.674-0300,2026-05-15T11:00:40.687-0300,Refined,To Do,jose.acerbi,SQUAD_7,2026-05-25,2026-05-28,
BF3E4-3523,[RH - 38] Entidade: ELAW Acordo - TAMANHO: M,Story,2026-03-11T12:37:06.674-0300,2026-03-19T15:48:44.922-0300,IN REFINEMENT,Refined,italo.siqueira,SQUAD_7,2026-05-25,2026-05-28,
BF3E4-3523,[RH - 38] Entidade: ELAW Acordo - TAMANHO: M,Story,2026-03-11T12:37:06.674-0300,2026-03-19T15:48:42.364-0300,WAITING REFINEMENT,IN REFINEMENT,italo.siqueira,SQUAD_7,2026-05-25,2026-05-28,
BF3E4-3523,[RH - 38] Entidade: ELAW Acordo - TAMANHO: M,Story,2026-03-11T12:37:06.674-0300,2026-03-19T15:48:39.156-0300,Open,WAITING REFINEMENT,italo.siqueira,SQUAD_7,2026-05-25,2026-05-28,
BF3E4-3517,[RH - 37] Entidade: ELAW Bloqueio - TAMANHO: P,Story,2026-03-11T12:36:53.661-0300,2026-05-14T10:58:25.123-0300,Test,Done,jean.malagi,SQUAD_7,2026-05-25,2026-05-26,
BF3E4-3517,[RH - 37] Entidade: ELAW Bloqueio - TAMANHO: P,Story,2026-03-11T12:36:53.661-0300,2026-05-13T14:53:31.342-0300,Waiting Test,Test,jean.malagi,SQUAD_7,2026-05-25,2026-05-26,
BF3E4-3517,[RH - 37] Entidade: ELAW Bloqueio - TAMANHO: P,Story,2026-03-11T12:36:53.661-0300,2026-05-13T14:11:44.397-0300,IN DEVELOPMENT,Waiting Test,italo.siqueira,SQUAD_7,2026-05-25,2026-05-26,
BF3E4-3517,[RH - 37] Entidade: ELAW Bloqueio - TAMANHO: P,Story,2026-03-11T12:36:53.661-0300,2026-05-13T14:11:41.873-0300,To Do,IN DEVELOPMENT,italo.siqueira,SQUAD_7,2026-05-25,2026-05-26,
BF3E4-3517,[RH - 37] Entidade: ELAW Bloqueio - TAMANHO: P,Story,2026-03-11T12:36:53.661-0300,2026-05-13T14:11:39.692-0300,Refined,To Do,italo.siqueira,SQUAD_7,2026-05-25,2026-05-26,
BF3E4-3517,[RH - 37] Entidade: ELAW Bloqueio - TAMANHO: P,Story,2026-03-11T12:36:53.661-0300,2026-03-19T15:44:31.414-0300,IN REFINEMENT,Refined,italo.siqueira,SQUAD_7,2026-05-25,2026-05-26,
BF3E4-3517,[RH - 37] Entidade: ELAW Bloqueio - TAMANHO: P,Story,2026-03-11T12:36:53.661-0300,2026-03-19T15:44:29.193-0300,WAITING REFINEMENT,IN REFINEMENT,italo.siqueira,SQUAD_7,2026-05-25,2026-05-26,
BF3E4-3517,[RH - 37] Entidade: ELAW Bloqueio - TAMANHO: P,Story,2026-03-11T12:36:53.661-0300,2026-03-19T15:44:26.695-0300,Open,WAITING REFINEMENT,italo.siqueira,SQUAD_7,2026-05-25,2026-05-26,
BF3E4-3508,[RH - 36] Entidade: ELAW Processos - TAMANHO: M,Story,2026-03-11T12:36:34.155-0300,2026-05-20T10:26:39.442-0300,Test,Done,jean.malagi,SQUAD_7,2026-05-22,2026-05-27,
BF3E4-3508,[RH - 36] Entidade: ELAW Processos - TAMANHO: M,Story,2026-03-11T12:36:34.155-0300,2026-05-19T16:55:15.556-0300,Waiting Test,Test,jean.malagi,SQUAD_7,2026-05-22,2026-05-27,
BF3E4-3508,[RH - 36] Entidade: ELAW Processos - TAMANHO: M,Story,2026-03-11T12:36:34.155-0300,2026-05-19T14:22:50.972-0300,IN DEVELOPMENT,Waiting Test,joao.sales,SQUAD_7,2026-05-22,2026-05-27,
BF3E4-3508,[RH - 36] Entidade: ELAW Processos - TAMANHO: M,Story,2026-03-11T12:36:34.155-0300,2026-05-08T15:55:29.640-0300,To Do,IN DEVELOPMENT,italo.siqueira,SQUAD_7,2026-05-22,2026-05-27,
BF3E4-3508,[RH - 36] Entidade: ELAW Processos - TAMANHO: M,Story,2026-03-11T12:36:34.155-0300,2026-05-08T15:55:16.093-0300,Refined,To Do,italo.siqueira,SQUAD_7,2026-05-22,2026-05-27,
BF3E4-3508,[RH - 36] Entidade: ELAW Processos - TAMANHO: M,Story,2026-03-11T12:36:34.155-0300,2026-03-19T15:43:38.301-0300,IN REFINEMENT,Refined,italo.siqueira,SQUAD_7,2026-05-22,2026-05-27,
BF3E4-3508,[RH - 36] Entidade: ELAW Processos - TAMANHO: M,Story,2026-03-11T12:36:34.155-0300,2026-03-19T15:43:35.989-0300,WAITING REFINEMENT,IN REFINEMENT,italo.siqueira,SQUAD_7,2026-05-22,2026-05-27,
BF3E4-3508,[RH - 36] Entidade: ELAW Processos - TAMANHO: M,Story,2026-03-11T12:36:34.155-0300,2026-03-19T15:43:32.567-0300,Open,WAITING REFINEMENT,italo.siqueira,SQUAD_7,2026-05-22,2026-05-27,
BF3E4-3501,[RH - 35] Entidade: Vetorh R066sit (Sequences) - TAMANHO: P,Story,2026-03-11T12:36:20.068-0300,2026-05-07T10:37:17.900-0300,Test,Done,jean.malagi,SQUAD_7,2026-05-22,2026-05-25,
BF3E4-3501,[RH - 35] Entidade: Vetorh R066sit (Sequences) - TAMANHO: P,Story,2026-03-11T12:36:20.068-0300,2026-05-07T08:28:37.422-0300,Waiting Test,Test,jean.malagi,SQUAD_7,2026-05-22,2026-05-25,
BF3E4-3501,[RH - 35] Entidade: Vetorh R066sit (Sequences) - TAMANHO: P,Story,2026-03-11T12:36:20.068-0300,2026-05-05T14:21:58.478-0300,IN DEVELOPMENT,Waiting Test,italo.siqueira,SQUAD_7,2026-05-22,2026-05-25,
BF3E4-3501,[RH - 35] Entidade: Vetorh R066sit (Sequences) - TAMANHO: P,Story,2026-03-11T12:36:20.068-0300,2026-04-29T17:34:01.030-0300,To Do,IN DEVELOPMENT,jolmerson.junior,SQUAD_7,2026-05-22,2026-05-25,
BF3E4-3501,[RH - 35] Entidade: Vetorh R066sit (Sequences) - TAMANHO: P,Story,2026-03-11T12:36:20.068-0300,2026-04-29T17:33:57.271-0300,Refined,To Do,jolmerson.junior,SQUAD_7,2026-05-22,2026-05-25,
BF3E4-3501,[RH - 35] Entidade: Vetorh R066sit (Sequences) - TAMANHO: P,Story,2026-03-11T12:36:20.068-0300,2026-04-24T15:18:08.911-0300,IN REFINEMENT,Refined,italo.siqueira,SQUAD_7,2026-05-22,2026-05-25,
BF3E4-3501,[RH - 35] Entidade: Vetorh R066sit (Sequences) - TAMANHO: P,Story,2026-03-11T12:36:20.068-0300,2026-04-24T15:18:06.592-0300,WAITING REFINEMENT,IN REFINEMENT,italo.siqueira,SQUAD_7,2026-05-22,2026-05-25,
BF3E4-3501,[RH - 35] Entidade: Vetorh R066sit (Sequences) - TAMANHO: P,Story,2026-03-11T12:36:20.068-0300,2026-04-24T15:18:03.592-0300,Open,WAITING REFINEMENT,italo.siqueira,SQUAD_7,2026-05-22,2026-05-25,
BF3E4-3501,[RH - 35] Entidade: Vetorh R066sit (Sequences) - TAMANHO: P,Story,2026-03-11T12:36:20.068-0300,2026-04-24T15:17:59.788-0300,Canceled,Open,italo.siqueira,SQUAD_7,2026-05-22,2026-05-25,
BF3E4-3501,[RH - 35] Entidade: Vetorh R066sit (Sequences) - TAMANHO: P,Story,2026-03-11T12:36:20.068-0300,2026-04-24T15:17:57.230-0300,IN DEVELOPMENT,Canceled,italo.siqueira,SQUAD_7,2026-05-22,2026-05-25,
BF3E4-3501,[RH - 35] Entidade: Vetorh R066sit (Sequences) - TAMANHO: P,Story,2026-03-11T12:36:20.068-0300,2026-04-24T14:21:22.966-0300,To Do,IN DEVELOPMENT,jolmerson.junior,SQUAD_7,2026-05-22,2026-05-25,
BF3E4-3501,[RH - 35] Entidade: Vetorh R066sit (Sequences) - TAMANHO: P,Story,2026-03-11T12:36:20.068-0300,2026-04-22T10:02:09.178-0300,Refined,To Do,jolmerson.junior,SQUAD_7,2026-05-22,2026-05-25,
BF3E4-3501,[RH - 35] Entidade: Vetorh R066sit (Sequences) - TAMANHO: P,Story,2026-03-11T12:36:20.068-0300,2026-03-19T15:42:04.367-0300,IN REFINEMENT,Refined,italo.siqueira,SQUAD_7,2026-05-22,2026-05-25,
BF3E4-3501,[RH - 35] Entidade: Vetorh R066sit (Sequences) - TAMANHO: P,Story,2026-03-11T12:36:20.068-0300,2026-03-19T15:42:02.137-0300,WAITING REFINEMENT,IN REFINEMENT,italo.siqueira,SQUAD_7,2026-05-22,2026-05-25,
BF3E4-3501,[RH - 35] Entidade: Vetorh R066sit (Sequences) - TAMANHO: P,Story,2026-03-11T12:36:20.068-0300,2026-03-19T15:41:58.937-0300,Open,WAITING REFINEMENT,italo.siqueira,SQUAD_7,2026-05-22,2026-05-25,
BF3E4-3494,[RH - 34] Entidade: Vetorh R066apu (Sequences) - TAMANHO: P,Story,2026-03-11T12:36:06.170-0300,2026-05-09T14:46:07.360-0300,Test,Done,jean.malagi,SQUAD_7,2026-05-22,2026-05-25,
BF3E4-3494,[RH - 34] Entidade: Vetorh R066apu (Sequences) - TAMANHO: P,Story,2026-03-11T12:36:06.170-0300,2026-05-09T14:01:50.975-0300,Waiting Test,Test,jean.malagi,SQUAD_7,2026-05-22,2026-05-25,
BF3E4-3494,[RH - 34] Entidade: Vetorh R066apu (Sequences) - TAMANHO: P,Story,2026-03-11T12:36:06.170-0300,2026-05-08T15:47:30.698-0300,IN DEVELOPMENT,Waiting Test,italo.siqueira,SQUAD_7,2026-05-22,2026-05-25,
BF3E4-3494,[RH - 34] Entidade: Vetorh R066apu (Sequences) - TAMANHO: P,Story,2026-03-11T12:36:06.170-0300,2026-05-08T15:47:28.397-0300,To Do,IN DEVELOPMENT,italo.siqueira,SQUAD_7,2026-05-22,2026-05-25,
BF3E4-3494,[RH - 34] Entidade: Vetorh R066apu (Sequences) - TAMANHO: P,Story,2026-03-11T12:36:06.170-0300,2026-05-08T15:47:24.708-0300,Refined,To Do,italo.siqueira,SQUAD_7,2026-05-22,2026-05-25,
BF3E4-3494,[RH - 34] Entidade: Vetorh R066apu (Sequences) - TAMANHO: P,Story,2026-03-11T12:36:06.170-0300,2026-03-19T15:39:56.831-0300,IN REFINEMENT,Refined,italo.siqueira,SQUAD_7,2026-05-22,2026-05-25,
BF3E4-3494,[RH - 34] Entidade: Vetorh R066apu (Sequences) - TAMANHO: P,Story,2026-03-11T12:36:06.170-0300,2026-03-19T15:39:54.500-0300,WAITING REFINEMENT,IN REFINEMENT,italo.siqueira,SQUAD_7,2026-05-22,2026-05-25,
BF3E4-3494,[RH - 34] Entidade: Vetorh R066apu (Sequences) - TAMANHO: P,Story,2026-03-11T12:36:06.170-0300,2026-03-19T15:39:50.415-0300,Open,WAITING REFINEMENT,italo.siqueira,SQUAD_7,2026-05-22,2026-05-25,
BF3E4-3487,[RH - 33] Entidade: Vetorh R086cat Online - TAMANHO: P,Story,2026-03-11T12:35:51.863-0300,2026-05-09T13:58:50.679-0300,Test,Done,jean.malagi,SQUAD_7,2026-05-22,2026-05-25,
BF3E4-3487,[RH - 33] Entidade: Vetorh R086cat Online - TAMANHO: P,Story,2026-03-11T12:35:51.863-0300,2026-05-09T13:15:52.982-0300,Waiting Test,Test,jean.malagi,SQUAD_7,2026-05-22,2026-05-25,
BF3E4-3487,[RH - 33] Entidade: Vetorh R086cat Online - TAMANHO: P,Story,2026-03-11T12:35:51.863-0300,2026-05-08T15:48:23.595-0300,IN DEVELOPMENT,Waiting Test,italo.siqueira,SQUAD_7,2026-05-22,2026-05-25,
BF3E4-3487,[RH - 33] Entidade: Vetorh R086cat Online - TAMANHO: P,Story,2026-03-11T12:35:51.863-0300,2026-05-08T13:39:57.340-0300,To Do,IN DEVELOPMENT,italo.siqueira,SQUAD_7,2026-05-22,2026-05-25,
BF3E4-3487,[RH - 33] Entidade: Vetorh R086cat Online - TAMANHO: P,Story,2026-03-11T12:35:51.863-0300,2026-05-08T13:39:54.837-0300,Refined,To Do,italo.siqueira,SQUAD_7,2026-05-22,2026-05-25,
BF3E4-3487,[RH - 33] Entidade: Vetorh R086cat Online - TAMANHO: P,Story,2026-03-11T12:35:51.863-0300,2026-03-19T15:38:33.865-0300,IN REFINEMENT,Refined,italo.siqueira,SQUAD_7,2026-05-22,2026-05-25,
BF3E4-3487,[RH - 33] Entidade: Vetorh R086cat Online - TAMANHO: P,Story,2026-03-11T12:35:51.863-0300,2026-03-19T15:38:31.059-0300,WAITING REFINEMENT,IN REFINEMENT,italo.siqueira,SQUAD_7,2026-05-22,2026-05-25,
BF3E4-3487,[RH - 33] Entidade: Vetorh R086cat Online - TAMANHO: P,Story,2026-03-11T12:35:51.863-0300,2026-03-19T15:38:27.764-0300,Open,WAITING REFINEMENT,italo.siqueira,SQUAD_7,2026-05-22,2026-05-25,
BF3E4-3480,[RH - 32] Entidade: Vetorh R070acc Online - TAMANHO: P,Story,2026-03-11T12:35:39.115-0300,2026-05-11T10:56:47.061-0300,Test,Done,jean.malagi,SQUAD_7,2026-05-22,2026-05-25,
BF3E4-3480,[RH - 32] Entidade: Vetorh R070acc Online - TAMANHO: P,Story,2026-03-11T12:35:39.115-0300,2026-05-09T13:13:42.338-0300,Waiting Test,Test,jean.malagi,SQUAD_7,2026-05-22,2026-05-25,
BF3E4-3480,[RH - 32] Entidade: Vetorh R070acc Online - TAMANHO: P,Story,2026-03-11T12:35:39.115-0300,2026-05-08T15:49:48.281-0300,IN DEVELOPMENT,Waiting Test,italo.siqueira,SQUAD_7,2026-05-22,2026-05-25,
BF3E4-3480,[RH - 32] Entidade: Vetorh R070acc Online - TAMANHO: P,Story,2026-03-11T12:35:39.115-0300,2026-05-08T15:49:46.336-0300,To Do,IN DEVELOPMENT,italo.siqueira,SQUAD_7,2026-05-22,2026-05-25,
BF3E4-3480,[RH - 32] Entidade: Vetorh R070acc Online - TAMANHO: P,Story,2026-03-11T12:35:39.115-0300,2026-05-08T15:49:44.308-0300,Refined,To Do,italo.siqueira,SQUAD_7,2026-05-22,2026-05-25,
BF3E4-3480,[RH - 32] Entidade: Vetorh R070acc Online - TAMANHO: P,Story,2026-03-11T12:35:39.115-0300,2026-03-19T15:37:32.885-0300,IN REFINEMENT,Refined,italo.siqueira,SQUAD_7,2026-05-22,2026-05-25,
BF3E4-3480,[RH - 32] Entidade: Vetorh R070acc Online - TAMANHO: P,Story,2026-03-11T12:35:39.115-0300,2026-03-19T15:37:30.603-0300,WAITING REFINEMENT,IN REFINEMENT,italo.siqueira,SQUAD_7,2026-05-22,2026-05-25,
BF3E4-3480,[RH - 32] Entidade: Vetorh R070acc Online - TAMANHO: P,Story,2026-03-11T12:35:39.115-0300,2026-03-19T15:37:27.260-0300,Open,WAITING REFINEMENT,italo.siqueira,SQUAD_7,2026-05-22,2026-05-25,
BF3E4-3473,[RH - 31] Entidade: Vetorh R066sit Online - TAMANHO: P,Story,2026-03-11T12:35:24.176-0300,2026-05-12T10:26:18.534-0300,Test,Done,jean.malagi,SQUAD_7,2026-05-22,2026-05-25,2026-05-12T12:00:00.000-0300
BF3E4-3473,[RH - 31] Entidade: Vetorh R066sit Online - TAMANHO: P,Story,2026-03-11T12:35:24.176-0300,2026-05-09T11:57:16.100-0300,Waiting Test,Test,vanessa.correia,SQUAD_7,2026-05-22,2026-05-25,2026-05-12T12:00:00.000-0300
BF3E4-3473,[RH - 31] Entidade: Vetorh R066sit Online - TAMANHO: P,Story,2026-03-11T12:35:24.176-0300,2026-05-08T15:52:13.944-0300,IN DEVELOPMENT,Waiting Test,italo.siqueira,SQUAD_7,2026-05-22,2026-05-25,2026-05-12T12:00:00.000-0300
BF3E4-3473,[RH - 31] Entidade: Vetorh R066sit Online - TAMANHO: P,Story,2026-03-11T12:35:24.176-0300,2026-05-08T15:52:11.886-0300,To Do,IN DEVELOPMENT,italo.siqueira,SQUAD_7,2026-05-22,2026-05-25,2026-05-12T12:00:00.000-0300
BF3E4-3473,[RH - 31] Entidade: Vetorh R066sit Online - TAMANHO: P,Story,2026-03-11T12:35:24.176-0300,2026-05-08T15:52:09.739-0300,Refined,To Do,italo.siqueira,SQUAD_7,2026-05-22,2026-05-25,2026-05-12T12:00:00.000-0300
BF3E4-3473,[RH - 31] Entidade: Vetorh R066sit Online - TAMANHO: P,Story,2026-03-11T12:35:24.176-0300,2026-03-19T15:37:15.012-0300,IN REFINEMENT,Refined,italo.siqueira,SQUAD_7,2026-05-22,2026-05-25,2026-05-12T12:00:00.000-0300
BF3E4-3473,[RH - 31] Entidade: Vetorh R066sit Online - TAMANHO: P,Story,2026-03-11T12:35:24.176-0300,2026-03-19T15:37:12.707-0300,WAITING REFINEMENT,IN REFINEMENT,italo.siqueira,SQUAD_7,2026-05-22,2026-05-25,2026-05-12T12:00:00.000-0300
BF3E4-3473,[RH - 31] Entidade: Vetorh R066sit Online - TAMANHO: P,Story,2026-03-11T12:35:24.176-0300,2026-03-19T15:37:09.522-0300,Open,WAITING REFINEMENT,italo.siqueira,SQUAD_7,2026-05-22,2026-05-25,2026-05-12T12:00:00.000-0300
BF3E4-3461,[RH - 30] Entidade: Vetorh - Views Talent Acquisition - TAMANHO: G,Story,2026-03-11T12:34:57.607-0300,2026-05-14T09:16:18.555-0300,To Do,Canceled,joao.sales,SQUAD_7,2026-05-22,2026-06-03,
BF3E4-3461,[RH - 30] Entidade: Vetorh - Views Talent Acquisition - TAMANHO: G,Story,2026-03-11T12:34:57.607-0300,2026-05-14T07:31:07.800-0300,Refined,To Do,joao.sales,SQUAD_7,2026-05-22,2026-06-03,
BF3E4-3461,[RH - 30] Entidade: Vetorh - Views Talent Acquisition - TAMANHO: G,Story,2026-03-11T12:34:57.607-0300,2026-03-19T15:36:58.342-0300,IN REFINEMENT,Refined,italo.siqueira,SQUAD_7,2026-05-22,2026-06-03,
BF3E4-3461,[RH - 30] Entidade: Vetorh - Views Talent Acquisition - TAMANHO: G,Story,2026-03-11T12:34:57.607-0300,2026-03-19T15:36:56.051-0300,WAITING REFINEMENT,IN REFINEMENT,italo.siqueira,SQUAD_7,2026-05-22,2026-06-03,
BF3E4-3461,[RH - 30] Entidade: Vetorh - Views Talent Acquisition - TAMANHO: G,Story,2026-03-11T12:34:57.607-0300,2026-03-19T15:36:51.917-0300,Open,WAITING REFINEMENT,italo.siqueira,SQUAD_7,2026-05-22,2026-06-03,
BF3E4-3461,[RH - 30] Entidade: Vetorh - Views Talent Acquisition - TAMANHO: G,Story,2026-03-11T12:34:57.607-0300,2026-03-19T15:36:49.305-0300,WAITING REFINEMENT,Open,italo.siqueira,SQUAD_7,2026-05-22,2026-06-03,
BF3E4-3461,[RH - 30] Entidade: Vetorh - Views Talent Acquisition - TAMANHO: G,Story,2026-03-11T12:34:57.607-0300,2026-03-19T15:36:46.717-0300,Open,WAITING REFINEMENT,italo.siqueira,SQUAD_7,2026-05-22,2026-06-03,
BF3E4-3451,[RH - 29] Entidade: Vetorh - Views Cross-FSE Rubi e SOI (Final) - TAMANHO: G,Story,2026-03-11T12:34:37.404-0300,2026-05-22T11:42:44.785-0300,Test,Done,guilherme.freitas2,SQUAD_7,2026-05-22,2026-06-01,
BF3E4-3451,[RH - 29] Entidade: Vetorh - Views Cross-FSE Rubi e SOI (Final) - TAMANHO: G,Story,2026-03-11T12:34:37.404-0300,2026-05-22T10:30:28.398-0300,Waiting Test,Test,guilherme.freitas2,SQUAD_7,2026-05-22,2026-06-01,
BF3E4-3451,[RH - 29] Entidade: Vetorh - Views Cross-FSE Rubi e SOI (Final) - TAMANHO: G,Story,2026-03-11T12:34:37.404-0300,2026-05-14T09:05:01.048-0300,IN DEVELOPMENT,Waiting Test,joao.sales,SQUAD_7,2026-05-22,2026-06-01,
BF3E4-3451,[RH - 29] Entidade: Vetorh - Views Cross-FSE Rubi e SOI (Final) - TAMANHO: G,Story,2026-03-11T12:34:37.404-0300,2026-05-14T06:57:01.123-0300,To Do,IN DEVELOPMENT,joao.sales,SQUAD_7,2026-05-22,2026-06-01,
BF3E4-3451,[RH - 29] Entidade: Vetorh - Views Cross-FSE Rubi e SOI (Final) - TAMANHO: G,Story,2026-03-11T12:34:37.404-0300,2026-05-14T06:56:35.763-0300,Refined,To Do,joao.sales,SQUAD_7,2026-05-22,2026-06-01,
BF3E4-3451,[RH - 29] Entidade: Vetorh - Views Cross-FSE Rubi e SOI (Final) - TAMANHO: G,Story,2026-03-11T12:34:37.404-0300,2026-03-19T15:36:38.101-0300,IN REFINEMENT,Refined,italo.siqueira,SQUAD_7,2026-05-22,2026-06-01,
BF3E4-3451,[RH - 29] Entidade: Vetorh - Views Cross-FSE Rubi e SOI (Final) - TAMANHO: G,Story,2026-03-11T12:34:37.404-0300,2026-03-19T15:36:35.667-0300,WAITING REFINEMENT,IN REFINEMENT,italo.siqueira,SQUAD_7,2026-05-22,2026-06-01,
BF3E4-3451,[RH - 29] Entidade: Vetorh - Views Cross-FSE Rubi e SOI (Final) - TAMANHO: G,Story,2026-03-11T12:34:37.404-0300,2026-03-19T15:36:33.143-0300,Open,WAITING REFINEMENT,italo.siqueira,SQUAD_7,2026-05-22,2026-06-01,
BF3E4-3451,[RH - 29] Entidade: Vetorh - Views Cross-FSE Rubi e SOI (Final) - TAMANHO: G,Story,2026-03-11T12:34:37.404-0300,2026-03-19T15:36:30.580-0300,Canceled,Open,italo.siqueira,SQUAD_7,2026-05-22,2026-06-01,
BF3E4-3451,[RH - 29] Entidade: Vetorh - Views Cross-FSE Rubi e SOI (Final) - TAMANHO: G,Story,2026-03-11T12:34:37.404-0300,2026-03-19T15:36:27.538-0300,Done,Canceled,italo.siqueira,SQUAD_7,2026-05-22,2026-06-01,
BF3E4-3451,[RH - 29] Entidade: Vetorh - Views Cross-FSE Rubi e SOI (Final) - TAMANHO: G,Story,2026-03-11T12:34:37.404-0300,2026-03-19T15:36:24.961-0300,IN REFINEMENT,Done,italo.siqueira,SQUAD_7,2026-05-22,2026-06-01,
BF3E4-3451,[RH - 29] Entidade: Vetorh - Views Cross-FSE Rubi e SOI (Final) - TAMANHO: G,Story,2026-03-11T12:34:37.404-0300,2026-03-19T15:36:22.409-0300,WAITING REFINEMENT,IN REFINEMENT,italo.siqueira,SQUAD_7,2026-05-22,2026-06-01,
BF3E4-3451,[RH - 29] Entidade: Vetorh - Views Cross-FSE Rubi e SOI (Final) - TAMANHO: G,Story,2026-03-11T12:34:37.404-0300,2026-03-19T15:36:20.127-0300,Open,WAITING REFINEMENT,italo.siqueira,SQUAD_7,2026-05-22,2026-06-01,
BF3E4-3443,[RH - 28] Entidade: Vetorh - Views NEA e Teletrabalho - TAMANHO: M,Story,2026-03-11T12:34:20.286-0300,2026-05-13T14:51:47.532-0300,Test,Done,jean.malagi,SQUAD_7,2026-05-22,2026-05-28,2026-05-15T18:00:00.000-0300
BF3E4-3443,[RH - 28] Entidade: Vetorh - Views NEA e Teletrabalho - TAMANHO: M,Story,2026-03-11T12:34:20.286-0300,2026-05-13T11:28:43.159-0300,Waiting Test,Test,jean.malagi,SQUAD_7,2026-05-22,2026-05-28,2026-05-15T18:00:00.000-0300
BF3E4-3443,[RH - 28] Entidade: Vetorh - Views NEA e Teletrabalho - TAMANHO: M,Story,2026-03-11T12:34:20.286-0300,2026-05-13T11:13:30.664-0300,IN DEVELOPMENT,Waiting Test,joao.sales,SQUAD_7,2026-05-22,2026-05-28,2026-05-15T18:00:00.000-0300
BF3E4-3443,[RH - 28] Entidade: Vetorh - Views NEA e Teletrabalho - TAMANHO: M,Story,2026-03-11T12:34:20.286-0300,2026-05-13T07:08:52.904-0300,To Do,IN DEVELOPMENT,joao.sales,SQUAD_7,2026-05-22,2026-05-28,2026-05-15T18:00:00.000-0300
BF3E4-3443,[RH - 28] Entidade: Vetorh - Views NEA e Teletrabalho - TAMANHO: M,Story,2026-03-11T12:34:20.286-0300,2026-05-12T17:37:52.198-0300,Refined,To Do,joao.sales,SQUAD_7,2026-05-22,2026-05-28,2026-05-15T18:00:00.000-0300
BF3E4-3443,[RH - 28] Entidade: Vetorh - Views NEA e Teletrabalho - TAMANHO: M,Story,2026-03-11T12:34:20.286-0300,2026-03-19T15:30:26.522-0300,IN REFINEMENT,Refined,italo.siqueira,SQUAD_7,2026-05-22,2026-05-28,2026-05-15T18:00:00.000-0300
BF3E4-3443,[RH - 28] Entidade: Vetorh - Views NEA e Teletrabalho - TAMANHO: M,Story,2026-03-11T12:34:20.286-0300,2026-03-19T15:30:23.722-0300,WAITING REFINEMENT,IN REFINEMENT,italo.siqueira,SQUAD_7,2026-05-22,2026-05-28,2026-05-15T18:00:00.000-0300
BF3E4-3443,[RH - 28] Entidade: Vetorh - Views NEA e Teletrabalho - TAMANHO: M,Story,2026-03-11T12:34:20.286-0300,2026-03-19T15:30:20.724-0300,Open,WAITING REFINEMENT,italo.siqueira,SQUAD_7,2026-05-22,2026-05-28,2026-05-15T18:00:00.000-0300
BF3E4-3432,[RH - 27] Entidade: Vetorh - Views Qualidade e Compliance - TAMANHO: G,Story,2026-03-11T12:33:59.732-0300,2026-05-22T13:04:38.389-0300,Test,Done,guilherme.freitas2,SQUAD_7,2026-05-22,2026-06-02,
BF3E4-3432,[RH - 27] Entidade: Vetorh - Views Qualidade e Compliance - TAMANHO: G,Story,2026-03-11T12:33:59.732-0300,2026-05-22T08:07:40.986-0300,Waiting Test,Test,guilherme.freitas2,SQUAD_7,2026-05-22,2026-06-02,
BF3E4-3432,[RH - 27] Entidade: Vetorh - Views Qualidade e Compliance - TAMANHO: G,Story,2026-03-11T12:33:59.732-0300,2026-05-15T17:51:48.068-0300,IN DEVELOPMENT,Waiting Test,joao.sales,SQUAD_7,2026-05-22,2026-06-02,
BF3E4-3432,[RH - 27] Entidade: Vetorh - Views Qualidade e Compliance - TAMANHO: G,Story,2026-03-11T12:33:59.732-0300,2026-05-13T15:39:06.375-0300,To Do,IN DEVELOPMENT,joao.sales,SQUAD_7,2026-05-22,2026-06-02,
BF3E4-3432,[RH - 27] Entidade: Vetorh - Views Qualidade e Compliance - TAMANHO: G,Story,2026-03-11T12:33:59.732-0300,2026-05-13T15:24:28.246-0300,Refined,To Do,joao.sales,SQUAD_7,2026-05-22,2026-06-02,
BF3E4-3432,[RH - 27] Entidade: Vetorh - Views Qualidade e Compliance - TAMANHO: G,Story,2026-03-11T12:33:59.732-0300,2026-03-19T15:29:27.092-0300,IN REFINEMENT,Refined,italo.siqueira,SQUAD_7,2026-05-22,2026-06-02,
BF3E4-3432,[RH - 27] Entidade: Vetorh - Views Qualidade e Compliance - TAMANHO: G,Story,2026-03-11T12:33:59.732-0300,2026-03-19T15:29:24.876-0300,WAITING REFINEMENT,IN REFINEMENT,italo.siqueira,SQUAD_7,2026-05-22,2026-06-02,
BF3E4-3432,[RH - 27] Entidade: Vetorh - Views Qualidade e Compliance - TAMANHO: G,Story,2026-03-11T12:33:59.732-0300,2026-03-19T15:29:21.591-0300,Open,WAITING REFINEMENT,italo.siqueira,SQUAD_7,2026-05-22,2026-06-02,
BF3E4-3421,[RH - 26] Entidade: Vetorh - Views Manufacturing - TAMANHO: G,Story,2026-03-11T12:33:38.201-0300,2026-05-21T17:33:47.554-0300,Waiting Test,Test,jean.malagi,SQUAD_7,2026-05-21,2026-06-01,
BF3E4-3421,[RH - 26] Entidade: Vetorh - Views Manufacturing - TAMANHO: G,Story,2026-03-11T12:33:38.201-0300,2026-05-18T18:04:10.273-0300,IN DEVELOPMENT,Waiting Test,elivelto.anibolete,SQUAD_7,2026-05-21,2026-06-01,
BF3E4-3421,[RH - 26] Entidade: Vetorh - Views Manufacturing - TAMANHO: G,Story,2026-03-11T12:33:38.201-0300,2026-05-14T09:53:11.250-0300,To Do,IN DEVELOPMENT,elivelto.anibolete,SQUAD_7,2026-05-21,2026-06-01,
BF3E4-3421,[RH - 26] Entidade: Vetorh - Views Manufacturing - TAMANHO: G,Story,2026-03-11T12:33:38.201-0300,2026-05-14T09:53:07.696-0300,Refined,To Do,elivelto.anibolete,SQUAD_7,2026-05-21,2026-06-01,
BF3E4-3421,[RH - 26] Entidade: Vetorh - Views Manufacturing - TAMANHO: G,Story,2026-03-11T12:33:38.201-0300,2026-03-19T15:27:56.028-0300,IN REFINEMENT,Refined,italo.siqueira,SQUAD_7,2026-05-21,2026-06-01,
BF3E4-3421,[RH - 26] Entidade: Vetorh - Views Manufacturing - TAMANHO: G,Story,2026-03-11T12:33:38.201-0300,2026-03-19T15:27:53.712-0300,WAITING REFINEMENT,IN REFINEMENT,italo.siqueira,SQUAD_7,2026-05-21,2026-06-01,
BF3E4-3421,[RH - 26] Entidade: Vetorh - Views Manufacturing - TAMANHO: G,Story,2026-03-11T12:33:38.201-0300,2026-03-19T15:27:51.297-0300,Open,WAITING REFINEMENT,italo.siqueira,SQUAD_7,2026-05-21,2026-06-01,
BF3E4-3421,[RH - 26] Entidade: Vetorh - Views Manufacturing - TAMANHO: G,Story,2026-03-11T12:33:38.201-0300,2026-03-19T15:27:48.950-0300,WAITING REFINEMENT,Open,italo.siqueira,SQUAD_7,2026-05-21,2026-06-01,
BF3E4-3421,[RH - 26] Entidade: Vetorh - Views Manufacturing - TAMANHO: G,Story,2026-03-11T12:33:38.201-0300,2026-03-19T15:27:45.299-0300,Open,WAITING REFINEMENT,italo.siqueira,SQUAD_7,2026-05-21,2026-06-01,
BF3E4-3413,[RH - 25] Entidade: Vetorh - Views Segurança e Facilities - TAMANHO: M,Story,2026-03-11T12:33:22.764-0300,2026-05-12T18:41:03.168-0300,Test,Done,jean.malagi,SQUAD_7,2026-05-18,2026-05-22,2026-05-13T18:00:00.000-0300
BF3E4-3413,[RH - 25] Entidade: Vetorh - Views Segurança e Facilities - TAMANHO: M,Story,2026-03-11T12:33:22.764-0300,2026-05-12T18:00:33.055-0300,Waiting Test,Test,jean.malagi,SQUAD_7,2026-05-18,2026-05-22,2026-05-13T18:00:00.000-0300
BF3E4-3413,[RH - 25] Entidade: Vetorh - Views Segurança e Facilities - TAMANHO: M,Story,2026-03-11T12:33:22.764-0300,2026-05-12T17:21:56.813-0300,IN DEVELOPMENT,Waiting Test,joao.sales,SQUAD_7,2026-05-18,2026-05-22,2026-05-13T18:00:00.000-0300
BF3E4-3413,[RH - 25] Entidade: Vetorh - Views Segurança e Facilities - TAMANHO: M,Story,2026-03-11T12:33:22.764-0300,2026-05-11T17:54:05.819-0300,To Do,IN DEVELOPMENT,joao.sales,SQUAD_7,2026-05-18,2026-05-22,2026-05-13T18:00:00.000-0300
BF3E4-3413,[RH - 25] Entidade: Vetorh - Views Segurança e Facilities - TAMANHO: M,Story,2026-03-11T12:33:22.764-0300,2026-05-11T15:33:11.362-0300,Refined,To Do,joao.sales,SQUAD_7,2026-05-18,2026-05-22,2026-05-13T18:00:00.000-0300
BF3E4-3413,[RH - 25] Entidade: Vetorh - Views Segurança e Facilities - TAMANHO: M,Story,2026-03-11T12:33:22.764-0300,2026-03-19T15:26:40.065-0300,IN REFINEMENT,Refined,italo.siqueira,SQUAD_7,2026-05-18,2026-05-22,2026-05-13T18:00:00.000-0300
BF3E4-3413,[RH - 25] Entidade: Vetorh - Views Segurança e Facilities - TAMANHO: M,Story,2026-03-11T12:33:22.764-0300,2026-03-19T15:26:36.815-0300,WAITING REFINEMENT,IN REFINEMENT,italo.siqueira,SQUAD_7,2026-05-18,2026-05-22,2026-05-13T18:00:00.000-0300
BF3E4-3413,[RH - 25] Entidade: Vetorh - Views Segurança e Facilities - TAMANHO: M,Story,2026-03-11T12:33:22.764-0300,2026-03-19T15:26:33.849-0300,Open,WAITING REFINEMENT,italo.siqueira,SQUAD_7,2026-05-18,2026-05-22,2026-05-13T18:00:00.000-0300
BF3E4-3403,[RH - 24] Entidade: Vetorh - Views Medicina e Saúde - TAMANHO: G,Story,2026-03-11T12:33:02.863-0300,2026-05-18T14:44:19.705-0300,Test,Done,jean.malagi,SQUAD_7,2026-05-18,2026-05-26,
BF3E4-3403,[RH - 24] Entidade: Vetorh - Views Medicina e Saúde - TAMANHO: G,Story,2026-03-11T12:33:02.863-0300,2026-05-15T17:59:20.405-0300,Waiting Test,Test,jean.malagi,SQUAD_7,2026-05-18,2026-05-26,
BF3E4-3403,[RH - 24] Entidade: Vetorh - Views Medicina e Saúde - TAMANHO: G,Story,2026-03-11T12:33:02.863-0300,2026-05-13T15:38:57.778-0300,IN DEVELOPMENT,Waiting Test,joao.sales,SQUAD_7,2026-05-18,2026-05-26,
BF3E4-3403,[RH - 24] Entidade: Vetorh - Views Medicina e Saúde - TAMANHO: G,Story,2026-03-11T12:33:02.863-0300,2026-05-12T08:59:52.079-0300,To Do,IN DEVELOPMENT,joao.sales,SQUAD_7,2026-05-18,2026-05-26,
BF3E4-3403,[RH - 24] Entidade: Vetorh - Views Medicina e Saúde - TAMANHO: G,Story,2026-03-11T12:33:02.863-0300,2026-05-12T08:59:07.551-0300,Refined,To Do,joao.sales,SQUAD_7,2026-05-18,2026-05-26,
BF3E4-3403,[RH - 24] Entidade: Vetorh - Views Medicina e Saúde - TAMANHO: G,Story,2026-03-11T12:33:02.863-0300,2026-03-19T15:26:26.084-0300,IN REFINEMENT,Refined,italo.siqueira,SQUAD_7,2026-05-18,2026-05-26,
BF3E4-3403,[RH - 24] Entidade: Vetorh - Views Medicina e Saúde - TAMANHO: G,Story,2026-03-11T12:33:02.863-0300,2026-03-19T15:26:23.563-0300,WAITING REFINEMENT,IN REFINEMENT,italo.siqueira,SQUAD_7,2026-05-18,2026-05-26,
BF3E4-3403,[RH - 24] Entidade: Vetorh - Views Medicina e Saúde - TAMANHO: G,Story,2026-03-11T12:33:02.863-0300,2026-03-19T15:26:20.778-0300,Open,WAITING REFINEMENT,italo.siqueira,SQUAD_7,2026-05-18,2026-05-26,
BF3E4-3394,[RH - 23] Entidade: Vetorh - Views People Analytics - TAMANHO: M,Story,2026-03-11T12:32:45.511-0300,2026-05-12T15:53:35.668-0300,Test,Done,jean.malagi,SQUAD_7,2026-05-13,2026-05-20,2026-05-12T18:00:00.000-0300
BF3E4-3394,[RH - 23] Entidade: Vetorh - Views People Analytics - TAMANHO: M,Story,2026-03-11T12:32:45.511-0300,2026-05-12T08:08:43.649-0300,Waiting Test,Test,jean.malagi,SQUAD_7,2026-05-13,2026-05-20,2026-05-12T18:00:00.000-0300
BF3E4-3394,[RH - 23] Entidade: Vetorh - Views People Analytics - TAMANHO: M,Story,2026-03-11T12:32:45.511-0300,2026-05-11T17:53:03.097-0300,IN DEVELOPMENT,Waiting Test,joao.sales,SQUAD_7,2026-05-13,2026-05-20,2026-05-12T18:00:00.000-0300
BF3E4-3394,[RH - 23] Entidade: Vetorh - Views People Analytics - TAMANHO: M,Story,2026-03-11T12:32:45.511-0300,2026-05-09T10:52:26.782-0300,To Do,IN DEVELOPMENT,joao.sales,SQUAD_7,2026-05-13,2026-05-20,2026-05-12T18:00:00.000-0300
BF3E4-3394,[RH - 23] Entidade: Vetorh - Views People Analytics - TAMANHO: M,Story,2026-03-11T12:32:45.511-0300,2026-05-09T08:33:24.042-0300,Refined,To Do,joao.sales,SQUAD_7,2026-05-13,2026-05-20,2026-05-12T18:00:00.000-0300
BF3E4-3394,[RH - 23] Entidade: Vetorh - Views People Analytics - TAMANHO: M,Story,2026-03-11T12:32:45.511-0300,2026-03-19T15:26:15.013-0300,IN REFINEMENT,Refined,italo.siqueira,SQUAD_7,2026-05-13,2026-05-20,2026-05-12T18:00:00.000-0300
BF3E4-3394,[RH - 23] Entidade: Vetorh - Views People Analytics - TAMANHO: M,Story,2026-03-11T12:32:45.511-0300,2026-03-19T15:26:12.672-0300,WAITING REFINEMENT,IN REFINEMENT,italo.siqueira,SQUAD_7,2026-05-13,2026-05-20,2026-05-12T18:00:00.000-0300
BF3E4-3394,[RH - 23] Entidade: Vetorh - Views People Analytics - TAMANHO: M,Story,2026-03-11T12:32:45.511-0300,2026-03-19T15:26:09.777-0300,Open,WAITING REFINEMENT,italo.siqueira,SQUAD_7,2026-05-13,2026-05-20,2026-05-12T18:00:00.000-0300
BF3E4-3381,[RH - 22] Entidade: Vetorh - Views Cross Parte 2 (Dependem de H18-21) - TAMANHO: G,Story,2026-03-11T12:32:19.652-0300,2026-05-15T17:58:24.020-0300,Test,Done,jean.malagi,SQUAD_7,2026-05-12,2026-05-25,
BF3E4-3381,[RH - 22] Entidade: Vetorh - Views Cross Parte 2 (Dependem de H18-21) - TAMANHO: G,Story,2026-03-11T12:32:19.652-0300,2026-05-15T10:48:22.684-0300,Waiting Test,Test,jean.malagi,SQUAD_7,2026-05-12,2026-05-25,
BF3E4-3381,[RH - 22] Entidade: Vetorh - Views Cross Parte 2 (Dependem de H18-21) - TAMANHO: G,Story,2026-03-11T12:32:19.652-0300,2026-05-13T11:42:30.334-0300,IN DEVELOPMENT,Waiting Test,elivelto.anibolete,SQUAD_7,2026-05-12,2026-05-25,
BF3E4-3381,[RH - 22] Entidade: Vetorh - Views Cross Parte 2 (Dependem de H18-21) - TAMANHO: G,Story,2026-03-11T12:32:19.652-0300,2026-05-08T16:32:38.660-0300,To Do,IN DEVELOPMENT,elivelto.anibolete,SQUAD_7,2026-05-12,2026-05-25,
BF3E4-3381,[RH - 22] Entidade: Vetorh - Views Cross Parte 2 (Dependem de H18-21) - TAMANHO: G,Story,2026-03-11T12:32:19.652-0300,2026-05-08T16:32:36.197-0300,Refined,To Do,elivelto.anibolete,SQUAD_7,2026-05-12,2026-05-25,
BF3E4-3381,[RH - 22] Entidade: Vetorh - Views Cross Parte 2 (Dependem de H18-21) - TAMANHO: G,Story,2026-03-11T12:32:19.652-0300,2026-03-19T14:40:19.638-0300,IN REFINEMENT,Refined,italo.siqueira,SQUAD_7,2026-05-12,2026-05-25,
BF3E4-3381,[RH - 22] Entidade: Vetorh - Views Cross Parte 2 (Dependem de H18-21) - TAMANHO: G,Story,2026-03-11T12:32:19.652-0300,2026-03-19T14:40:17.060-0300,WAITING REFINEMENT,IN REFINEMENT,italo.siqueira,SQUAD_7,2026-05-12,2026-05-25,
BF3E4-3381,[RH - 22] Entidade: Vetorh - Views Cross Parte 2 (Dependem de H18-21) - TAMANHO: G,Story,2026-03-11T12:32:19.652-0300,2026-03-19T14:40:14.075-0300,Open,WAITING REFINEMENT,italo.siqueira,SQUAD_7,2026-05-12,2026-05-25,
BF3E4-3365,[RH - 21] Entidade: Vetorh - Tabelas Usuário Finais + Views Cross Parte 1 - TAMANHO: G,Story,2026-03-11T12:31:44.390-0300,2026-05-22T12:02:43.778-0300,Test,Done,guilherme.freitas2,SQUAD_7,2026-05-08,2026-05-21,2026-05-19T11:00:00.000-0300
BF3E4-3365,[RH - 21] Entidade: Vetorh - Tabelas Usuário Finais + Views Cross Parte 1 - TAMANHO: G,Story,2026-03-11T12:31:44.390-0300,2026-05-20T14:15:07.538-0300,Waiting Test,Test,guilherme.freitas2,SQUAD_7,2026-05-08,2026-05-21,2026-05-19T11:00:00.000-0300
BF3E4-3365,[RH - 21] Entidade: Vetorh - Tabelas Usuário Finais + Views Cross Parte 1 - TAMANHO: G,Story,2026-03-11T12:31:44.390-0300,2026-05-20T09:39:32.265-0300,IN DEVELOPMENT,Waiting Test,vinicios.sena,SQUAD_7,2026-05-08,2026-05-21,2026-05-19T11:00:00.000-0300
BF3E4-3365,[RH - 21] Entidade: Vetorh - Tabelas Usuário Finais + Views Cross Parte 1 - TAMANHO: G,Story,2026-03-11T12:31:44.390-0300,2026-05-07T11:54:12.436-0300,To Do,IN DEVELOPMENT,vinicios.sena,SQUAD_7,2026-05-08,2026-05-21,2026-05-19T11:00:00.000-0300
BF3E4-3365,[RH - 21] Entidade: Vetorh - Tabelas Usuário Finais + Views Cross Parte 1 - TAMANHO: G,Story,2026-03-11T12:31:44.390-0300,2026-05-07T11:53:44.286-0300,Refined,To Do,vinicios.sena,SQUAD_7,2026-05-08,2026-05-21,2026-05-19T11:00:00.000-0300
BF3E4-3365,[RH - 21] Entidade: Vetorh - Tabelas Usuário Finais + Views Cross Parte 1 - TAMANHO: G,Story,2026-03-11T12:31:44.390-0300,2026-03-19T14:38:37.314-0300,IN REFINEMENT,Refined,italo.siqueira,SQUAD_7,2026-05-08,2026-05-21,2026-05-19T11:00:00.000-0300
BF3E4-3365,[RH - 21] Entidade: Vetorh - Tabelas Usuário Finais + Views Cross Parte 1 - TAMANHO: G,Story,2026-03-11T12:31:44.390-0300,2026-03-19T14:38:32.444-0300,WAITING REFINEMENT,IN REFINEMENT,italo.siqueira,SQUAD_7,2026-05-08,2026-05-21,2026-05-19T11:00:00.000-0300
BF3E4-3365,[RH - 21] Entidade: Vetorh - Tabelas Usuário Finais + Views Cross Parte 1 - TAMANHO: G,Story,2026-03-11T12:31:44.390-0300,2026-03-19T14:38:23.555-0300,Open,WAITING REFINEMENT,italo.siqueira,SQUAD_7,2026-05-08,2026-05-21,2026-05-19T11:00:00.000-0300
BF3E4-3354,[RH - 20] Entidade: Vetorh - Tabelas Usuário Parte 5 + Views Qualidade - TAMANHO: M,Story,2026-03-11T12:31:22.972-0300,2026-05-11T17:40:11.706-0300,Test,Done,jean.malagi,SQUAD_7,2026-05-08,2026-05-15,2026-05-11T11:30:00.000-0300
BF3E4-3354,[RH - 20] Entidade: Vetorh - Tabelas Usuário Parte 5 + Views Qualidade - TAMANHO: M,Story,2026-03-11T12:31:22.972-0300,2026-05-11T11:20:14.495-0300,Waiting Test,Test,jean.malagi,SQUAD_7,2026-05-08,2026-05-15,2026-05-11T11:30:00.000-0300
BF3E4-3354,[RH - 20] Entidade: Vetorh - Tabelas Usuário Parte 5 + Views Qualidade - TAMANHO: M,Story,2026-03-11T12:31:22.972-0300,2026-05-11T11:15:52.282-0300,IN DEVELOPMENT,Waiting Test,joao.sales,SQUAD_7,2026-05-08,2026-05-15,2026-05-11T11:30:00.000-0300
BF3E4-3354,[RH - 20] Entidade: Vetorh - Tabelas Usuário Parte 5 + Views Qualidade - TAMANHO: M,Story,2026-03-11T12:31:22.972-0300,2026-05-08T07:07:37.633-0300,To Do,IN DEVELOPMENT,joao.sales,SQUAD_7,2026-05-08,2026-05-15,2026-05-11T11:30:00.000-0300
BF3E4-3354,[RH - 20] Entidade: Vetorh - Tabelas Usuário Parte 5 + Views Qualidade - TAMANHO: M,Story,2026-03-11T12:31:22.972-0300,2026-05-07T07:54:09.472-0300,Refined,To Do,joao.sales,SQUAD_7,2026-05-08,2026-05-15,2026-05-11T11:30:00.000-0300
BF3E4-3354,[RH - 20] Entidade: Vetorh - Tabelas Usuário Parte 5 + Views Qualidade - TAMANHO: M,Story,2026-03-11T12:31:22.972-0300,2026-03-19T14:37:00.033-0300,IN REFINEMENT,Refined,italo.siqueira,SQUAD_7,2026-05-08,2026-05-15,2026-05-11T11:30:00.000-0300
BF3E4-3354,[RH - 20] Entidade: Vetorh - Tabelas Usuário Parte 5 + Views Qualidade - TAMANHO: M,Story,2026-03-11T12:31:22.972-0300,2026-03-19T14:36:49.667-0300,WAITING REFINEMENT,IN REFINEMENT,italo.siqueira,SQUAD_7,2026-05-08,2026-05-15,2026-05-11T11:30:00.000-0300
BF3E4-3354,[RH - 20] Entidade: Vetorh - Tabelas Usuário Parte 5 + Views Qualidade - TAMANHO: M,Story,2026-03-11T12:31:22.972-0300,2026-03-19T14:36:46.069-0300,Open,WAITING REFINEMENT,italo.siqueira,SQUAD_7,2026-05-08,2026-05-15,2026-05-11T11:30:00.000-0300
BF3E4-3338,[RH - 19] Entidade: Vetorh - Tabelas Usuário Parte 4 + Views HRBP - TAMANHO: G,Story,2026-03-11T12:30:52.966-0300,2026-05-11T10:10:40.773-0300,Test,Done,jean.malagi,SQUAD_7,2026-05-04,2026-05-15,2026-05-08T15:30:00.000-0300
BF3E4-3338,[RH - 19] Entidade: Vetorh - Tabelas Usuário Parte 4 + Views HRBP - TAMANHO: G,Story,2026-03-11T12:30:52.966-0300,2026-05-09T15:21:42.921-0300,Waiting Test,Test,jean.malagi,SQUAD_7,2026-05-04,2026-05-15,2026-05-08T15:30:00.000-0300
BF3E4-3338,[RH - 19] Entidade: Vetorh - Tabelas Usuário Parte 4 + Views HRBP - TAMANHO: G,Story,2026-03-11T12:30:52.966-0300,2026-05-08T16:51:49.899-0300,IN DEVELOPMENT,Waiting Test,joao.sales,SQUAD_7,2026-05-04,2026-05-15,2026-05-08T15:30:00.000-0300
BF3E4-3338,[RH - 19] Entidade: Vetorh - Tabelas Usuário Parte 4 + Views HRBP - TAMANHO: G,Story,2026-03-11T12:30:52.966-0300,2026-05-06T13:19:51.899-0300,To Do,IN DEVELOPMENT,joao.sales,SQUAD_7,2026-05-04,2026-05-15,2026-05-08T15:30:00.000-0300
BF3E4-3338,[RH - 19] Entidade: Vetorh - Tabelas Usuário Parte 4 + Views HRBP - TAMANHO: G,Story,2026-03-11T12:30:52.966-0300,2026-05-06T08:18:01.202-0300,Refined,To Do,joao.sales,SQUAD_7,2026-05-04,2026-05-15,2026-05-08T15:30:00.000-0300
BF3E4-3338,[RH - 19] Entidade: Vetorh - Tabelas Usuário Parte 4 + Views HRBP - TAMANHO: G,Story,2026-03-11T12:30:52.966-0300,2026-03-19T14:35:33.772-0300,IN REFINEMENT,Refined,italo.siqueira,SQUAD_7,2026-05-04,2026-05-15,2026-05-08T15:30:00.000-0300
BF3E4-3338,[RH - 19] Entidade: Vetorh - Tabelas Usuário Parte 4 + Views HRBP - TAMANHO: G,Story,2026-03-11T12:30:52.966-0300,2026-03-19T14:35:30.513-0300,WAITING REFINEMENT,IN REFINEMENT,italo.siqueira,SQUAD_7,2026-05-04,2026-05-15,2026-05-08T15:30:00.000-0300
BF3E4-3338,[RH - 19] Entidade: Vetorh - Tabelas Usuário Parte 4 + Views HRBP - TAMANHO: G,Story,2026-03-11T12:30:52.966-0300,2026-03-19T14:35:26.066-0300,Open,WAITING REFINEMENT,italo.siqueira,SQUAD_7,2026-05-04,2026-05-15,2026-05-08T15:30:00.000-0300
BF3E4-3326,[RH - 18] Entidade: Vetorh - Tabelas Usuário Parte 3 - TAMANHO: G,Story,2026-03-11T12:30:30.050-0300,2026-05-08T16:37:29.562-0300,Test,Done,guilherme.freitas2,SQUAD_7,2026-05-04,2026-05-12,2026-05-08T17:30:00.000-0300
BF3E4-3326,[RH - 18] Entidade: Vetorh - Tabelas Usuário Parte 3 - TAMANHO: G,Story,2026-03-11T12:30:30.050-0300,2026-05-08T11:16:18.738-0300,Waiting Test,Test,guilherme.freitas2,SQUAD_7,2026-05-04,2026-05-12,2026-05-08T17:30:00.000-0300
BF3E4-3326,[RH - 18] Entidade: Vetorh - Tabelas Usuário Parte 3 - TAMANHO: G,Story,2026-03-11T12:30:30.050-0300,2026-05-08T10:11:05.228-0300,IN DEVELOPMENT,Waiting Test,jean.malagi,SQUAD_7,2026-05-04,2026-05-12,2026-05-08T17:30:00.000-0300
BF3E4-3326,[RH - 18] Entidade: Vetorh - Tabelas Usuário Parte 3 - TAMANHO: G,Story,2026-03-11T12:30:30.050-0300,2026-05-07T00:01:48.301-0300,To Do,IN DEVELOPMENT,elivelto.anibolete,SQUAD_7,2026-05-04,2026-05-12,2026-05-08T17:30:00.000-0300
BF3E4-3326,[RH - 18] Entidade: Vetorh - Tabelas Usuário Parte 3 - TAMANHO: G,Story,2026-03-11T12:30:30.050-0300,2026-05-07T00:01:41.067-0300,Refined,To Do,elivelto.anibolete,SQUAD_7,2026-05-04,2026-05-12,2026-05-08T17:30:00.000-0300
BF3E4-3326,[RH - 18] Entidade: Vetorh - Tabelas Usuário Parte 3 - TAMANHO: G,Story,2026-03-11T12:30:30.050-0300,2026-03-19T14:34:31.155-0300,IN REFINEMENT,Refined,italo.siqueira,SQUAD_7,2026-05-04,2026-05-12,2026-05-08T17:30:00.000-0300
BF3E4-3326,[RH - 18] Entidade: Vetorh - Tabelas Usuário Parte 3 - TAMANHO: G,Story,2026-03-11T12:30:30.050-0300,2026-03-19T14:34:26.259-0300,WAITING REFINEMENT,IN REFINEMENT,italo.siqueira,SQUAD_7,2026-05-04,2026-05-12,2026-05-08T17:30:00.000-0300
BF3E4-3326,[RH - 18] Entidade: Vetorh - Tabelas Usuário Parte 3 - TAMANHO: G,Story,2026-03-11T12:30:30.050-0300,2026-03-19T14:34:23.030-0300,Open,WAITING REFINEMENT,italo.siqueira,SQUAD_7,2026-05-04,2026-05-12,2026-05-08T17:30:00.000-0300
BF3E4-3314,[RH - 17] Entidade: Vetorh - Tabelas Usuário Parte 2 + Views Manufacturing - TAMANHO: G,Story,2026-03-11T12:30:05.105-0300,2026-05-08T11:32:27.011-0300,Test,Done,guilherme.freitas2,SQUAD_7,2026-04-30,2026-05-11,2026-05-08T17:00:00.000-0300
BF3E4-3314,[RH - 17] Entidade: Vetorh - Tabelas Usuário Parte 2 + Views Manufacturing - TAMANHO: G,Story,2026-03-11T12:30:05.105-0300,2026-05-07T08:49:48.953-0300,Waiting Test,Test,guilherme.freitas2,SQUAD_7,2026-04-30,2026-05-11,2026-05-08T17:00:00.000-0300
BF3E4-3314,[RH - 17] Entidade: Vetorh - Tabelas Usuário Parte 2 + Views Manufacturing - TAMANHO: G,Story,2026-03-11T12:30:05.105-0300,2026-05-06T17:46:15.588-0300,IN DEVELOPMENT,Waiting Test,joao.sales,SQUAD_7,2026-04-30,2026-05-11,2026-05-08T17:00:00.000-0300
BF3E4-3314,[RH - 17] Entidade: Vetorh - Tabelas Usuário Parte 2 + Views Manufacturing - TAMANHO: G,Story,2026-03-11T12:30:05.105-0300,2026-05-05T07:03:50.346-0300,To Do,IN DEVELOPMENT,joao.sales,SQUAD_7,2026-04-30,2026-05-11,2026-05-08T17:00:00.000-0300
BF3E4-3314,[RH - 17] Entidade: Vetorh - Tabelas Usuário Parte 2 + Views Manufacturing - TAMANHO: G,Story,2026-03-11T12:30:05.105-0300,2026-05-05T07:03:46.974-0300,Refined,To Do,joao.sales,SQUAD_7,2026-04-30,2026-05-11,2026-05-08T17:00:00.000-0300
BF3E4-3314,[RH - 17] Entidade: Vetorh - Tabelas Usuário Parte 2 + Views Manufacturing - TAMANHO: G,Story,2026-03-11T12:30:05.105-0300,2026-03-19T14:33:02.971-0300,IN REFINEMENT,Refined,italo.siqueira,SQUAD_7,2026-04-30,2026-05-11,2026-05-08T17:00:00.000-0300
BF3E4-3314,[RH - 17] Entidade: Vetorh - Tabelas Usuário Parte 2 + Views Manufacturing - TAMANHO: G,Story,2026-03-11T12:30:05.105-0300,2026-03-19T14:33:00.460-0300,WAITING REFINEMENT,IN REFINEMENT,italo.siqueira,SQUAD_7,2026-04-30,2026-05-11,2026-05-08T17:00:00.000-0300
BF3E4-3314,[RH - 17] Entidade: Vetorh - Tabelas Usuário Parte 2 + Views Manufacturing - TAMANHO: G,Story,2026-03-11T12:30:05.105-0300,2026-03-19T14:32:57.349-0300,Open,WAITING REFINEMENT,italo.siqueira,SQUAD_7,2026-04-30,2026-05-11,2026-05-08T17:00:00.000-0300
BF3E4-3301,[RH - 16] Entidade: Vetorh - Tabelas Usuário Parte 1 - TAMANHO: G,Story,2026-03-11T12:29:40.513-0300,2026-05-02T11:59:13.126-0300,Test,Done,jean.malagi,SQUAD_7,2026-04-27,2026-05-07,
BF3E4-3301,[RH - 16] Entidade: Vetorh - Tabelas Usuário Parte 1 - TAMANHO: G,Story,2026-03-11T12:29:40.513-0300,2026-05-02T10:03:12.877-0300,Waiting Test,Test,jean.malagi,SQUAD_7,2026-04-27,2026-05-07,
BF3E4-3301,[RH - 16] Entidade: Vetorh - Tabelas Usuário Parte 1 - TAMANHO: G,Story,2026-03-11T12:29:40.513-0300,2026-04-29T09:58:40.698-0300,IN DEVELOPMENT,Waiting Test,joao.sales,SQUAD_7,2026-04-27,2026-05-07,
BF3E4-3301,[RH - 16] Entidade: Vetorh - Tabelas Usuário Parte 1 - TAMANHO: G,Story,2026-03-11T12:29:40.513-0300,2026-04-24T08:02:59.020-0300,To Do,IN DEVELOPMENT,joao.sales,SQUAD_7,2026-04-27,2026-05-07,
BF3E4-3301,[RH - 16] Entidade: Vetorh - Tabelas Usuário Parte 1 - TAMANHO: G,Story,2026-03-11T12:29:40.513-0300,2026-04-23T14:05:17.421-0300,Refined,To Do,joao.sales,SQUAD_7,2026-04-27,2026-05-07,
BF3E4-3301,[RH - 16] Entidade: Vetorh - Tabelas Usuário Parte 1 - TAMANHO: G,Story,2026-03-11T12:29:40.513-0300,2026-03-19T14:31:33.162-0300,IN REFINEMENT,Refined,italo.siqueira,SQUAD_7,2026-04-27,2026-05-07,
BF3E4-3301,[RH - 16] Entidade: Vetorh - Tabelas Usuário Parte 1 - TAMANHO: G,Story,2026-03-11T12:29:40.513-0300,2026-03-19T14:31:30.215-0300,WAITING REFINEMENT,IN REFINEMENT,italo.siqueira,SQUAD_7,2026-04-27,2026-05-07,
BF3E4-3301,[RH - 16] Entidade: Vetorh - Tabelas Usuário Parte 1 - TAMANHO: G,Story,2026-03-11T12:29:40.513-0300,2026-03-19T14:31:26.504-0300,Open,WAITING REFINEMENT,italo.siqueira,SQUAD_7,2026-04-27,2026-05-07,
BF3E4-3287,[RH - 15] Entidade: Vetorh - Riscos Ambientais - TAMANHO: G,Story,2026-03-11T12:29:16.435-0300,2026-05-07T17:04:39.753-0300,Test,Done,jean.malagi,SQUAD_7,2026-04-24,2026-05-07,
BF3E4-3287,[RH - 15] Entidade: Vetorh - Riscos Ambientais - TAMANHO: G,Story,2026-03-11T12:29:16.435-0300,2026-05-07T10:47:42.273-0300,Waiting Test,Test,jean.malagi,SQUAD_7,2026-04-24,2026-05-07,
BF3E4-3287,[RH - 15] Entidade: Vetorh - Riscos Ambientais - TAMANHO: G,Story,2026-03-11T12:29:16.435-0300,2026-05-07T09:09:58.084-0300,IN DEVELOPMENT,Waiting Test,vinicios.sena,SQUAD_7,2026-04-24,2026-05-07,
BF3E4-3287,[RH - 15] Entidade: Vetorh - Riscos Ambientais - TAMANHO: G,Story,2026-03-11T12:29:16.435-0300,2026-04-23T09:35:23.075-0300,To Do,IN DEVELOPMENT,vinicios.sena,SQUAD_7,2026-04-24,2026-05-07,
BF3E4-3287,[RH - 15] Entidade: Vetorh - Riscos Ambientais - TAMANHO: G,Story,2026-03-11T12:29:16.435-0300,2026-04-22T16:45:48.952-0300,Refined,To Do,vinicios.sena,SQUAD_7,2026-04-24,2026-05-07,
BF3E4-3287,[RH - 15] Entidade: Vetorh - Riscos Ambientais - TAMANHO: G,Story,2026-03-11T12:29:16.435-0300,2026-03-19T14:30:08.116-0300,IN REFINEMENT,Refined,italo.siqueira,SQUAD_7,2026-04-24,2026-05-07,
BF3E4-3287,[RH - 15] Entidade: Vetorh - Riscos Ambientais - TAMANHO: G,Story,2026-03-11T12:29:16.435-0300,2026-03-19T14:30:05.529-0300,WAITING REFINEMENT,IN REFINEMENT,italo.siqueira,SQUAD_7,2026-04-24,2026-05-07,
BF3E4-3287,[RH - 15] Entidade: Vetorh - Riscos Ambientais - TAMANHO: G,Story,2026-03-11T12:29:16.435-0300,2026-03-19T14:30:02.403-0300,Open,WAITING REFINEMENT,italo.siqueira,SQUAD_7,2026-04-24,2026-05-07,
BF3E4-3282,[RH - 14] Entidade: Vetorh - Views Medicina Analytics - TAMANHO: P,Story,2026-03-11T12:29:06.076-0300,2026-05-07T08:47:16.218-0300,Test,Done,guilherme.freitas2,SQUAD_7,2026-04-23,2026-04-24,
BF3E4-3282,[RH - 14] Entidade: Vetorh - Views Medicina Analytics - TAMANHO: P,Story,2026-03-11T12:29:06.076-0300,2026-05-05T14:51:39.981-0300,Waiting Test,Test,guilherme.freitas2,SQUAD_7,2026-04-23,2026-04-24,
BF3E4-3282,[RH - 14] Entidade: Vetorh - Views Medicina Analytics - TAMANHO: P,Story,2026-03-11T12:29:06.076-0300,2026-05-04T17:24:00.292-0300,IN DEVELOPMENT,Waiting Test,elivelto.anibolete,SQUAD_7,2026-04-23,2026-04-24,
BF3E4-3282,[RH - 14] Entidade: Vetorh - Views Medicina Analytics - TAMANHO: P,Story,2026-03-11T12:29:06.076-0300,2026-04-30T15:47:10.043-0300,To Do,IN DEVELOPMENT,elivelto.anibolete,SQUAD_7,2026-04-23,2026-04-24,
BF3E4-3282,[RH - 14] Entidade: Vetorh - Views Medicina Analytics - TAMANHO: P,Story,2026-03-11T12:29:06.076-0300,2026-04-30T15:47:07.686-0300,Refined,To Do,elivelto.anibolete,SQUAD_7,2026-04-23,2026-04-24,
BF3E4-3282,[RH - 14] Entidade: Vetorh - Views Medicina Analytics - TAMANHO: P,Story,2026-03-11T12:29:06.076-0300,2026-03-19T14:30:22.313-0300,IN REFINEMENT,Refined,italo.siqueira,SQUAD_7,2026-04-23,2026-04-24,
BF3E4-3282,[RH - 14] Entidade: Vetorh - Views Medicina Analytics - TAMANHO: P,Story,2026-03-11T12:29:06.076-0300,2026-03-19T14:30:19.165-0300,WAITING REFINEMENT,IN REFINEMENT,italo.siqueira,SQUAD_7,2026-04-23,2026-04-24,
BF3E4-3282,[RH - 14] Entidade: Vetorh - Views Medicina Analytics - TAMANHO: P,Story,2026-03-11T12:29:06.076-0300,2026-03-19T14:30:15.978-0300,Open,WAITING REFINEMENT,italo.siqueira,SQUAD_7,2026-04-23,2026-04-24,
BF3E4-3268,[RH - 13] Entidade: Vetorh - Treinamento - TAMANHO: G,Story,2026-03-11T12:28:41.455-0300,2026-05-05T14:51:11.569-0300,Test,Done,guilherme.freitas2,SQUAD_7,2026-04-20,2026-04-30,
BF3E4-3268,[RH - 13] Entidade: Vetorh - Treinamento - TAMANHO: G,Story,2026-03-11T12:28:41.455-0300,2026-05-04T15:42:50.711-0300,Waiting Test,Test,jean.malagi,SQUAD_7,2026-04-20,2026-04-30,
BF3E4-3268,[RH - 13] Entidade: Vetorh - Treinamento - TAMANHO: G,Story,2026-03-11T12:28:41.455-0300,2026-05-04T15:12:54.027-0300,IN DEVELOPMENT,Waiting Test,joao.sales,SQUAD_7,2026-04-20,2026-04-30,
BF3E4-3268,[RH - 13] Entidade: Vetorh - Treinamento - TAMANHO: G,Story,2026-03-11T12:28:41.455-0300,2026-04-20T11:32:55.591-0300,To Do,IN DEVELOPMENT,italo.siqueira,SQUAD_7,2026-04-20,2026-04-30,
BF3E4-3268,[RH - 13] Entidade: Vetorh - Treinamento - TAMANHO: G,Story,2026-03-11T12:28:41.455-0300,2026-04-20T10:52:35.180-0300,Refined,To Do,italo.siqueira,SQUAD_7,2026-04-20,2026-04-30,
BF3E4-3268,[RH - 13] Entidade: Vetorh - Treinamento - TAMANHO: G,Story,2026-03-11T12:28:41.455-0300,2026-03-19T14:26:22.191-0300,IN REFINEMENT,Refined,italo.siqueira,SQUAD_7,2026-04-20,2026-04-30,
BF3E4-3268,[RH - 13] Entidade: Vetorh - Treinamento - TAMANHO: G,Story,2026-03-11T12:28:41.455-0300,2026-03-19T14:26:19.026-0300,WAITING REFINEMENT,IN REFINEMENT,italo.siqueira,SQUAD_7,2026-04-20,2026-04-30,
BF3E4-3268,[RH - 13] Entidade: Vetorh - Treinamento - TAMANHO: G,Story,2026-03-11T12:28:41.455-0300,2026-03-19T14:26:15.304-0300,Open,WAITING REFINEMENT,italo.siqueira,SQUAD_7,2026-04-20,2026-04-30,
BF3E4-3262,[RH - 12] Entidade:  Vetorh - Views Absenteísmo e Medicina - TAMANHO: P,Story,2026-03-11T12:28:28.243-0300,2026-05-05T18:35:51.226-0300,Test,Done,jean.malagi,SQUAD_7,2026-04-17,2026-04-22,
BF3E4-3262,[RH - 12] Entidade:  Vetorh - Views Absenteísmo e Medicina - TAMANHO: P,Story,2026-03-11T12:28:28.243-0300,2026-05-05T12:28:57.851-0300,Waiting Test,Test,jean.malagi,SQUAD_7,2026-04-17,2026-04-22,
BF3E4-3262,[RH - 12] Entidade:  Vetorh - Views Absenteísmo e Medicina - TAMANHO: P,Story,2026-03-11T12:28:28.243-0300,2026-05-05T10:58:04.574-0300,IN DEVELOPMENT,Waiting Test,joao.sales,SQUAD_7,2026-04-17,2026-04-22,
BF3E4-3262,[RH - 12] Entidade:  Vetorh - Views Absenteísmo e Medicina - TAMANHO: P,Story,2026-03-11T12:28:28.243-0300,2026-04-16T13:44:11.610-0300,To Do,IN DEVELOPMENT,joao.sales,SQUAD_7,2026-04-17,2026-04-22,
BF3E4-3262,[RH - 12] Entidade:  Vetorh - Views Absenteísmo e Medicina - TAMANHO: P,Story,2026-03-11T12:28:28.243-0300,2026-04-16T13:19:47.378-0300,Refined,To Do,joao.sales,SQUAD_7,2026-04-17,2026-04-22,
BF3E4-3262,[RH - 12] Entidade:  Vetorh - Views Absenteísmo e Medicina - TAMANHO: P,Story,2026-03-11T12:28:28.243-0300,2026-03-19T14:25:13.633-0300,IN REFINEMENT,Refined,italo.siqueira,SQUAD_7,2026-04-17,2026-04-22,
BF3E4-3262,[RH - 12] Entidade:  Vetorh - Views Absenteísmo e Medicina - TAMANHO: P,Story,2026-03-11T12:28:28.243-0300,2026-03-19T14:25:11.160-0300,WAITING REFINEMENT,IN REFINEMENT,italo.siqueira,SQUAD_7,2026-04-17,2026-04-22,
BF3E4-3262,[RH - 12] Entidade:  Vetorh - Views Absenteísmo e Medicina - TAMANHO: P,Story,2026-03-11T12:28:28.243-0300,2026-03-19T14:25:09.255-0300,Open,WAITING REFINEMENT,italo.siqueira,SQUAD_7,2026-04-17,2026-04-22,
BF3E4-3248,[RH - 11] Entidade: Vetorh - Medicina do Trabalho Parte 1 - TAMANHO: G,Story,2026-03-11T12:27:57.279-0300,2026-04-30T14:57:52.126-0300,Test,Done,jean.malagi,SQUAD_7,2026-04-16,2026-04-29,
BF3E4-3248,[RH - 11] Entidade: Vetorh - Medicina do Trabalho Parte 1 - TAMANHO: G,Story,2026-03-11T12:27:57.279-0300,2026-04-29T15:07:54.386-0300,Waiting Test,Test,jean.malagi,SQUAD_7,2026-04-16,2026-04-29,
BF3E4-3248,[RH - 11] Entidade: Vetorh - Medicina do Trabalho Parte 1 - TAMANHO: G,Story,2026-03-11T12:27:57.279-0300,2026-04-23T14:03:59.969-0300,In Code Review,Waiting Test,joao.sales,SQUAD_7,2026-04-16,2026-04-29,
BF3E4-3248,[RH - 11] Entidade: Vetorh - Medicina do Trabalho Parte 1 - TAMANHO: G,Story,2026-03-11T12:27:57.279-0300,2026-04-23T14:03:57.090-0300,WAITING CODE REVIEW,In Code Review,joao.sales,SQUAD_7,2026-04-16,2026-04-29,
BF3E4-3248,[RH - 11] Entidade: Vetorh - Medicina do Trabalho Parte 1 - TAMANHO: G,Story,2026-03-11T12:27:57.279-0300,2026-04-23T14:03:53.095-0300,IN DEVELOPMENT,WAITING CODE REVIEW,joao.sales,SQUAD_7,2026-04-16,2026-04-29,
BF3E4-3248,[RH - 11] Entidade: Vetorh - Medicina do Trabalho Parte 1 - TAMANHO: G,Story,2026-03-11T12:27:57.279-0300,2026-04-17T14:44:55.755-0300,To Do,IN DEVELOPMENT,joao.sales,SQUAD_7,2026-04-16,2026-04-29,
BF3E4-3248,[RH - 11] Entidade: Vetorh - Medicina do Trabalho Parte 1 - TAMANHO: G,Story,2026-03-11T12:27:57.279-0300,2026-04-17T11:19:58.433-0300,Refined,To Do,joao.sales,SQUAD_7,2026-04-16,2026-04-29,
BF3E4-3248,[RH - 11] Entidade: Vetorh - Medicina do Trabalho Parte 1 - TAMANHO: G,Story,2026-03-11T12:27:57.279-0300,2026-03-19T14:23:34.925-0300,IN REFINEMENT,Refined,italo.siqueira,SQUAD_7,2026-04-16,2026-04-29,
BF3E4-3248,[RH - 11] Entidade: Vetorh - Medicina do Trabalho Parte 1 - TAMANHO: G,Story,2026-03-11T12:27:57.279-0300,2026-03-19T14:23:32.751-0300,WAITING REFINEMENT,IN REFINEMENT,italo.siqueira,SQUAD_7,2026-04-16,2026-04-29,
BF3E4-3248,[RH - 11] Entidade: Vetorh - Medicina do Trabalho Parte 1 - TAMANHO: G,Story,2026-03-11T12:27:57.279-0300,2026-03-19T14:23:29.261-0300,Open,WAITING REFINEMENT,italo.siqueira,SQUAD_7,2026-04-16,2026-04-29,
BF3E4-3233,[RH - 10] Entidade: Vetorh - Saúde e Segurança Parte 3 + Views Acidentes - TAMANHO: G,Story,2026-03-11T12:27:27.305-0300,2026-05-08T12:49:10.816-0300,Test,Done,jean.malagi,SQUAD_7,2026-04-16,2026-04-30,2026-05-08T14:30:00.000-0300
BF3E4-3233,[RH - 10] Entidade: Vetorh - Saúde e Segurança Parte 3 + Views Acidentes - TAMANHO: G,Story,2026-03-11T12:27:27.305-0300,2026-05-01T15:46:08.058-0300,Waiting Test,Test,mayara.campos,SQUAD_7,2026-04-16,2026-04-30,2026-05-08T14:30:00.000-0300
BF3E4-3233,[RH - 10] Entidade: Vetorh - Saúde e Segurança Parte 3 + Views Acidentes - TAMANHO: G,Story,2026-03-11T12:27:27.305-0300,2026-04-23T10:21:34.982-0300,In Code Review,Waiting Test,joao.sales,SQUAD_7,2026-04-16,2026-04-30,2026-05-08T14:30:00.000-0300
BF3E4-3233,[RH - 10] Entidade: Vetorh - Saúde e Segurança Parte 3 + Views Acidentes - TAMANHO: G,Story,2026-03-11T12:27:27.305-0300,2026-04-23T10:21:32.941-0300,WAITING CODE REVIEW,In Code Review,joao.sales,SQUAD_7,2026-04-16,2026-04-30,2026-05-08T14:30:00.000-0300
BF3E4-3233,[RH - 10] Entidade: Vetorh - Saúde e Segurança Parte 3 + Views Acidentes - TAMANHO: G,Story,2026-03-11T12:27:27.305-0300,2026-04-23T10:21:30.697-0300,IN DEVELOPMENT,WAITING CODE REVIEW,joao.sales,SQUAD_7,2026-04-16,2026-04-30,2026-05-08T14:30:00.000-0300
BF3E4-3233,[RH - 10] Entidade: Vetorh - Saúde e Segurança Parte 3 + Views Acidentes - TAMANHO: G,Story,2026-03-11T12:27:27.305-0300,2026-04-20T09:54:44.097-0300,To Do,IN DEVELOPMENT,elivelto.anibolete,SQUAD_7,2026-04-16,2026-04-30,2026-05-08T14:30:00.000-0300
BF3E4-3233,[RH - 10] Entidade: Vetorh - Saúde e Segurança Parte 3 + Views Acidentes - TAMANHO: G,Story,2026-03-11T12:27:27.305-0300,2026-04-20T09:54:40.574-0300,Refined,To Do,elivelto.anibolete,SQUAD_7,2026-04-16,2026-04-30,2026-05-08T14:30:00.000-0300
BF3E4-3233,[RH - 10] Entidade: Vetorh - Saúde e Segurança Parte 3 + Views Acidentes - TAMANHO: G,Story,2026-03-11T12:27:27.305-0300,2026-03-19T14:22:35.712-0300,IN REFINEMENT,Refined,italo.siqueira,SQUAD_7,2026-04-16,2026-04-30,2026-05-08T14:30:00.000-0300
BF3E4-3233,[RH - 10] Entidade: Vetorh - Saúde e Segurança Parte 3 + Views Acidentes - TAMANHO: G,Story,2026-03-11T12:27:27.305-0300,2026-03-19T14:22:33.320-0300,WAITING REFINEMENT,IN REFINEMENT,italo.siqueira,SQUAD_7,2026-04-16,2026-04-30,2026-05-08T14:30:00.000-0300
BF3E4-3233,[RH - 10] Entidade: Vetorh - Saúde e Segurança Parte 3 + Views Acidentes - TAMANHO: G,Story,2026-03-11T12:27:27.305-0300,2026-03-19T14:22:30.444-0300,Open,WAITING REFINEMENT,italo.siqueira,SQUAD_7,2026-04-16,2026-04-30,2026-05-08T14:30:00.000-0300
BF3E4-3227,[RH - 9] Entidade: Vetorh - Saúde e Segurança Parte 2 + View Marcações - TAMANHO: P,Story,2026-03-11T12:27:15.928-0300,2026-05-05T17:02:49.307-0300,Test,Done,jean.malagi,SQUAD_7,2026-04-16,2026-04-17,
BF3E4-3227,[RH - 9] Entidade: Vetorh - Saúde e Segurança Parte 2 + View Marcações - TAMANHO: P,Story,2026-03-11T12:27:15.928-0300,2026-04-30T15:02:56.279-0300,Waiting Test,Test,jean.malagi,SQUAD_7,2026-04-16,2026-04-17,
BF3E4-3227,[RH - 9] Entidade: Vetorh - Saúde e Segurança Parte 2 + View Marcações - TAMANHO: P,Story,2026-03-11T12:27:15.928-0300,2026-04-16T13:43:25.026-0300,In Code Review,Waiting Test,joao.sales,SQUAD_7,2026-04-16,2026-04-17,
BF3E4-3227,[RH - 9] Entidade: Vetorh - Saúde e Segurança Parte 2 + View Marcações - TAMANHO: P,Story,2026-03-11T12:27:15.928-0300,2026-04-16T13:43:22.815-0300,WAITING CODE REVIEW,In Code Review,joao.sales,SQUAD_7,2026-04-16,2026-04-17,
BF3E4-3227,[RH - 9] Entidade: Vetorh - Saúde e Segurança Parte 2 + View Marcações - TAMANHO: P,Story,2026-03-11T12:27:15.928-0300,2026-04-16T13:43:17.693-0300,IN DEVELOPMENT,WAITING CODE REVIEW,joao.sales,SQUAD_7,2026-04-16,2026-04-17,
BF3E4-3227,[RH - 9] Entidade: Vetorh - Saúde e Segurança Parte 2 + View Marcações - TAMANHO: P,Story,2026-03-11T12:27:15.928-0300,2026-04-15T14:42:42.773-0300,To Do,IN DEVELOPMENT,italo.siqueira,SQUAD_7,2026-04-16,2026-04-17,
BF3E4-3227,[RH - 9] Entidade: Vetorh - Saúde e Segurança Parte 2 + View Marcações - TAMANHO: P,Story,2026-03-11T12:27:15.928-0300,2026-04-15T14:42:36.959-0300,Refined,To Do,italo.siqueira,SQUAD_7,2026-04-16,2026-04-17,
BF3E4-3227,[RH - 9] Entidade: Vetorh - Saúde e Segurança Parte 2 + View Marcações - TAMANHO: P,Story,2026-03-11T12:27:15.928-0300,2026-03-19T13:58:28.499-0300,IN REFINEMENT,Refined,italo.siqueira,SQUAD_7,2026-04-16,2026-04-17,
BF3E4-3227,[RH - 9] Entidade: Vetorh - Saúde e Segurança Parte 2 + View Marcações - TAMANHO: P,Story,2026-03-11T12:27:15.928-0300,2026-03-19T13:58:25.706-0300,WAITING REFINEMENT,IN REFINEMENT,italo.siqueira,SQUAD_7,2026-04-16,2026-04-17,
BF3E4-3227,[RH - 9] Entidade: Vetorh - Saúde e Segurança Parte 2 + View Marcações - TAMANHO: P,Story,2026-03-11T12:27:15.928-0300,2026-03-19T13:58:23.088-0300,Open,WAITING REFINEMENT,italo.siqueira,SQUAD_7,2026-04-16,2026-04-17,
BF3E4-3212,[RH - 8] Entidade: Vetorh - Saúde e Segurança Parte 1 - TAMANHO: G,Story,2026-03-11T12:26:46.318-0300,2026-05-06T11:38:54.346-0300,Test,Done,jean.malagi,SQUAD_7,2026-04-09,2026-04-23,
BF3E4-3212,[RH - 8] Entidade: Vetorh - Saúde e Segurança Parte 1 - TAMANHO: G,Story,2026-03-11T12:26:46.318-0300,2026-05-01T13:47:31.224-0300,Waiting Test,Test,gerson.ramos,SQUAD_7,2026-04-09,2026-04-23,
BF3E4-3212,[RH - 8] Entidade: Vetorh - Saúde e Segurança Parte 1 - TAMANHO: G,Story,2026-03-11T12:26:46.318-0300,2026-04-23T10:20:54.365-0300,In Code Review,Waiting Test,joao.sales,SQUAD_7,2026-04-09,2026-04-23,
BF3E4-3212,[RH - 8] Entidade: Vetorh - Saúde e Segurança Parte 1 - TAMANHO: G,Story,2026-03-11T12:26:46.318-0300,2026-04-23T10:20:52.213-0300,WAITING CODE REVIEW,In Code Review,joao.sales,SQUAD_7,2026-04-09,2026-04-23,
BF3E4-3212,[RH - 8] Entidade: Vetorh - Saúde e Segurança Parte 1 - TAMANHO: G,Story,2026-03-11T12:26:46.318-0300,2026-04-23T10:20:48.773-0300,IN DEVELOPMENT,WAITING CODE REVIEW,joao.sales,SQUAD_7,2026-04-09,2026-04-23,
BF3E4-3212,[RH - 8] Entidade: Vetorh - Saúde e Segurança Parte 1 - TAMANHO: G,Story,2026-03-11T12:26:46.318-0300,2026-04-15T15:21:09.639-0300,To Do,IN DEVELOPMENT,elivelto.anibolete,SQUAD_7,2026-04-09,2026-04-23,
BF3E4-3212,[RH - 8] Entidade: Vetorh - Saúde e Segurança Parte 1 - TAMANHO: G,Story,2026-03-11T12:26:46.318-0300,2026-04-15T15:21:03.600-0300,Refined,To Do,elivelto.anibolete,SQUAD_7,2026-04-09,2026-04-23,
BF3E4-3212,[RH - 8] Entidade: Vetorh - Saúde e Segurança Parte 1 - TAMANHO: G,Story,2026-03-11T12:26:46.318-0300,2026-03-19T13:56:45.507-0300,IN REFINEMENT,Refined,italo.siqueira,SQUAD_7,2026-04-09,2026-04-23,
BF3E4-3212,[RH - 8] Entidade: Vetorh - Saúde e Segurança Parte 1 - TAMANHO: G,Story,2026-03-11T12:26:46.318-0300,2026-03-19T13:56:43.177-0300,WAITING REFINEMENT,IN REFINEMENT,italo.siqueira,SQUAD_7,2026-04-09,2026-04-23,
BF3E4-3212,[RH - 8] Entidade: Vetorh - Saúde e Segurança Parte 1 - TAMANHO: G,Story,2026-03-11T12:26:46.318-0300,2026-03-19T13:56:40.324-0300,Open,WAITING REFINEMENT,italo.siqueira,SQUAD_7,2026-04-09,2026-04-23,
BF3E4-3206,[RH - 7] Entidade: Vetorh - Ponto e Jornada Parte 2 - TAMANHO: P,Story,2026-03-11T12:26:32.492-0300,2026-04-30T11:31:14.261-0300,Test,Done,jean.malagi,SQUAD_7,2026-04-07,2026-04-08,
BF3E4-3206,[RH - 7] Entidade: Vetorh - Ponto e Jornada Parte 2 - TAMANHO: P,Story,2026-03-11T12:26:32.492-0300,2026-04-30T09:59:34.338-0300,Waiting Test,Test,jean.malagi,SQUAD_7,2026-04-07,2026-04-08,
BF3E4-3206,[RH - 7] Entidade: Vetorh - Ponto e Jornada Parte 2 - TAMANHO: P,Story,2026-03-11T12:26:32.492-0300,2026-04-22T16:39:37.396-0300,In Code Review,Waiting Test,vinicios.sena,SQUAD_7,2026-04-07,2026-04-08,
BF3E4-3206,[RH - 7] Entidade: Vetorh - Ponto e Jornada Parte 2 - TAMANHO: P,Story,2026-03-11T12:26:32.492-0300,2026-04-22T16:37:06.227-0300,WAITING CODE REVIEW,In Code Review,vinicios.sena,SQUAD_7,2026-04-07,2026-04-08,
BF3E4-3206,[RH - 7] Entidade: Vetorh - Ponto e Jornada Parte 2 - TAMANHO: P,Story,2026-03-11T12:26:32.492-0300,2026-04-22T16:36:41.840-0300,IN DEVELOPMENT,WAITING CODE REVIEW,vinicios.sena,SQUAD_7,2026-04-07,2026-04-08,
BF3E4-3206,[RH - 7] Entidade: Vetorh - Ponto e Jornada Parte 2 - TAMANHO: P,Story,2026-03-11T12:26:32.492-0300,2026-04-13T09:48:44.610-0300,To Do,IN DEVELOPMENT,vinicios.sena,SQUAD_7,2026-04-07,2026-04-08,
BF3E4-3206,[RH - 7] Entidade: Vetorh - Ponto e Jornada Parte 2 - TAMANHO: P,Story,2026-03-11T12:26:32.492-0300,2026-04-13T09:48:42.354-0300,Refined,To Do,vinicios.sena,SQUAD_7,2026-04-07,2026-04-08,
BF3E4-3206,[RH - 7] Entidade: Vetorh - Ponto e Jornada Parte 2 - TAMANHO: P,Story,2026-03-11T12:26:32.492-0300,2026-03-19T13:55:05.481-0300,IN REFINEMENT,Refined,italo.siqueira,SQUAD_7,2026-04-07,2026-04-08,
BF3E4-3206,[RH - 7] Entidade: Vetorh - Ponto e Jornada Parte 2 - TAMANHO: P,Story,2026-03-11T12:26:32.492-0300,2026-03-19T13:55:02.612-0300,WAITING REFINEMENT,IN REFINEMENT,italo.siqueira,SQUAD_7,2026-04-07,2026-04-08,
BF3E4-3206,[RH - 7] Entidade: Vetorh - Ponto e Jornada Parte 2 - TAMANHO: P,Story,2026-03-11T12:26:32.492-0300,2026-03-19T13:54:58.986-0300,Open,WAITING REFINEMENT,italo.siqueira,SQUAD_7,2026-04-07,2026-04-08,
BF3E4-3191,[RH - 6] Entidade: Vetorh - Ponto e Jornada Parte 1 - TAMANHO: G,Story,2026-03-11T12:26:03.927-0300,2026-05-02T10:00:47.188-0300,Test,Done,jean.malagi,SQUAD_7,2026-04-02,2026-04-16,
BF3E4-3191,[RH - 6] Entidade: Vetorh - Ponto e Jornada Parte 1 - TAMANHO: G,Story,2026-03-11T12:26:03.927-0300,2026-04-30T17:23:50.704-0300,Waiting Test,Test,jean.malagi,SQUAD_7,2026-04-02,2026-04-16,
BF3E4-3191,[RH - 6] Entidade: Vetorh - Ponto e Jornada Parte 1 - TAMANHO: G,Story,2026-03-11T12:26:03.927-0300,2026-04-16T15:13:39.716-0300,In Code Review,Waiting Test,italo.siqueira,SQUAD_7,2026-04-02,2026-04-16,
BF3E4-3191,[RH - 6] Entidade: Vetorh - Ponto e Jornada Parte 1 - TAMANHO: G,Story,2026-03-11T12:26:03.927-0300,2026-04-16T15:13:36.767-0300,WAITING CODE REVIEW,In Code Review,italo.siqueira,SQUAD_7,2026-04-02,2026-04-16,
BF3E4-3191,[RH - 6] Entidade: Vetorh - Ponto e Jornada Parte 1 - TAMANHO: G,Story,2026-03-11T12:26:03.927-0300,2026-04-16T15:13:34.039-0300,IN DEVELOPMENT,WAITING CODE REVIEW,italo.siqueira,SQUAD_7,2026-04-02,2026-04-16,
BF3E4-3191,[RH - 6] Entidade: Vetorh - Ponto e Jornada Parte 1 - TAMANHO: G,Story,2026-03-11T12:26:03.927-0300,2026-04-01T09:09:26.008-0300,To Do,IN DEVELOPMENT,italo.siqueira,SQUAD_7,2026-04-02,2026-04-16,
BF3E4-3191,[RH - 6] Entidade: Vetorh - Ponto e Jornada Parte 1 - TAMANHO: G,Story,2026-03-11T12:26:03.927-0300,2026-04-01T09:09:15.674-0300,Refined,To Do,italo.siqueira,SQUAD_7,2026-04-02,2026-04-16,
BF3E4-3191,[RH - 6] Entidade: Vetorh - Ponto e Jornada Parte 1 - TAMANHO: G,Story,2026-03-11T12:26:03.927-0300,2026-03-19T13:54:06.948-0300,IN REFINEMENT,Refined,italo.siqueira,SQUAD_7,2026-04-02,2026-04-16,
BF3E4-3191,[RH - 6] Entidade: Vetorh - Ponto e Jornada Parte 1 - TAMANHO: G,Story,2026-03-11T12:26:03.927-0300,2026-03-19T13:54:04.482-0300,WAITING REFINEMENT,IN REFINEMENT,italo.siqueira,SQUAD_7,2026-04-02,2026-04-16,
BF3E4-3191,[RH - 6] Entidade: Vetorh - Ponto e Jornada Parte 1 - TAMANHO: G,Story,2026-03-11T12:26:03.927-0300,2026-03-19T13:54:02.061-0300,Open,WAITING REFINEMENT,italo.siqueira,SQUAD_7,2026-04-02,2026-04-16,
BF3E4-3177,[RH - 5] Entidade: Vetorh - Históricos de Movimentação - TAMANHO: G,Story,2026-03-11T12:25:40.449-0300,2026-04-29T15:05:22.013-0300,Test,Done,jean.malagi,SQUAD_7,2026-04-01,2026-04-15,
BF3E4-3177,[RH - 5] Entidade: Vetorh - Históricos de Movimentação - TAMANHO: G,Story,2026-03-11T12:25:40.449-0300,2026-04-28T14:36:37.007-0300,Waiting Test,Test,jean.malagi,SQUAD_7,2026-04-01,2026-04-15,
BF3E4-3177,[RH - 5] Entidade: Vetorh - Históricos de Movimentação - TAMANHO: G,Story,2026-03-11T12:25:40.449-0300,2026-04-20T09:56:11.454-0300,In Code Review,Waiting Test,italo.siqueira,SQUAD_7,2026-04-01,2026-04-15,
BF3E4-3177,[RH - 5] Entidade: Vetorh - Históricos de Movimentação - TAMANHO: G,Story,2026-03-11T12:25:40.449-0300,2026-04-20T09:56:08.306-0300,WAITING CODE REVIEW,In Code Review,italo.siqueira,SQUAD_7,2026-04-01,2026-04-15,
BF3E4-3177,[RH - 5] Entidade: Vetorh - Históricos de Movimentação - TAMANHO: G,Story,2026-03-11T12:25:40.449-0300,2026-04-20T09:56:05.104-0300,IN DEVELOPMENT,WAITING CODE REVIEW,italo.siqueira,SQUAD_7,2026-04-01,2026-04-15,
BF3E4-3177,[RH - 5] Entidade: Vetorh - Históricos de Movimentação - TAMANHO: G,Story,2026-03-11T12:25:40.449-0300,2026-04-01T09:10:33.840-0300,To Do,IN DEVELOPMENT,italo.siqueira,SQUAD_7,2026-04-01,2026-04-15,
BF3E4-3177,[RH - 5] Entidade: Vetorh - Históricos de Movimentação - TAMANHO: G,Story,2026-03-11T12:25:40.449-0300,2026-04-01T09:10:22.263-0300,Refined,To Do,italo.siqueira,SQUAD_7,2026-04-01,2026-04-15,
BF3E4-3177,[RH - 5] Entidade: Vetorh - Históricos de Movimentação - TAMANHO: G,Story,2026-03-11T12:25:40.449-0300,2026-03-19T13:53:12.877-0300,IN REFINEMENT,Refined,italo.siqueira,SQUAD_7,2026-04-01,2026-04-15,
BF3E4-3177,[RH - 5] Entidade: Vetorh - Históricos de Movimentação - TAMANHO: G,Story,2026-03-11T12:25:40.449-0300,2026-03-19T13:53:09.814-0300,WAITING REFINEMENT,IN REFINEMENT,italo.siqueira,SQUAD_7,2026-04-01,2026-04-15,
BF3E4-3177,[RH - 5] Entidade: Vetorh - Históricos de Movimentação - TAMANHO: G,Story,2026-03-11T12:25:40.449-0300,2026-03-19T13:53:02.917-0300,Open,WAITING REFINEMENT,italo.siqueira,SQUAD_7,2026-04-01,2026-04-15,
BF3E4-3177,[RH - 5] Entidade: Vetorh - Históricos de Movimentação - TAMANHO: G,Story,2026-03-11T12:25:40.449-0300,2026-03-19T13:53:00.279-0300,WAITING REFINEMENT,Open,italo.siqueira,SQUAD_7,2026-04-01,2026-04-15,
BF3E4-3177,[RH - 5] Entidade: Vetorh - Históricos de Movimentação - TAMANHO: G,Story,2026-03-11T12:25:40.449-0300,2026-03-19T13:52:57.755-0300,Open,WAITING REFINEMENT,italo.siqueira,SQUAD_7,2026-04-01,2026-04-15,
BF3E4-3173,[RH - 4] Entidade: Vetorh - View PCD - TAMANHO: P,Story,2026-03-11T12:25:30.662-0300,2026-04-28T14:32:55.697-0300,Test,Done,jean.malagi,SQUAD_7,2026-04-01,2026-04-01,
BF3E4-3173,[RH - 4] Entidade: Vetorh - View PCD - TAMANHO: P,Story,2026-03-11T12:25:30.662-0300,2026-04-28T11:06:51.780-0300,Waiting Test,Test,jean.malagi,SQUAD_7,2026-04-01,2026-04-01,
BF3E4-3173,[RH - 4] Entidade: Vetorh - View PCD - TAMANHO: P,Story,2026-03-11T12:25:30.662-0300,2026-04-16T10:07:07.740-0300,In Code Review,Waiting Test,italo.siqueira,SQUAD_7,2026-04-01,2026-04-01,
BF3E4-3173,[RH - 4] Entidade: Vetorh - View PCD - TAMANHO: P,Story,2026-03-11T12:25:30.662-0300,2026-04-16T10:06:41.661-0300,WAITING CODE REVIEW,In Code Review,italo.siqueira,SQUAD_7,2026-04-01,2026-04-01,
BF3E4-3173,[RH - 4] Entidade: Vetorh - View PCD - TAMANHO: P,Story,2026-03-11T12:25:30.662-0300,2026-04-16T10:06:37.279-0300,IN DEVELOPMENT,WAITING CODE REVIEW,italo.siqueira,SQUAD_7,2026-04-01,2026-04-01,
BF3E4-3173,[RH - 4] Entidade: Vetorh - View PCD - TAMANHO: P,Story,2026-03-11T12:25:30.662-0300,2026-04-01T09:25:55.442-0300,To Do,IN DEVELOPMENT,italo.siqueira,SQUAD_7,2026-04-01,2026-04-01,
BF3E4-3173,[RH - 4] Entidade: Vetorh - View PCD - TAMANHO: P,Story,2026-03-11T12:25:30.662-0300,2026-04-01T09:25:49.366-0300,Refined,To Do,italo.siqueira,SQUAD_7,2026-04-01,2026-04-01,
BF3E4-3173,[RH - 4] Entidade: Vetorh - View PCD - TAMANHO: P,Story,2026-03-11T12:25:30.662-0300,2026-03-19T11:57:44.166-0300,IN REFINEMENT,Refined,italo.siqueira,SQUAD_7,2026-04-01,2026-04-01,
BF3E4-3173,[RH - 4] Entidade: Vetorh - View PCD - TAMANHO: P,Story,2026-03-11T12:25:30.662-0300,2026-03-19T11:57:39.441-0300,WAITING REFINEMENT,IN REFINEMENT,italo.siqueira,SQUAD_7,2026-04-01,2026-04-01,
BF3E4-3173,[RH - 4] Entidade: Vetorh - View PCD - TAMANHO: P,Story,2026-03-11T12:25:30.662-0300,2026-03-19T11:57:32.621-0300,Open,WAITING REFINEMENT,italo.siqueira,SQUAD_7,2026-04-01,2026-04-01,
BF3E4-3158,[RH - 3] Entidade: Vetorh - Dados de Colaboradores Parte 1 - TAMANHO: G,Story,2026-03-11T12:25:04.331-0300,2026-05-05T09:20:42.331-0300,Test,Done,jean.malagi,SQUAD_7,2026-04-01,2026-04-15,
BF3E4-3158,[RH - 3] Entidade: Vetorh - Dados de Colaboradores Parte 1 - TAMANHO: G,Story,2026-03-11T12:25:04.331-0300,2026-04-27T16:00:38.971-0300,Waiting Test,Test,isabela.romeu,SQUAD_7,2026-04-01,2026-04-15,
BF3E4-3158,[RH - 3] Entidade: Vetorh - Dados de Colaboradores Parte 1 - TAMANHO: G,Story,2026-03-11T12:25:04.331-0300,2026-04-16T10:04:51.919-0300,In Code Review,Waiting Test,italo.siqueira,SQUAD_7,2026-04-01,2026-04-15,
BF3E4-3158,[RH - 3] Entidade: Vetorh - Dados de Colaboradores Parte 1 - TAMANHO: G,Story,2026-03-11T12:25:04.331-0300,2026-04-16T10:04:47.393-0300,WAITING CODE REVIEW,In Code Review,italo.siqueira,SQUAD_7,2026-04-01,2026-04-15,
BF3E4-3158,[RH - 3] Entidade: Vetorh - Dados de Colaboradores Parte 1 - TAMANHO: G,Story,2026-03-11T12:25:04.331-0300,2026-04-16T10:04:43.950-0300,IN DEVELOPMENT,WAITING CODE REVIEW,italo.siqueira,SQUAD_7,2026-04-01,2026-04-15,
BF3E4-3158,[RH - 3] Entidade: Vetorh - Dados de Colaboradores Parte 1 - TAMANHO: G,Story,2026-03-11T12:25:04.331-0300,2026-03-31T13:51:29.113-0300,To Do,IN DEVELOPMENT,italo.siqueira,SQUAD_7,2026-04-01,2026-04-15,
BF3E4-3158,[RH - 3] Entidade: Vetorh - Dados de Colaboradores Parte 1 - TAMANHO: G,Story,2026-03-11T12:25:04.331-0300,2026-03-31T13:51:26.334-0300,Refined,To Do,italo.siqueira,SQUAD_7,2026-04-01,2026-04-15,
BF3E4-3158,[RH - 3] Entidade: Vetorh - Dados de Colaboradores Parte 1 - TAMANHO: G,Story,2026-03-11T12:25:04.331-0300,2026-03-19T13:42:26.908-0300,IN REFINEMENT,Refined,italo.siqueira,SQUAD_7,2026-04-01,2026-04-15,
BF3E4-3158,[RH - 3] Entidade: Vetorh - Dados de Colaboradores Parte 1 - TAMANHO: G,Story,2026-03-11T12:25:04.331-0300,2026-03-19T13:42:23.539-0300,WAITING REFINEMENT,IN REFINEMENT,italo.siqueira,SQUAD_7,2026-04-01,2026-04-15,
BF3E4-3158,[RH - 3] Entidade: Vetorh - Dados de Colaboradores Parte 1 - TAMANHO: G,Story,2026-03-11T12:25:04.331-0300,2026-03-19T13:41:47.532-0300,Open,WAITING REFINEMENT,italo.siqueira,SQUAD_7,2026-04-01,2026-04-15,
BF3E4-3141,[RH - 1] Entidade: Vetorh - Estruturas Organizacionais Parte 1 - TAMANHO: G,Story,2026-03-11T12:23:09.301-0300,2026-04-24T16:32:54.749-0300,Test,Done,jean.malagi,SQUAD_7,2026-03-23,2026-04-06,
BF3E4-3141,[RH - 1] Entidade: Vetorh - Estruturas Organizacionais Parte 1 - TAMANHO: G,Story,2026-03-11T12:23:09.301-0300,2026-04-20T10:01:52.353-0300,Waiting Test,Test,jean.malagi,SQUAD_7,2026-03-23,2026-04-06,
BF3E4-3141,[RH - 1] Entidade: Vetorh - Estruturas Organizacionais Parte 1 - TAMANHO: G,Story,2026-03-11T12:23:09.301-0300,2026-04-16T09:59:10.971-0300,In Code Review,Waiting Test,italo.siqueira,SQUAD_7,2026-03-23,2026-04-06,
BF3E4-3141,[RH - 1] Entidade: Vetorh - Estruturas Organizacionais Parte 1 - TAMANHO: G,Story,2026-03-11T12:23:09.301-0300,2026-04-16T09:59:07.948-0300,WAITING CODE REVIEW,In Code Review,italo.siqueira,SQUAD_7,2026-03-23,2026-04-06,
BF3E4-3141,[RH - 1] Entidade: Vetorh - Estruturas Organizacionais Parte 1 - TAMANHO: G,Story,2026-03-11T12:23:09.301-0300,2026-04-16T09:58:46.237-0300,IN DEVELOPMENT,WAITING CODE REVIEW,italo.siqueira,SQUAD_7,2026-03-23,2026-04-06,
BF3E4-3141,[RH - 1] Entidade: Vetorh - Estruturas Organizacionais Parte 1 - TAMANHO: G,Story,2026-03-11T12:23:09.301-0300,2026-03-26T09:48:30.993-0300,To Do,IN DEVELOPMENT,italo.siqueira,SQUAD_7,2026-03-23,2026-04-06,
BF3E4-3141,[RH - 1] Entidade: Vetorh - Estruturas Organizacionais Parte 1 - TAMANHO: G,Story,2026-03-11T12:23:09.301-0300,2026-03-26T09:48:27.877-0300,Refined,To Do,italo.siqueira,SQUAD_7,2026-03-23,2026-04-06,
BF3E4-3141,[RH - 1] Entidade: Vetorh - Estruturas Organizacionais Parte 1 - TAMANHO: G,Story,2026-03-11T12:23:09.301-0300,2026-03-19T13:37:38.238-0300,IN REFINEMENT,Refined,italo.siqueira,SQUAD_7,2026-03-23,2026-04-06,
BF3E4-3141,[RH - 1] Entidade: Vetorh - Estruturas Organizacionais Parte 1 - TAMANHO: G,Story,2026-03-11T12:23:09.301-0300,2026-03-19T13:37:35.473-0300,WAITING REFINEMENT,IN REFINEMENT,italo.siqueira,SQUAD_7,2026-03-23,2026-04-06,
BF3E4-3141,[RH - 1] Entidade: Vetorh - Estruturas Organizacionais Parte 1 - TAMANHO: G,Story,2026-03-11T12:23:09.301-0300,2026-03-19T13:37:31.196-0300,Open,WAITING REFINEMENT,italo.siqueira,SQUAD_7,2026-03-23,2026-04-06,
BF3E4-3141,[RH - 1] Entidade: Vetorh - Estruturas Organizacionais Parte 1 - TAMANHO: G,Story,2026-03-11T12:23:09.301-0300,2026-03-19T13:37:26.972-0300,WAITING REFINEMENT,Open,italo.siqueira,SQUAD_7,2026-03-23,2026-04-06,
BF3E4-3141,[RH - 1] Entidade: Vetorh - Estruturas Organizacionais Parte 1 - TAMANHO: G,Story,2026-03-11T12:23:09.301-0300,2026-03-19T13:37:24.095-0300,Open,WAITING REFINEMENT,italo.siqueira,SQUAD_7,2026-03-23,2026-04-06,
BF3E4-3126,[RH - 2] Entidade: Vetorh - Cargos e Vínculos - TAMANHO: G,Story,2026-03-11T12:22:32.181-0300,2026-04-28T11:04:03.560-0300,Test,Done,jean.malagi,SQUAD_7,2026-04-01,2026-04-15,
BF3E4-3126,[RH - 2] Entidade: Vetorh - Cargos e Vínculos - TAMANHO: G,Story,2026-03-11T12:22:32.181-0300,2026-04-24T11:49:04.979-0300,Waiting Test,Test,jean.malagi,SQUAD_7,2026-04-01,2026-04-15,
BF3E4-3126,[RH - 2] Entidade: Vetorh - Cargos e Vínculos - TAMANHO: G,Story,2026-03-11T12:22:32.181-0300,2026-04-16T09:50:12.211-0300,In Code Review,Waiting Test,elivelto.anibolete,SQUAD_7,2026-04-01,2026-04-15,
BF3E4-3126,[RH - 2] Entidade: Vetorh - Cargos e Vínculos - TAMANHO: G,Story,2026-03-11T12:22:32.181-0300,2026-04-16T09:50:08.514-0300,WAITING CODE REVIEW,In Code Review,elivelto.anibolete,SQUAD_7,2026-04-01,2026-04-15,
BF3E4-3126,[RH - 2] Entidade: Vetorh - Cargos e Vínculos - TAMANHO: G,Story,2026-03-11T12:22:32.181-0300,2026-04-16T09:49:59.568-0300,IN DEVELOPMENT,WAITING CODE REVIEW,elivelto.anibolete,SQUAD_7,2026-04-01,2026-04-15,
BF3E4-3126,[RH - 2] Entidade: Vetorh - Cargos e Vínculos - TAMANHO: G,Story,2026-03-11T12:22:32.181-0300,2026-03-27T09:54:58.684-0300,To Do,IN DEVELOPMENT,italo.siqueira,SQUAD_7,2026-04-01,2026-04-15,
BF3E4-3126,[RH - 2] Entidade: Vetorh - Cargos e Vínculos - TAMANHO: G,Story,2026-03-11T12:22:32.181-0300,2026-03-27T09:54:54.785-0300,Refined,To Do,italo.siqueira,SQUAD_7,2026-04-01,2026-04-15,
BF3E4-3126,[RH - 2] Entidade: Vetorh - Cargos e Vínculos - TAMANHO: G,Story,2026-03-11T12:22:32.181-0300,2026-03-19T13:38:48.687-0300,IN REFINEMENT,Refined,italo.siqueira,SQUAD_7,2026-04-01,2026-04-15,
BF3E4-3126,[RH - 2] Entidade: Vetorh - Cargos e Vínculos - TAMANHO: G,Story,2026-03-11T12:22:32.181-0300,2026-03-19T13:38:41.626-0300,WAITING REFINEMENT,IN REFINEMENT,italo.siqueira,SQUAD_7,2026-04-01,2026-04-15,
BF3E4-3126,[RH - 2] Entidade: Vetorh - Cargos e Vínculos - TAMANHO: G,Story,2026-03-11T12:22:32.181-0300,2026-03-19T13:37:50.403-0300,Open,WAITING REFINEMENT,italo.siqueira,SQUAD_7,2026-04-01,2026-04-15,
BF3E4-5758,[SHARED SERVICES - 128] Entidade: Tabelas e Views Manuais Restantes - TAMANHO: G,Story,2026-03-16T10:53:02.384-0300,2026-05-22T16:01:53.235-0300,Waiting Test,Test,ana.santos22,SQUAD_1,2026-05-12,2026-05-20,
BF3E4-5758,[SHARED SERVICES - 128] Entidade: Tabelas e Views Manuais Restantes - TAMANHO: G,Story,2026-03-16T10:53:02.384-0300,2026-05-21T13:56:49.675-0300,IN DEVELOPMENT,Waiting Test,artur.mariano,SQUAD_1,2026-05-12,2026-05-20,
BF3E4-5758,[SHARED SERVICES - 128] Entidade: Tabelas e Views Manuais Restantes - TAMANHO: G,Story,2026-03-16T10:53:02.384-0300,2026-05-13T16:46:21.525-0300,To Do,IN DEVELOPMENT,larissa.sotelo,SQUAD_1,2026-05-12,2026-05-20,
BF3E4-5758,[SHARED SERVICES - 128] Entidade: Tabelas e Views Manuais Restantes - TAMANHO: G,Story,2026-03-16T10:53:02.384-0300,2026-05-09T10:09:27.742-0300,Refined,To Do,jose.draszewski,SQUAD_1,2026-05-12,2026-05-20,
BF3E4-5758,[SHARED SERVICES - 128] Entidade: Tabelas e Views Manuais Restantes - TAMANHO: G,Story,2026-03-16T10:53:02.384-0300,2026-04-22T21:32:52.504-0300,IN REFINEMENT,Refined,artur.mariano,SQUAD_1,2026-05-12,2026-05-20,
BF3E4-5758,[SHARED SERVICES - 128] Entidade: Tabelas e Views Manuais Restantes - TAMANHO: G,Story,2026-03-16T10:53:02.384-0300,2026-04-22T21:32:49.784-0300,WAITING REFINEMENT,IN REFINEMENT,artur.mariano,SQUAD_1,2026-05-12,2026-05-20,
BF3E4-5758,[SHARED SERVICES - 128] Entidade: Tabelas e Views Manuais Restantes - TAMANHO: G,Story,2026-03-16T10:53:02.384-0300,2026-04-22T21:32:43.362-0300,Open,WAITING REFINEMENT,artur.mariano,SQUAD_1,2026-05-12,2026-05-20,
BF3E4-5746,[SHARED SERVICES - 127] Entidade: Tabelas Manuais - FSE_TAX - TAMANHO: G,Story,2026-03-16T10:52:40.149-0300,2026-05-13T17:43:20.947-0300,To Do,Canceled,jose.draszewski,SQUAD_1,2026-05-11,2026-05-22,
BF3E4-5746,[SHARED SERVICES - 127] Entidade: Tabelas Manuais - FSE_TAX - TAMANHO: G,Story,2026-03-16T10:52:40.149-0300,2026-05-09T10:09:23.746-0300,Refined,To Do,jose.draszewski,SQUAD_1,2026-05-11,2026-05-22,
BF3E4-5746,[SHARED SERVICES - 127] Entidade: Tabelas Manuais - FSE_TAX - TAMANHO: G,Story,2026-03-16T10:52:40.149-0300,2026-04-22T21:38:25.580-0300,IN REFINEMENT,Refined,artur.mariano,SQUAD_1,2026-05-11,2026-05-22,
BF3E4-5746,[SHARED SERVICES - 127] Entidade: Tabelas Manuais - FSE_TAX - TAMANHO: G,Story,2026-03-16T10:52:40.149-0300,2026-04-22T21:38:22.804-0300,WAITING REFINEMENT,IN REFINEMENT,artur.mariano,SQUAD_1,2026-05-11,2026-05-22,
BF3E4-5746,[SHARED SERVICES - 127] Entidade: Tabelas Manuais - FSE_TAX - TAMANHO: G,Story,2026-03-16T10:52:40.149-0300,2026-04-22T21:38:20.125-0300,Open,WAITING REFINEMENT,artur.mariano,SQUAD_1,2026-05-11,2026-05-22,
BF3E4-5739,[SHARED SERVICES - 126] Entidade: Tabelas e View Manuais - FSE_PI - TAMANHO: M,Story,2026-03-16T10:52:25.869-0300,2026-05-19T14:14:03.925-0300,Test,Done,ana.santos22,SQUAD_1,2026-05-11,2026-05-15,
BF3E4-5739,[SHARED SERVICES - 126] Entidade: Tabelas e View Manuais - FSE_PI - TAMANHO: M,Story,2026-03-16T10:52:25.869-0300,2026-05-18T15:21:49.689-0300,Waiting Test,Test,ana.santos22,SQUAD_1,2026-05-11,2026-05-15,
BF3E4-5739,[SHARED SERVICES - 126] Entidade: Tabelas e View Manuais - FSE_PI - TAMANHO: M,Story,2026-03-16T10:52:25.869-0300,2026-05-18T08:48:53.312-0300,IN DEVELOPMENT,Waiting Test,jose.souto2,SQUAD_1,2026-05-11,2026-05-15,
BF3E4-5739,[SHARED SERVICES - 126] Entidade: Tabelas e View Manuais - FSE_PI - TAMANHO: M,Story,2026-03-16T10:52:25.869-0300,2026-05-12T17:36:59.097-0300,To Do,IN DEVELOPMENT,jose.souto2,SQUAD_1,2026-05-11,2026-05-15,
BF3E4-5739,[SHARED SERVICES - 126] Entidade: Tabelas e View Manuais - FSE_PI - TAMANHO: M,Story,2026-03-16T10:52:25.869-0300,2026-05-09T10:09:21.559-0300,Refined,To Do,jose.draszewski,SQUAD_1,2026-05-11,2026-05-15,
BF3E4-5739,[SHARED SERVICES - 126] Entidade: Tabelas e View Manuais - FSE_PI - TAMANHO: M,Story,2026-03-16T10:52:25.869-0300,2026-04-22T21:32:33.828-0300,IN REFINEMENT,Refined,artur.mariano,SQUAD_1,2026-05-11,2026-05-15,
BF3E4-5739,[SHARED SERVICES - 126] Entidade: Tabelas e View Manuais - FSE_PI - TAMANHO: M,Story,2026-03-16T10:52:25.869-0300,2026-04-22T21:32:31.639-0300,WAITING REFINEMENT,IN REFINEMENT,artur.mariano,SQUAD_1,2026-05-11,2026-05-15,
BF3E4-5739,[SHARED SERVICES - 126] Entidade: Tabelas e View Manuais - FSE_PI - TAMANHO: M,Story,2026-03-16T10:52:25.869-0300,2026-04-22T21:32:28.922-0300,Open,WAITING REFINEMENT,artur.mariano,SQUAD_1,2026-05-11,2026-05-15,
BF3E4-5729,[SHARED SERVICES - 125] Entidade: Tabelas Manuais - FSE_HRS Lote 2 - TAMANHO: G,Story,2026-03-16T10:52:07.656-0300,2026-05-20T16:58:57.888-0300,Test,Done,ana.santos22,SQUAD_1,2026-05-11,2026-05-20,
BF3E4-5729,[SHARED SERVICES - 125] Entidade: Tabelas Manuais - FSE_HRS Lote 2 - TAMANHO: G,Story,2026-03-16T10:52:07.656-0300,2026-05-19T14:15:40.599-0300,Waiting Test,Test,ana.santos22,SQUAD_1,2026-05-11,2026-05-20,
BF3E4-5729,[SHARED SERVICES - 125] Entidade: Tabelas Manuais - FSE_HRS Lote 2 - TAMANHO: G,Story,2026-03-16T10:52:07.656-0300,2026-05-19T09:19:16.430-0300,IN DEVELOPMENT,Waiting Test,alan.correa,SQUAD_1,2026-05-11,2026-05-20,
BF3E4-5729,[SHARED SERVICES - 125] Entidade: Tabelas Manuais - FSE_HRS Lote 2 - TAMANHO: G,Story,2026-03-16T10:52:07.656-0300,2026-05-14T11:18:33.750-0300,To Do,IN DEVELOPMENT,jose.souto2,SQUAD_1,2026-05-11,2026-05-20,
BF3E4-5729,[SHARED SERVICES - 125] Entidade: Tabelas Manuais - FSE_HRS Lote 2 - TAMANHO: G,Story,2026-03-16T10:52:07.656-0300,2026-05-09T10:09:18.671-0300,Refined,To Do,jose.draszewski,SQUAD_1,2026-05-11,2026-05-20,
BF3E4-5729,[SHARED SERVICES - 125] Entidade: Tabelas Manuais - FSE_HRS Lote 2 - TAMANHO: G,Story,2026-03-16T10:52:07.656-0300,2026-04-22T21:32:09.187-0300,IN REFINEMENT,Refined,artur.mariano,SQUAD_1,2026-05-11,2026-05-20,
BF3E4-5729,[SHARED SERVICES - 125] Entidade: Tabelas Manuais - FSE_HRS Lote 2 - TAMANHO: G,Story,2026-03-16T10:52:07.656-0300,2026-04-22T21:32:06.988-0300,WAITING REFINEMENT,IN REFINEMENT,artur.mariano,SQUAD_1,2026-05-11,2026-05-20,
BF3E4-5729,[SHARED SERVICES - 125] Entidade: Tabelas Manuais - FSE_HRS Lote 2 - TAMANHO: G,Story,2026-03-16T10:52:07.656-0300,2026-04-22T21:32:03.784-0300,Open,WAITING REFINEMENT,artur.mariano,SQUAD_1,2026-05-11,2026-05-20,
BF3E4-5717,[SHARED SERVICES - 124] Entidade: Tabelas Manuais - FSE_HRS - TAMANHO: G,Story,2026-03-16T10:51:43.876-0300,2026-05-22T20:05:25.471-0300,Test,Done,natanael.rabelo,SQUAD_1,2026-05-11,2026-05-22,
BF3E4-5717,[SHARED SERVICES - 124] Entidade: Tabelas Manuais - FSE_HRS - TAMANHO: G,Story,2026-03-16T10:51:43.876-0300,2026-05-22T12:16:26.308-0300,Waiting Test,Test,natanael.rabelo,SQUAD_1,2026-05-11,2026-05-22,
BF3E4-5717,[SHARED SERVICES - 124] Entidade: Tabelas Manuais - FSE_HRS - TAMANHO: G,Story,2026-03-16T10:51:43.876-0300,2026-05-21T09:10:47.140-0300,IN DEVELOPMENT,Waiting Test,gabriela.bortoletto,SQUAD_1,2026-05-11,2026-05-22,
BF3E4-5717,[SHARED SERVICES - 124] Entidade: Tabelas Manuais - FSE_HRS - TAMANHO: G,Story,2026-03-16T10:51:43.876-0300,2026-05-14T22:33:43.225-0300,To Do,IN DEVELOPMENT,gabriela.bortoletto,SQUAD_1,2026-05-11,2026-05-22,
BF3E4-5717,[SHARED SERVICES - 124] Entidade: Tabelas Manuais - FSE_HRS - TAMANHO: G,Story,2026-03-16T10:51:43.876-0300,2026-05-09T10:09:15.183-0300,Refined,To Do,jose.draszewski,SQUAD_1,2026-05-11,2026-05-22,
BF3E4-5717,[SHARED SERVICES - 124] Entidade: Tabelas Manuais - FSE_HRS - TAMANHO: G,Story,2026-03-16T10:51:43.876-0300,2026-04-22T21:31:54.732-0300,IN REFINEMENT,Refined,artur.mariano,SQUAD_1,2026-05-11,2026-05-22,
BF3E4-5717,[SHARED SERVICES - 124] Entidade: Tabelas Manuais - FSE_HRS - TAMANHO: G,Story,2026-03-16T10:51:43.876-0300,2026-04-22T21:31:49.903-0300,WAITING REFINEMENT,IN REFINEMENT,artur.mariano,SQUAD_1,2026-05-11,2026-05-22,
BF3E4-5717,[SHARED SERVICES - 124] Entidade: Tabelas Manuais - FSE_HRS - TAMANHO: G,Story,2026-03-16T10:51:43.876-0300,2026-04-22T21:31:46.164-0300,Open,WAITING REFINEMENT,artur.mariano,SQUAD_1,2026-05-11,2026-05-22,
BF3E4-5705,[SHARED SERVICES - 123] Entidade: Tabelas Manuais - FSE_HR e FSE_HRS - TAMANHO: G,Story,2026-03-16T10:51:22.491-0300,2026-05-23T18:59:03.767-0300,Test,Done,ana.santos22,SQUAD_1,2026-05-08,2026-05-21,
BF3E4-5705,[SHARED SERVICES - 123] Entidade: Tabelas Manuais - FSE_HR e FSE_HRS - TAMANHO: G,Story,2026-03-16T10:51:22.491-0300,2026-05-23T10:16:34.837-0300,Waiting Test,Test,ana.santos22,SQUAD_1,2026-05-08,2026-05-21,
BF3E4-5705,[SHARED SERVICES - 123] Entidade: Tabelas Manuais - FSE_HR e FSE_HRS - TAMANHO: G,Story,2026-03-16T10:51:22.491-0300,2026-05-22T09:23:43.636-0300,IN DEVELOPMENT,Waiting Test,jose.draszewski,SQUAD_1,2026-05-08,2026-05-21,
BF3E4-5705,[SHARED SERVICES - 123] Entidade: Tabelas Manuais - FSE_HR e FSE_HRS - TAMANHO: G,Story,2026-03-16T10:51:22.491-0300,2026-05-15T09:20:36.187-0300,To Do,IN DEVELOPMENT,antonio.tiburtino,SQUAD_1,2026-05-08,2026-05-21,
BF3E4-5705,[SHARED SERVICES - 123] Entidade: Tabelas Manuais - FSE_HR e FSE_HRS - TAMANHO: G,Story,2026-03-16T10:51:22.491-0300,2026-05-09T10:09:11.874-0300,Refined,To Do,jose.draszewski,SQUAD_1,2026-05-08,2026-05-21,
BF3E4-5705,[SHARED SERVICES - 123] Entidade: Tabelas Manuais - FSE_HR e FSE_HRS - TAMANHO: G,Story,2026-03-16T10:51:22.491-0300,2026-04-22T21:31:16.704-0300,IN REFINEMENT,Refined,artur.mariano,SQUAD_1,2026-05-08,2026-05-21,
BF3E4-5705,[SHARED SERVICES - 123] Entidade: Tabelas Manuais - FSE_HR e FSE_HRS - TAMANHO: G,Story,2026-03-16T10:51:22.491-0300,2026-04-22T21:31:14.474-0300,WAITING REFINEMENT,IN REFINEMENT,artur.mariano,SQUAD_1,2026-05-08,2026-05-21,
BF3E4-5705,[SHARED SERVICES - 123] Entidade: Tabelas Manuais - FSE_HR e FSE_HRS - TAMANHO: G,Story,2026-03-16T10:51:22.491-0300,2026-04-22T21:31:12.038-0300,Open,WAITING REFINEMENT,artur.mariano,SQUAD_1,2026-05-08,2026-05-21,
BF3E4-5695,[SHARED SERVICES - 122] Entidade: Tabelas Manuais - CIW - TAMANHO: G,Story,2026-03-16T10:51:02.779-0300,2026-05-23T10:13:51.649-0300,Waiting Test,Test,natanael.rabelo,SQUAD_1,2026-05-08,2026-05-19,
BF3E4-5695,[SHARED SERVICES - 122] Entidade: Tabelas Manuais - CIW - TAMANHO: G,Story,2026-03-16T10:51:02.779-0300,2026-05-22T16:24:38.637-0300,IN DEVELOPMENT,Waiting Test,luis.simoes2,SQUAD_1,2026-05-08,2026-05-19,
BF3E4-5695,[SHARED SERVICES - 122] Entidade: Tabelas Manuais - CIW - TAMANHO: G,Story,2026-03-16T10:51:02.779-0300,2026-05-13T15:25:39.016-0300,To Do,IN DEVELOPMENT,luis.simoes2,SQUAD_1,2026-05-08,2026-05-19,
BF3E4-5695,[SHARED SERVICES - 122] Entidade: Tabelas Manuais - CIW - TAMANHO: G,Story,2026-03-16T10:51:02.779-0300,2026-05-09T10:09:07.905-0300,Refined,To Do,jose.draszewski,SQUAD_1,2026-05-08,2026-05-19,
BF3E4-5695,[SHARED SERVICES - 122] Entidade: Tabelas Manuais - CIW - TAMANHO: G,Story,2026-03-16T10:51:02.779-0300,2026-04-22T21:30:59.271-0300,IN REFINEMENT,Refined,artur.mariano,SQUAD_1,2026-05-08,2026-05-19,
BF3E4-5695,[SHARED SERVICES - 122] Entidade: Tabelas Manuais - CIW - TAMANHO: G,Story,2026-03-16T10:51:02.779-0300,2026-04-22T21:30:56.949-0300,WAITING REFINEMENT,IN REFINEMENT,artur.mariano,SQUAD_1,2026-05-08,2026-05-19,
BF3E4-5695,[SHARED SERVICES - 122] Entidade: Tabelas Manuais - CIW - TAMANHO: G,Story,2026-03-16T10:51:02.779-0300,2026-04-22T21:30:53.466-0300,Open,WAITING REFINEMENT,artur.mariano,SQUAD_1,2026-05-08,2026-05-19,
BF3E4-5695,[SHARED SERVICES - 122] Entidade: Tabelas Manuais - CIW - TAMANHO: G,Story,2026-03-16T10:51:02.779-0300,2026-04-22T21:30:48.117-0300,Canceled,Open,artur.mariano,SQUAD_1,2026-05-08,2026-05-19,
BF3E4-5695,[SHARED SERVICES - 122] Entidade: Tabelas Manuais - CIW - TAMANHO: G,Story,2026-03-16T10:51:02.779-0300,2026-04-22T21:30:45.553-0300,To Do,Canceled,artur.mariano,SQUAD_1,2026-05-08,2026-05-19,
BF3E4-5695,[SHARED SERVICES - 122] Entidade: Tabelas Manuais - CIW - TAMANHO: G,Story,2026-03-16T10:51:02.779-0300,2026-04-22T21:30:36.965-0300,Refined,To Do,artur.mariano,SQUAD_1,2026-05-08,2026-05-19,
BF3E4-5695,[SHARED SERVICES - 122] Entidade: Tabelas Manuais - CIW - TAMANHO: G,Story,2026-03-16T10:51:02.779-0300,2026-04-22T21:30:31.909-0300,IN REFINEMENT,Refined,artur.mariano,SQUAD_1,2026-05-08,2026-05-19,
BF3E4-5685,[SHARED SERVICES - 121] Entidade: Tabelas Manuais - Staging_CIW - TAMANHO: G,Story,2026-03-16T10:50:42.385-0300,2026-05-23T10:15:06.146-0300,Test,Done,ana.santos22,SQUAD_1,2026-05-08,2026-05-19,
BF3E4-5685,[SHARED SERVICES - 121] Entidade: Tabelas Manuais - Staging_CIW - TAMANHO: G,Story,2026-03-16T10:50:42.385-0300,2026-05-22T19:26:45.587-0300,Waiting Test,Test,ana.santos22,SQUAD_1,2026-05-08,2026-05-19,
BF3E4-5685,[SHARED SERVICES - 121] Entidade: Tabelas Manuais - Staging_CIW - TAMANHO: G,Story,2026-03-16T10:50:42.385-0300,2026-05-22T15:39:58.215-0300,IN DEVELOPMENT,Waiting Test,caio.fascina,SQUAD_1,2026-05-08,2026-05-19,
BF3E4-5685,[SHARED SERVICES - 121] Entidade: Tabelas Manuais - Staging_CIW - TAMANHO: G,Story,2026-03-16T10:50:42.385-0300,2026-05-14T09:38:00.987-0300,To Do,IN DEVELOPMENT,jose.draszewski,SQUAD_1,2026-05-08,2026-05-19,
BF3E4-5685,[SHARED SERVICES - 121] Entidade: Tabelas Manuais - Staging_CIW - TAMANHO: G,Story,2026-03-16T10:50:42.385-0300,2026-05-11T16:07:45.718-0300,Refined,To Do,jose.draszewski,SQUAD_1,2026-05-08,2026-05-19,
BF3E4-5685,[SHARED SERVICES - 121] Entidade: Tabelas Manuais - Staging_CIW - TAMANHO: G,Story,2026-03-16T10:50:42.385-0300,2026-05-11T16:07:42.700-0300,IN REFINEMENT,Refined,jose.draszewski,SQUAD_1,2026-05-08,2026-05-19,
BF3E4-5685,[SHARED SERVICES - 121] Entidade: Tabelas Manuais - Staging_CIW - TAMANHO: G,Story,2026-03-16T10:50:42.385-0300,2026-05-11T16:07:39.429-0300,WAITING REFINEMENT,IN REFINEMENT,jose.draszewski,SQUAD_1,2026-05-08,2026-05-19,
BF3E4-5685,[SHARED SERVICES - 121] Entidade: Tabelas Manuais - Staging_CIW - TAMANHO: G,Story,2026-03-16T10:50:42.385-0300,2026-05-11T16:07:36.022-0300,Open,WAITING REFINEMENT,jose.draszewski,SQUAD_1,2026-05-08,2026-05-19,
BF3E4-5685,[SHARED SERVICES - 121] Entidade: Tabelas Manuais - Staging_CIW - TAMANHO: G,Story,2026-03-16T10:50:42.385-0300,2026-05-11T16:07:32.704-0300,WAITING REFINEMENT,Open,jose.draszewski,SQUAD_1,2026-05-08,2026-05-19,
BF3E4-5685,[SHARED SERVICES - 121] Entidade: Tabelas Manuais - Staging_CIW - TAMANHO: G,Story,2026-03-16T10:50:42.385-0300,2026-05-11T16:07:29.963-0300,Open,WAITING REFINEMENT,jose.draszewski,SQUAD_1,2026-05-08,2026-05-19,
BF3E4-5685,[SHARED SERVICES - 121] Entidade: Tabelas Manuais - Staging_CIW - TAMANHO: G,Story,2026-03-16T10:50:42.385-0300,2026-05-11T16:07:27.239-0300,Canceled,Open,jose.draszewski,SQUAD_1,2026-05-08,2026-05-19,
BF3E4-5685,[SHARED SERVICES - 121] Entidade: Tabelas Manuais - Staging_CIW - TAMANHO: G,Story,2026-03-16T10:50:42.385-0300,2026-05-09T10:08:58.523-0300,Open,Canceled,jose.draszewski,SQUAD_1,2026-05-08,2026-05-19,
BF3E4-5685,[SHARED SERVICES - 121] Entidade: Tabelas Manuais - Staging_CIW - TAMANHO: G,Story,2026-03-16T10:50:42.385-0300,2026-05-09T10:08:51.259-0300,WAITING REFINEMENT,Open,jose.draszewski,SQUAD_1,2026-05-08,2026-05-19,
BF3E4-5685,[SHARED SERVICES - 121] Entidade: Tabelas Manuais - Staging_CIW - TAMANHO: G,Story,2026-03-16T10:50:42.385-0300,2026-05-09T10:08:44.469-0300,Open,WAITING REFINEMENT,jose.draszewski,SQUAD_1,2026-05-08,2026-05-19,
BF3E4-5679,"[SHARED SERVICES - 120] Entidade: WORKFORCE ANALYTICS - Views de Hiring, Turnover e Check Erros - TAMANHO: P",Story,2026-03-16T10:50:27.345-0300,2026-05-12T15:16:18.798-0300,To Do,Canceled,jose.draszewski,SQUAD_1,2026-05-08,2026-05-12,
BF3E4-5679,"[SHARED SERVICES - 120] Entidade: WORKFORCE ANALYTICS - Views de Hiring, Turnover e Check Erros - TAMANHO: P",Story,2026-03-16T10:50:27.345-0300,2026-05-09T10:08:41.600-0300,Refined,To Do,jose.draszewski,SQUAD_1,2026-05-08,2026-05-12,
BF3E4-5679,"[SHARED SERVICES - 120] Entidade: WORKFORCE ANALYTICS - Views de Hiring, Turnover e Check Erros - TAMANHO: P",Story,2026-03-16T10:50:27.345-0300,2026-04-22T21:33:27.160-0300,IN REFINEMENT,Refined,artur.mariano,SQUAD_1,2026-05-08,2026-05-12,
BF3E4-5679,"[SHARED SERVICES - 120] Entidade: WORKFORCE ANALYTICS - Views de Hiring, Turnover e Check Erros - TAMANHO: P",Story,2026-03-16T10:50:27.345-0300,2026-04-22T21:33:24.965-0300,WAITING REFINEMENT,IN REFINEMENT,artur.mariano,SQUAD_1,2026-05-08,2026-05-12,
BF3E4-5679,"[SHARED SERVICES - 120] Entidade: WORKFORCE ANALYTICS - Views de Hiring, Turnover e Check Erros - TAMANHO: P",Story,2026-03-16T10:50:27.345-0300,2026-04-22T21:33:21.780-0300,Open,WAITING REFINEMENT,artur.mariano,SQUAD_1,2026-05-08,2026-05-12,
BF3E4-5675,[SHARED SERVICES - 119] Entidade: TALENT MANAGEMENT - View de Turnover Enterview - TAMANHO: P,Story,2026-03-16T10:50:16.164-0300,2026-05-12T15:27:54.449-0300,To Do,Canceled,jose.draszewski,SQUAD_1,2026-05-08,2026-05-08,
BF3E4-5675,[SHARED SERVICES - 119] Entidade: TALENT MANAGEMENT - View de Turnover Enterview - TAMANHO: P,Story,2026-03-16T10:50:16.164-0300,2026-05-09T10:08:39.112-0300,Refined,To Do,jose.draszewski,SQUAD_1,2026-05-08,2026-05-08,
BF3E4-5675,[SHARED SERVICES - 119] Entidade: TALENT MANAGEMENT - View de Turnover Enterview - TAMANHO: P,Story,2026-03-16T10:50:16.164-0300,2026-04-22T21:33:54.586-0300,IN REFINEMENT,Refined,artur.mariano,SQUAD_1,2026-05-08,2026-05-08,
BF3E4-5675,[SHARED SERVICES - 119] Entidade: TALENT MANAGEMENT - View de Turnover Enterview - TAMANHO: P,Story,2026-03-16T10:50:16.164-0300,2026-04-22T21:33:52.545-0300,WAITING REFINEMENT,IN REFINEMENT,artur.mariano,SQUAD_1,2026-05-08,2026-05-08,
BF3E4-5675,[SHARED SERVICES - 119] Entidade: TALENT MANAGEMENT - View de Turnover Enterview - TAMANHO: P,Story,2026-03-16T10:50:16.164-0300,2026-04-22T21:33:50.408-0300,Open,WAITING REFINEMENT,artur.mariano,SQUAD_1,2026-05-08,2026-05-08,
BF3E4-5671,[SHARED SERVICES - 118] Entidade: TALENT ACQUISITION - View de Turnover - TAMANHO: P,Story,2026-03-16T10:50:05.771-0300,2026-05-13T10:28:44.895-0300,Test,Done,ana.santos22,SQUAD_1,2026-05-08,2026-05-08,
BF3E4-5671,[SHARED SERVICES - 118] Entidade: TALENT ACQUISITION - View de Turnover - TAMANHO: P,Story,2026-03-16T10:50:05.771-0300,2026-05-13T09:42:08.861-0300,Waiting Test,Test,ana.santos22,SQUAD_1,2026-05-08,2026-05-08,
BF3E4-5671,[SHARED SERVICES - 118] Entidade: TALENT ACQUISITION - View de Turnover - TAMANHO: P,Story,2026-03-16T10:50:05.771-0300,2026-05-12T15:55:49.635-0300,IN DEVELOPMENT,Waiting Test,jose.souto2,SQUAD_1,2026-05-08,2026-05-08,
BF3E4-5671,[SHARED SERVICES - 118] Entidade: TALENT ACQUISITION - View de Turnover - TAMANHO: P,Story,2026-03-16T10:50:05.771-0300,2026-05-12T10:23:38.976-0300,To Do,IN DEVELOPMENT,jose.souto2,SQUAD_1,2026-05-08,2026-05-08,
BF3E4-5671,[SHARED SERVICES - 118] Entidade: TALENT ACQUISITION - View de Turnover - TAMANHO: P,Story,2026-03-16T10:50:05.771-0300,2026-05-09T10:08:36.876-0300,Refined,To Do,jose.draszewski,SQUAD_1,2026-05-08,2026-05-08,
BF3E4-5671,[SHARED SERVICES - 118] Entidade: TALENT ACQUISITION - View de Turnover - TAMANHO: P,Story,2026-03-16T10:50:05.771-0300,2026-04-22T21:34:24.455-0300,IN REFINEMENT,Refined,artur.mariano,SQUAD_1,2026-05-08,2026-05-08,
BF3E4-5671,[SHARED SERVICES - 118] Entidade: TALENT ACQUISITION - View de Turnover - TAMANHO: P,Story,2026-03-16T10:50:05.771-0300,2026-04-22T21:34:21.182-0300,WAITING REFINEMENT,IN REFINEMENT,artur.mariano,SQUAD_1,2026-05-08,2026-05-08,
BF3E4-5671,[SHARED SERVICES - 118] Entidade: TALENT ACQUISITION - View de Turnover - TAMANHO: P,Story,2026-03-16T10:50:05.771-0300,2026-04-22T21:34:18.454-0300,Open,WAITING REFINEMENT,artur.mariano,SQUAD_1,2026-05-08,2026-05-08,
BF3E4-5667,[SHARED SERVICES - 117] Entidade: REAL STATE - View de Headcount Site - TAMANHO: P,Story,2026-03-16T10:49:55.950-0300,2026-05-15T15:38:54.862-0300,IN DEVELOPMENT,Canceled,jose.draszewski,SQUAD_1,2026-05-07,2026-05-07,
BF3E4-5667,[SHARED SERVICES - 117] Entidade: REAL STATE - View de Headcount Site - TAMANHO: P,Story,2026-03-16T10:49:55.950-0300,2026-05-12T17:40:07.976-0300,To Do,IN DEVELOPMENT,gabriela.bortoletto,SQUAD_1,2026-05-07,2026-05-07,
BF3E4-5667,[SHARED SERVICES - 117] Entidade: REAL STATE - View de Headcount Site - TAMANHO: P,Story,2026-03-16T10:49:55.950-0300,2026-05-09T10:08:34.657-0300,Refined,To Do,jose.draszewski,SQUAD_1,2026-05-07,2026-05-07,
BF3E4-5667,[SHARED SERVICES - 117] Entidade: REAL STATE - View de Headcount Site - TAMANHO: P,Story,2026-03-16T10:49:55.950-0300,2026-04-22T21:35:35.022-0300,IN REFINEMENT,Refined,artur.mariano,SQUAD_1,2026-05-07,2026-05-07,
BF3E4-5667,[SHARED SERVICES - 117] Entidade: REAL STATE - View de Headcount Site - TAMANHO: P,Story,2026-03-16T10:49:55.950-0300,2026-04-22T21:35:31.471-0300,WAITING REFINEMENT,IN REFINEMENT,artur.mariano,SQUAD_1,2026-05-07,2026-05-07,
BF3E4-5667,[SHARED SERVICES - 117] Entidade: REAL STATE - View de Headcount Site - TAMANHO: P,Story,2026-03-16T10:49:55.950-0300,2026-04-22T21:35:27.746-0300,Open,WAITING REFINEMENT,artur.mariano,SQUAD_1,2026-05-07,2026-05-07,
BF3E4-5660,[SHARED SERVICES - 116] Entidade: ORG DESIGN ANALYTICS - View de Masterfile - TAMANHO: M,Story,2026-03-16T10:49:41.181-0300,2026-05-12T15:22:41.685-0300,To Do,Canceled,jose.draszewski,SQUAD_1,2026-05-07,2026-05-12,
BF3E4-5660,[SHARED SERVICES - 116] Entidade: ORG DESIGN ANALYTICS - View de Masterfile - TAMANHO: M,Story,2026-03-16T10:49:41.181-0300,2026-05-09T10:08:32.452-0300,Refined,To Do,jose.draszewski,SQUAD_1,2026-05-07,2026-05-12,
BF3E4-5660,[SHARED SERVICES - 116] Entidade: ORG DESIGN ANALYTICS - View de Masterfile - TAMANHO: M,Story,2026-03-16T10:49:41.181-0300,2026-04-22T21:36:36.371-0300,IN REFINEMENT,Refined,artur.mariano,SQUAD_1,2026-05-07,2026-05-12,
BF3E4-5660,[SHARED SERVICES - 116] Entidade: ORG DESIGN ANALYTICS - View de Masterfile - TAMANHO: M,Story,2026-03-16T10:49:41.181-0300,2026-04-22T21:36:33.500-0300,WAITING REFINEMENT,IN REFINEMENT,artur.mariano,SQUAD_1,2026-05-07,2026-05-12,
BF3E4-5660,[SHARED SERVICES - 116] Entidade: ORG DESIGN ANALYTICS - View de Masterfile - TAMANHO: M,Story,2026-03-16T10:49:41.181-0300,2026-04-22T21:36:30.738-0300,Open,WAITING REFINEMENT,artur.mariano,SQUAD_1,2026-05-07,2026-05-12,
BF3E4-5656,[SHARED SERVICES - 115] Entidade: MANUFATURA ICT - View de Email Bluecollar - TAMANHO: P,Story,2026-03-16T10:49:32.067-0300,2026-05-12T15:14:10.640-0300,To Do,Canceled,jose.draszewski,SQUAD_1,2026-05-07,2026-05-07,
BF3E4-5656,[SHARED SERVICES - 115] Entidade: MANUFATURA ICT - View de Email Bluecollar - TAMANHO: P,Story,2026-03-16T10:49:32.067-0300,2026-05-09T10:08:26.052-0300,Refined,To Do,jose.draszewski,SQUAD_1,2026-05-07,2026-05-07,
BF3E4-5656,[SHARED SERVICES - 115] Entidade: MANUFATURA ICT - View de Email Bluecollar - TAMANHO: P,Story,2026-03-16T10:49:32.067-0300,2026-04-22T21:37:08.506-0300,IN REFINEMENT,Refined,artur.mariano,SQUAD_1,2026-05-07,2026-05-07,
BF3E4-5656,[SHARED SERVICES - 115] Entidade: MANUFATURA ICT - View de Email Bluecollar - TAMANHO: P,Story,2026-03-16T10:49:32.067-0300,2026-04-22T21:37:06.027-0300,WAITING REFINEMENT,IN REFINEMENT,artur.mariano,SQUAD_1,2026-05-07,2026-05-07,
BF3E4-5656,[SHARED SERVICES - 115] Entidade: MANUFATURA ICT - View de Email Bluecollar - TAMANHO: P,Story,2026-03-16T10:49:32.067-0300,2026-04-22T21:37:03.901-0300,Open,WAITING REFINEMENT,artur.mariano,SQUAD_1,2026-05-07,2026-05-07,
BF3E4-5650,[SHARED SERVICES - 114] Entidade: MANUFATURA ANALYTICS - Views de Manufacturing - TAMANHO: P,Story,2026-03-16T10:49:19.286-0300,2026-05-18T15:21:15.609-0300,Test,Done,ana.santos22,SQUAD_1,2026-05-07,2026-05-11,
BF3E4-5650,[SHARED SERVICES - 114] Entidade: MANUFATURA ANALYTICS - Views de Manufacturing - TAMANHO: P,Story,2026-03-16T10:49:19.286-0300,2026-05-18T09:49:05.928-0300,Waiting Test,Test,ana.santos22,SQUAD_1,2026-05-07,2026-05-11,
BF3E4-5650,[SHARED SERVICES - 114] Entidade: MANUFATURA ANALYTICS - Views de Manufacturing - TAMANHO: P,Story,2026-03-16T10:49:19.286-0300,2026-05-15T15:41:00.124-0300,IN DEVELOPMENT,Waiting Test,jose.draszewski,SQUAD_1,2026-05-07,2026-05-11,
BF3E4-5650,[SHARED SERVICES - 114] Entidade: MANUFATURA ANALYTICS - Views de Manufacturing - TAMANHO: P,Story,2026-03-16T10:49:19.286-0300,2026-05-15T09:46:39.725-0300,To Do,IN DEVELOPMENT,alan.correa,SQUAD_1,2026-05-07,2026-05-11,
BF3E4-5650,[SHARED SERVICES - 114] Entidade: MANUFATURA ANALYTICS - Views de Manufacturing - TAMANHO: P,Story,2026-03-16T10:49:19.286-0300,2026-05-15T09:46:37.529-0300,Refined,To Do,alan.correa,SQUAD_1,2026-05-07,2026-05-11,
BF3E4-5650,[SHARED SERVICES - 114] Entidade: MANUFATURA ANALYTICS - Views de Manufacturing - TAMANHO: P,Story,2026-03-16T10:49:19.286-0300,2026-05-15T09:46:34.388-0300,IN REFINEMENT,Refined,alan.correa,SQUAD_1,2026-05-07,2026-05-11,
BF3E4-5650,[SHARED SERVICES - 114] Entidade: MANUFATURA ANALYTICS - Views de Manufacturing - TAMANHO: P,Story,2026-03-16T10:49:19.286-0300,2026-05-15T09:46:31.790-0300,WAITING REFINEMENT,IN REFINEMENT,alan.correa,SQUAD_1,2026-05-07,2026-05-11,
BF3E4-5650,[SHARED SERVICES - 114] Entidade: MANUFATURA ANALYTICS - Views de Manufacturing - TAMANHO: P,Story,2026-03-16T10:49:19.286-0300,2026-05-15T09:46:24.719-0300,Open,WAITING REFINEMENT,alan.correa,SQUAD_1,2026-05-07,2026-05-11,
BF3E4-5650,[SHARED SERVICES - 114] Entidade: MANUFATURA ANALYTICS - Views de Manufacturing - TAMANHO: P,Story,2026-03-16T10:49:19.286-0300,2026-05-15T09:46:10.556-0300,Canceled,Open,alan.correa,SQUAD_1,2026-05-07,2026-05-11,
BF3E4-5650,[SHARED SERVICES - 114] Entidade: MANUFATURA ANALYTICS - Views de Manufacturing - TAMANHO: P,Story,2026-03-16T10:49:19.286-0300,2026-05-15T09:46:08.124-0300,Test,Canceled,alan.correa,SQUAD_1,2026-05-07,2026-05-11,
BF3E4-5650,[SHARED SERVICES - 114] Entidade: MANUFATURA ANALYTICS - Views de Manufacturing - TAMANHO: P,Story,2026-03-16T10:49:19.286-0300,2026-05-15T09:46:04.396-0300,Waiting Test,Test,alan.correa,SQUAD_1,2026-05-07,2026-05-11,
BF3E4-5650,[SHARED SERVICES - 114] Entidade: MANUFATURA ANALYTICS - Views de Manufacturing - TAMANHO: P,Story,2026-03-16T10:49:19.286-0300,2026-05-15T09:45:46.595-0300,IN DEVELOPMENT,Waiting Test,alan.correa,SQUAD_1,2026-05-07,2026-05-11,
BF3E4-5650,[SHARED SERVICES - 114] Entidade: MANUFATURA ANALYTICS - Views de Manufacturing - TAMANHO: P,Story,2026-03-16T10:49:19.286-0300,2026-05-12T15:48:21.335-0300,To Do,IN DEVELOPMENT,alan.correa,SQUAD_1,2026-05-07,2026-05-11,
BF3E4-5650,[SHARED SERVICES - 114] Entidade: MANUFATURA ANALYTICS - Views de Manufacturing - TAMANHO: P,Story,2026-03-16T10:49:19.286-0300,2026-05-09T10:08:16.300-0300,Refined,To Do,jose.draszewski,SQUAD_1,2026-05-07,2026-05-11,
BF3E4-5646,[SHARED SERVICES - 113] Entidade: MANUFACTURING SCBU - View de Headcount SCBU - TAMANHO: P,Story,2026-03-16T10:49:06.899-0300,2026-05-21T09:46:12.339-0300,To Do,IN DEVELOPMENT,artur.mariano,SQUAD_1,2026-05-06,2026-05-06,
BF3E4-5646,[SHARED SERVICES - 113] Entidade: MANUFACTURING SCBU - View de Headcount SCBU - TAMANHO: P,Story,2026-03-16T10:49:06.899-0300,2026-05-21T09:46:09.643-0300,Refined,To Do,artur.mariano,SQUAD_1,2026-05-06,2026-05-06,
BF3E4-5646,[SHARED SERVICES - 113] Entidade: MANUFACTURING SCBU - View de Headcount SCBU - TAMANHO: P,Story,2026-03-16T10:49:06.899-0300,2026-05-21T09:46:07.140-0300,IN REFINEMENT,Refined,artur.mariano,SQUAD_1,2026-05-06,2026-05-06,
BF3E4-5646,[SHARED SERVICES - 113] Entidade: MANUFACTURING SCBU - View de Headcount SCBU - TAMANHO: P,Story,2026-03-16T10:49:06.899-0300,2026-05-21T09:46:03.986-0300,WAITING REFINEMENT,IN REFINEMENT,artur.mariano,SQUAD_1,2026-05-06,2026-05-06,
BF3E4-5646,[SHARED SERVICES - 113] Entidade: MANUFACTURING SCBU - View de Headcount SCBU - TAMANHO: P,Story,2026-03-16T10:49:06.899-0300,2026-05-21T09:46:00.555-0300,Open,WAITING REFINEMENT,artur.mariano,SQUAD_1,2026-05-06,2026-05-06,
BF3E4-5646,[SHARED SERVICES - 113] Entidade: MANUFACTURING SCBU - View de Headcount SCBU - TAMANHO: P,Story,2026-03-16T10:49:06.899-0300,2026-05-21T09:45:57.643-0300,Canceled,Open,artur.mariano,SQUAD_1,2026-05-06,2026-05-06,
BF3E4-5646,[SHARED SERVICES - 113] Entidade: MANUFACTURING SCBU - View de Headcount SCBU - TAMANHO: P,Story,2026-03-16T10:49:06.899-0300,2026-05-21T09:45:55.017-0300,Waiting Test,Canceled,artur.mariano,SQUAD_1,2026-05-06,2026-05-06,
BF3E4-5646,[SHARED SERVICES - 113] Entidade: MANUFACTURING SCBU - View de Headcount SCBU - TAMANHO: P,Story,2026-03-16T10:49:06.899-0300,2026-05-21T09:11:36.749-0300,IN DEVELOPMENT,Waiting Test,gabriela.bortoletto,SQUAD_1,2026-05-06,2026-05-06,
BF3E4-5646,[SHARED SERVICES - 113] Entidade: MANUFACTURING SCBU - View de Headcount SCBU - TAMANHO: P,Story,2026-03-16T10:49:06.899-0300,2026-05-13T19:15:00.740-0300,To Do,IN DEVELOPMENT,artur.mariano,SQUAD_1,2026-05-06,2026-05-06,
BF3E4-5646,[SHARED SERVICES - 113] Entidade: MANUFACTURING SCBU - View de Headcount SCBU - TAMANHO: P,Story,2026-03-16T10:49:06.899-0300,2026-05-13T19:14:54.158-0300,Refined,To Do,artur.mariano,SQUAD_1,2026-05-06,2026-05-06,
BF3E4-5646,[SHARED SERVICES - 113] Entidade: MANUFACTURING SCBU - View de Headcount SCBU - TAMANHO: P,Story,2026-03-16T10:49:06.899-0300,2026-05-13T19:14:47.746-0300,IN REFINEMENT,Refined,artur.mariano,SQUAD_1,2026-05-06,2026-05-06,
BF3E4-5646,[SHARED SERVICES - 113] Entidade: MANUFACTURING SCBU - View de Headcount SCBU - TAMANHO: P,Story,2026-03-16T10:49:06.899-0300,2026-05-13T19:14:42.226-0300,WAITING REFINEMENT,IN REFINEMENT,artur.mariano,SQUAD_1,2026-05-06,2026-05-06,
BF3E4-5646,[SHARED SERVICES - 113] Entidade: MANUFACTURING SCBU - View de Headcount SCBU - TAMANHO: P,Story,2026-03-16T10:49:06.899-0300,2026-05-13T19:14:36.075-0300,Open,WAITING REFINEMENT,artur.mariano,SQUAD_1,2026-05-06,2026-05-06,
BF3E4-5646,[SHARED SERVICES - 113] Entidade: MANUFACTURING SCBU - View de Headcount SCBU - TAMANHO: P,Story,2026-03-16T10:49:06.899-0300,2026-05-13T19:14:30.746-0300,Canceled,Open,artur.mariano,SQUAD_1,2026-05-06,2026-05-06,
BF3E4-5646,[SHARED SERVICES - 113] Entidade: MANUFACTURING SCBU - View de Headcount SCBU - TAMANHO: P,Story,2026-03-16T10:49:06.899-0300,2026-05-13T19:14:25.306-0300,Waiting Test,Canceled,artur.mariano,SQUAD_1,2026-05-06,2026-05-06,
BF3E4-5646,[SHARED SERVICES - 113] Entidade: MANUFACTURING SCBU - View de Headcount SCBU - TAMANHO: P,Story,2026-03-16T10:49:06.899-0300,2026-05-13T17:31:53.272-0300,IN DEVELOPMENT,Waiting Test,gabriela.bortoletto,SQUAD_1,2026-05-06,2026-05-06,
BF3E4-5646,[SHARED SERVICES - 113] Entidade: MANUFACTURING SCBU - View de Headcount SCBU - TAMANHO: P,Story,2026-03-16T10:49:06.899-0300,2026-05-12T14:10:55.434-0300,To Do,IN DEVELOPMENT,artur.mariano,SQUAD_1,2026-05-06,2026-05-06,
BF3E4-5646,[SHARED SERVICES - 113] Entidade: MANUFACTURING SCBU - View de Headcount SCBU - TAMANHO: P,Story,2026-03-16T10:49:06.899-0300,2026-05-09T10:08:07.664-0300,Refined,To Do,jose.draszewski,SQUAD_1,2026-05-06,2026-05-06,
BF3E4-5640,[SHARED SERVICES - 112] Entidade: LEARNING - Views de Turnover e Base Efetivos - TAMANHO: M,Story,2026-03-16T10:48:54.450-0300,2026-05-13T16:22:38.185-0300,To Do,IN DEVELOPMENT,artur.mariano,SQUAD_1,2026-05-06,2026-05-08,
BF3E4-5640,[SHARED SERVICES - 112] Entidade: LEARNING - Views de Turnover e Base Efetivos - TAMANHO: M,Story,2026-03-16T10:48:54.450-0300,2026-05-13T16:22:28.413-0300,Refined,To Do,artur.mariano,SQUAD_1,2026-05-06,2026-05-08,
BF3E4-5640,[SHARED SERVICES - 112] Entidade: LEARNING - Views de Turnover e Base Efetivos - TAMANHO: M,Story,2026-03-16T10:48:54.450-0300,2026-05-13T16:22:12.028-0300,IN REFINEMENT,Refined,artur.mariano,SQUAD_1,2026-05-06,2026-05-08,
BF3E4-5640,[SHARED SERVICES - 112] Entidade: LEARNING - Views de Turnover e Base Efetivos - TAMANHO: M,Story,2026-03-16T10:48:54.450-0300,2026-05-13T16:22:06.964-0300,WAITING REFINEMENT,IN REFINEMENT,artur.mariano,SQUAD_1,2026-05-06,2026-05-08,
BF3E4-5640,[SHARED SERVICES - 112] Entidade: LEARNING - Views de Turnover e Base Efetivos - TAMANHO: M,Story,2026-03-16T10:48:54.450-0300,2026-05-13T16:21:53.684-0300,Open,WAITING REFINEMENT,artur.mariano,SQUAD_1,2026-05-06,2026-05-08,
BF3E4-5640,[SHARED SERVICES - 112] Entidade: LEARNING - Views de Turnover e Base Efetivos - TAMANHO: M,Story,2026-03-16T10:48:54.450-0300,2026-05-13T16:21:44.522-0300,Canceled,Open,artur.mariano,SQUAD_1,2026-05-06,2026-05-08,
BF3E4-5640,[SHARED SERVICES - 112] Entidade: LEARNING - Views de Turnover e Base Efetivos - TAMANHO: M,Story,2026-03-16T10:48:54.450-0300,2026-05-13T16:21:34.755-0300,Test,Canceled,artur.mariano,SQUAD_1,2026-05-06,2026-05-08,
BF3E4-5640,[SHARED SERVICES - 112] Entidade: LEARNING - Views de Turnover e Base Efetivos - TAMANHO: M,Story,2026-03-16T10:48:54.450-0300,2026-05-13T16:06:37.200-0300,Waiting Test,Test,artenize.teles,SQUAD_1,2026-05-06,2026-05-08,
BF3E4-5640,[SHARED SERVICES - 112] Entidade: LEARNING - Views de Turnover e Base Efetivos - TAMANHO: M,Story,2026-03-16T10:48:54.450-0300,2026-05-11T14:53:19.006-0300,IN DEVELOPMENT,Waiting Test,artur.mariano,SQUAD_1,2026-05-06,2026-05-08,
BF3E4-5640,[SHARED SERVICES - 112] Entidade: LEARNING - Views de Turnover e Base Efetivos - TAMANHO: M,Story,2026-03-16T10:48:54.450-0300,2026-05-07T10:07:19.861-0300,To Do,IN DEVELOPMENT,larissa.sotelo,SQUAD_1,2026-05-06,2026-05-08,
BF3E4-5640,[SHARED SERVICES - 112] Entidade: LEARNING - Views de Turnover e Base Efetivos - TAMANHO: M,Story,2026-03-16T10:48:54.450-0300,2026-05-07T10:02:40.727-0300,Refined,To Do,artur.mariano,SQUAD_1,2026-05-06,2026-05-08,
BF3E4-5636,[SHARED SERVICES - 111] Entidade: LABOUR RELATIONS - View de CBO Cota Aprendiz - TAMANHO: P,Story,2026-03-16T10:48:45.050-0300,2026-05-15T11:27:11.247-0300,Test,Done,ana.santos22,SQUAD_1,2026-05-06,2026-05-06,
BF3E4-5636,[SHARED SERVICES - 111] Entidade: LABOUR RELATIONS - View de CBO Cota Aprendiz - TAMANHO: P,Story,2026-03-16T10:48:45.050-0300,2026-05-12T14:24:24.656-0300,Waiting Test,Test,ana.santos22,SQUAD_1,2026-05-06,2026-05-06,
BF3E4-5636,[SHARED SERVICES - 111] Entidade: LABOUR RELATIONS - View de CBO Cota Aprendiz - TAMANHO: P,Story,2026-03-16T10:48:45.050-0300,2026-05-12T14:21:44.623-0300,IN DEVELOPMENT,Waiting Test,artur.mariano,SQUAD_1,2026-05-06,2026-05-06,
BF3E4-5636,[SHARED SERVICES - 111] Entidade: LABOUR RELATIONS - View de CBO Cota Aprendiz - TAMANHO: P,Story,2026-03-16T10:48:45.050-0300,2026-05-12T14:19:55.625-0300,To Do,IN DEVELOPMENT,artur.mariano,SQUAD_1,2026-05-06,2026-05-06,
BF3E4-5636,[SHARED SERVICES - 111] Entidade: LABOUR RELATIONS - View de CBO Cota Aprendiz - TAMANHO: P,Story,2026-03-16T10:48:45.050-0300,2026-05-09T10:08:05.453-0300,Refined,To Do,jose.draszewski,SQUAD_1,2026-05-06,2026-05-06,
BF3E4-5636,[SHARED SERVICES - 111] Entidade: LABOUR RELATIONS - View de CBO Cota Aprendiz - TAMANHO: P,Story,2026-03-16T10:48:45.050-0300,2026-04-22T21:40:40.819-0300,IN REFINEMENT,Refined,artur.mariano,SQUAD_1,2026-05-06,2026-05-06,
BF3E4-5636,[SHARED SERVICES - 111] Entidade: LABOUR RELATIONS - View de CBO Cota Aprendiz - TAMANHO: P,Story,2026-03-16T10:48:45.050-0300,2026-04-22T21:40:36.993-0300,WAITING REFINEMENT,IN REFINEMENT,artur.mariano,SQUAD_1,2026-05-06,2026-05-06,
BF3E4-5636,[SHARED SERVICES - 111] Entidade: LABOUR RELATIONS - View de CBO Cota Aprendiz - TAMANHO: P,Story,2026-03-16T10:48:45.050-0300,2026-04-22T21:40:33.568-0300,Open,WAITING REFINEMENT,artur.mariano,SQUAD_1,2026-05-06,2026-05-06,
BF3E4-5632,[SHARED SERVICES - 110] Entidade: JURIDICO ANALYTICS - Views de Índice de Judicialização - TAMANHO: P,Story,2026-03-16T10:48:35.229-0300,2026-05-15T15:41:53.100-0300,IN DEVELOPMENT,Canceled,jose.draszewski,SQUAD_1,2026-05-06,2026-05-07,
BF3E4-5632,[SHARED SERVICES - 110] Entidade: JURIDICO ANALYTICS - Views de Índice de Judicialização - TAMANHO: P,Story,2026-03-16T10:48:35.229-0300,2026-05-12T15:38:27.554-0300,To Do,IN DEVELOPMENT,artur.mariano,SQUAD_1,2026-05-06,2026-05-07,
BF3E4-5632,[SHARED SERVICES - 110] Entidade: JURIDICO ANALYTICS - Views de Índice de Judicialização - TAMANHO: P,Story,2026-03-16T10:48:35.229-0300,2026-05-09T10:08:03.462-0300,Refined,To Do,jose.draszewski,SQUAD_1,2026-05-06,2026-05-07,
BF3E4-5632,[SHARED SERVICES - 110] Entidade: JURIDICO ANALYTICS - Views de Índice de Judicialização - TAMANHO: P,Story,2026-03-16T10:48:35.229-0300,2026-04-22T21:41:14.124-0300,IN REFINEMENT,Refined,artur.mariano,SQUAD_1,2026-05-06,2026-05-07,
BF3E4-5632,[SHARED SERVICES - 110] Entidade: JURIDICO ANALYTICS - Views de Índice de Judicialização - TAMANHO: P,Story,2026-03-16T10:48:35.229-0300,2026-04-22T21:41:10.436-0300,WAITING REFINEMENT,IN REFINEMENT,artur.mariano,SQUAD_1,2026-05-06,2026-05-07,
BF3E4-5632,[SHARED SERVICES - 110] Entidade: JURIDICO ANALYTICS - Views de Índice de Judicialização - TAMANHO: P,Story,2026-03-16T10:48:35.229-0300,2026-04-22T21:41:07.223-0300,Open,WAITING REFINEMENT,artur.mariano,SQUAD_1,2026-05-06,2026-05-07,
BF3E4-5628,[SHARED SERVICES - 109] Entidade: HS - View de Lider Carteira Condução - TAMANHO: P,Story,2026-03-16T10:48:25.101-0300,2026-05-12T15:11:44.520-0300,To Do,Canceled,jose.draszewski,SQUAD_1,2026-05-06,2026-05-06,
BF3E4-5628,[SHARED SERVICES - 109] Entidade: HS - View de Lider Carteira Condução - TAMANHO: P,Story,2026-03-16T10:48:25.101-0300,2026-05-09T10:07:59.889-0300,Refined,To Do,jose.draszewski,SQUAD_1,2026-05-06,2026-05-06,
BF3E4-5628,[SHARED SERVICES - 109] Entidade: HS - View de Lider Carteira Condução - TAMANHO: P,Story,2026-03-16T10:48:25.101-0300,2026-04-22T21:41:40.990-0300,IN REFINEMENT,Refined,artur.mariano,SQUAD_1,2026-05-06,2026-05-06,
BF3E4-5628,[SHARED SERVICES - 109] Entidade: HS - View de Lider Carteira Condução - TAMANHO: P,Story,2026-03-16T10:48:25.101-0300,2026-04-22T21:41:37.677-0300,WAITING REFINEMENT,IN REFINEMENT,artur.mariano,SQUAD_1,2026-05-06,2026-05-06,
BF3E4-5628,[SHARED SERVICES - 109] Entidade: HS - View de Lider Carteira Condução - TAMANHO: P,Story,2026-03-16T10:48:25.101-0300,2026-04-22T21:41:34.165-0300,Open,WAITING REFINEMENT,artur.mariano,SQUAD_1,2026-05-06,2026-05-06,
BF3E4-5624,[SHARED SERVICES - 108] Entidade: HRBP - View de People Analytics Employee Data - TAMANHO: P,Story,2026-03-16T10:48:16.046-0300,2026-05-07T18:19:22.213-0300,Test,Done,ana.santos22,SQUAD_1,2026-05-05,2026-05-05,
BF3E4-5624,[SHARED SERVICES - 108] Entidade: HRBP - View de People Analytics Employee Data - TAMANHO: P,Story,2026-03-16T10:48:16.046-0300,2026-05-07T18:19:17.555-0300,Waiting Test,Test,ana.santos22,SQUAD_1,2026-05-05,2026-05-05,
BF3E4-5624,[SHARED SERVICES - 108] Entidade: HRBP - View de People Analytics Employee Data - TAMANHO: P,Story,2026-03-16T10:48:16.046-0300,2026-05-06T19:29:58.994-0300,IN DEVELOPMENT,Waiting Test,larissa.sotelo,SQUAD_1,2026-05-05,2026-05-05,
BF3E4-5624,[SHARED SERVICES - 108] Entidade: HRBP - View de People Analytics Employee Data - TAMANHO: P,Story,2026-03-16T10:48:16.046-0300,2026-05-05T09:39:36.675-0300,To Do,IN DEVELOPMENT,larissa.sotelo,SQUAD_1,2026-05-05,2026-05-05,
BF3E4-5624,[SHARED SERVICES - 108] Entidade: HRBP - View de People Analytics Employee Data - TAMANHO: P,Story,2026-03-16T10:48:16.046-0300,2026-05-04T13:51:30.911-0300,Refined,To Do,artur.mariano,SQUAD_1,2026-05-05,2026-05-05,
BF3E4-5624,[SHARED SERVICES - 108] Entidade: HRBP - View de People Analytics Employee Data - TAMANHO: P,Story,2026-03-16T10:48:16.046-0300,2026-04-22T21:42:27.096-0300,IN REFINEMENT,Refined,artur.mariano,SQUAD_1,2026-05-05,2026-05-05,
BF3E4-5624,[SHARED SERVICES - 108] Entidade: HRBP - View de People Analytics Employee Data - TAMANHO: P,Story,2026-03-16T10:48:16.046-0300,2026-04-22T21:42:24.684-0300,WAITING REFINEMENT,IN REFINEMENT,artur.mariano,SQUAD_1,2026-05-05,2026-05-05,
BF3E4-5624,[SHARED SERVICES - 108] Entidade: HRBP - View de People Analytics Employee Data - TAMANHO: P,Story,2026-03-16T10:48:16.046-0300,2026-04-22T21:42:20.814-0300,Open,WAITING REFINEMENT,artur.mariano,SQUAD_1,2026-05-05,2026-05-05,
BF3E4-5619,[SHARED SERVICES - 107] Entidade: ENDUSER - Views de Headcount e Turnover - TAMANHO: M,Story,2026-03-16T10:48:04.891-0300,2026-05-12T09:46:08.196-0300,To Do,IN DEVELOPMENT,artur.mariano,SQUAD_1,2026-05-05,2026-05-06,
BF3E4-5619,[SHARED SERVICES - 107] Entidade: ENDUSER - Views de Headcount e Turnover - TAMANHO: M,Story,2026-03-16T10:48:04.891-0300,2026-05-09T10:07:57.275-0300,Refined,To Do,jose.draszewski,SQUAD_1,2026-05-05,2026-05-06,
BF3E4-5615,[SHARED SERVICES - 106] Entidade: CROSS - View de Check Erros Automático - TAMANHO: P,Story,2026-03-16T10:47:56.080-0300,2026-05-11T15:30:25.811-0300,To Do,Canceled,jose.draszewski,SQUAD_1,2026-05-05,2026-05-05,
BF3E4-5615,[SHARED SERVICES - 106] Entidade: CROSS - View de Check Erros Automático - TAMANHO: P,Story,2026-03-16T10:47:56.080-0300,2026-05-09T10:07:52.354-0300,Refined,To Do,jose.draszewski,SQUAD_1,2026-05-05,2026-05-05,
BF3E4-5615,[SHARED SERVICES - 106] Entidade: CROSS - View de Check Erros Automático - TAMANHO: P,Story,2026-03-16T10:47:56.080-0300,2026-04-22T21:43:44.398-0300,IN REFINEMENT,Refined,artur.mariano,SQUAD_1,2026-05-05,2026-05-05,
BF3E4-5615,[SHARED SERVICES - 106] Entidade: CROSS - View de Check Erros Automático - TAMANHO: P,Story,2026-03-16T10:47:56.080-0300,2026-04-22T21:43:40.676-0300,WAITING REFINEMENT,IN REFINEMENT,artur.mariano,SQUAD_1,2026-05-05,2026-05-05,
BF3E4-5615,[SHARED SERVICES - 106] Entidade: CROSS - View de Check Erros Automático - TAMANHO: P,Story,2026-03-16T10:47:56.080-0300,2026-04-22T21:43:37.190-0300,Open,WAITING REFINEMENT,artur.mariano,SQUAD_1,2026-05-05,2026-05-05,
BF3E4-5611,[SHARED SERVICES - 105] Entidade: COMPLIENCE - View de Hiring Monthly - TAMANHO: P,Story,2026-03-16T10:47:45.899-0300,2026-05-15T15:37:42.757-0300,IN DEVELOPMENT,Canceled,jose.draszewski,SQUAD_1,2026-05-04,2026-05-04,
BF3E4-5611,[SHARED SERVICES - 105] Entidade: COMPLIENCE - View de Hiring Monthly - TAMANHO: P,Story,2026-03-16T10:47:45.899-0300,2026-05-12T14:26:15.588-0300,To Do,IN DEVELOPMENT,artur.mariano,SQUAD_1,2026-05-04,2026-05-04,
BF3E4-5611,[SHARED SERVICES - 105] Entidade: COMPLIENCE - View de Hiring Monthly - TAMANHO: P,Story,2026-03-16T10:47:45.899-0300,2026-05-09T10:07:50.161-0300,Refined,To Do,jose.draszewski,SQUAD_1,2026-05-04,2026-05-04,
BF3E4-5611,[SHARED SERVICES - 105] Entidade: COMPLIENCE - View de Hiring Monthly - TAMANHO: P,Story,2026-03-16T10:47:45.899-0300,2026-04-22T21:45:08.628-0300,IN REFINEMENT,Refined,artur.mariano,SQUAD_1,2026-05-04,2026-05-04,
BF3E4-5611,[SHARED SERVICES - 105] Entidade: COMPLIENCE - View de Hiring Monthly - TAMANHO: P,Story,2026-03-16T10:47:45.899-0300,2026-04-22T21:44:35.762-0300,WAITING REFINEMENT,IN REFINEMENT,artur.mariano,SQUAD_1,2026-05-04,2026-05-04,
BF3E4-5611,[SHARED SERVICES - 105] Entidade: COMPLIENCE - View de Hiring Monthly - TAMANHO: P,Story,2026-03-16T10:47:45.899-0300,2026-04-22T21:44:33.340-0300,Open,WAITING REFINEMENT,artur.mariano,SQUAD_1,2026-05-04,2026-05-04,
BF3E4-5605,"[SHARED SERVICES - 104] Entidade: COMPENSATION - Views Especializadas (Benefits, Horas Extras, Saturation) - TAMANHO: M",Story,2026-03-16T10:47:33.919-0300,2026-05-18T16:26:27.159-0300,Test,Done,igor.eca,SQUAD_1,2026-04-30,2026-05-05,
BF3E4-5605,"[SHARED SERVICES - 104] Entidade: COMPENSATION - Views Especializadas (Benefits, Horas Extras, Saturation) - TAMANHO: M",Story,2026-03-16T10:47:33.919-0300,2026-05-18T10:33:46.241-0300,Waiting Test,Test,igor.eca,SQUAD_1,2026-04-30,2026-05-05,
BF3E4-5605,"[SHARED SERVICES - 104] Entidade: COMPENSATION - Views Especializadas (Benefits, Horas Extras, Saturation) - TAMANHO: M",Story,2026-03-16T10:47:33.919-0300,2026-05-15T15:42:58.356-0300,IN DEVELOPMENT,Waiting Test,jose.draszewski,SQUAD_1,2026-04-30,2026-05-05,
BF3E4-5605,"[SHARED SERVICES - 104] Entidade: COMPENSATION - Views Especializadas (Benefits, Horas Extras, Saturation) - TAMANHO: M",Story,2026-03-16T10:47:33.919-0300,2026-05-06T09:38:20.724-0300,To Do,IN DEVELOPMENT,artur.mariano,SQUAD_1,2026-04-30,2026-05-05,
BF3E4-5605,"[SHARED SERVICES - 104] Entidade: COMPENSATION - Views Especializadas (Benefits, Horas Extras, Saturation) - TAMANHO: M",Story,2026-03-16T10:47:33.919-0300,2026-05-06T09:35:07.649-0300,Refined,To Do,alan.correa,SQUAD_1,2026-04-30,2026-05-05,
BF3E4-5599,"[SHARED SERVICES - 103] Entidade: COMPENSATION - Views de Budget, Espelho Contábil e Funcionários - TAMANHO: M",Story,2026-03-16T10:47:21.579-0300,2026-05-12T13:50:48.711-0300,Test,Done,ana.santos22,SQUAD_1,2026-04-30,2026-05-04,
BF3E4-5599,"[SHARED SERVICES - 103] Entidade: COMPENSATION - Views de Budget, Espelho Contábil e Funcionários - TAMANHO: M",Story,2026-03-16T10:47:21.579-0300,2026-05-12T10:01:46.220-0300,Waiting Test,Test,ana.santos22,SQUAD_1,2026-04-30,2026-05-04,
BF3E4-5599,"[SHARED SERVICES - 103] Entidade: COMPENSATION - Views de Budget, Espelho Contábil e Funcionários - TAMANHO: M",Story,2026-03-16T10:47:21.579-0300,2026-05-10T18:03:03.218-0300,IN DEVELOPMENT,Waiting Test,artur.mariano,SQUAD_1,2026-04-30,2026-05-04,
BF3E4-5599,"[SHARED SERVICES - 103] Entidade: COMPENSATION - Views de Budget, Espelho Contábil e Funcionários - TAMANHO: M",Story,2026-03-16T10:47:21.579-0300,2026-05-10T18:03:00.975-0300,To Do,IN DEVELOPMENT,artur.mariano,SQUAD_1,2026-04-30,2026-05-04,
BF3E4-5599,"[SHARED SERVICES - 103] Entidade: COMPENSATION - Views de Budget, Espelho Contábil e Funcionários - TAMANHO: M",Story,2026-03-16T10:47:21.579-0300,2026-05-09T10:16:23.117-0300,Refined,To Do,jose.draszewski,SQUAD_1,2026-04-30,2026-05-04,
BF3E4-5599,"[SHARED SERVICES - 103] Entidade: COMPENSATION - Views de Budget, Espelho Contábil e Funcionários - TAMANHO: M",Story,2026-03-16T10:47:21.579-0300,2026-04-22T21:46:31.387-0300,IN REFINEMENT,Refined,artur.mariano,SQUAD_1,2026-04-30,2026-05-04,
BF3E4-5599,"[SHARED SERVICES - 103] Entidade: COMPENSATION - Views de Budget, Espelho Contábil e Funcionários - TAMANHO: M",Story,2026-03-16T10:47:21.579-0300,2026-04-22T21:46:28.583-0300,WAITING REFINEMENT,IN REFINEMENT,artur.mariano,SQUAD_1,2026-04-30,2026-05-04,
BF3E4-5599,"[SHARED SERVICES - 103] Entidade: COMPENSATION - Views de Budget, Espelho Contábil e Funcionários - TAMANHO: M",Story,2026-03-16T10:47:21.579-0300,2026-04-22T21:46:25.152-0300,Open,WAITING REFINEMENT,artur.mariano,SQUAD_1,2026-04-30,2026-05-04,
BF3E4-5591,[SHARED SERVICES - 102] Entidade: CROSS - Views de Serviços Especializados - TAMANHO: M,Story,2026-03-16T10:47:06.058-0300,2026-05-11T11:12:02.497-0300,Test,Done,ana.santos22,SQUAD_1,2026-04-30,2026-05-07,
BF3E4-5591,[SHARED SERVICES - 102] Entidade: CROSS - Views de Serviços Especializados - TAMANHO: M,Story,2026-03-16T10:47:06.058-0300,2026-05-11T08:29:59.629-0300,Waiting Test,Test,ana.santos22,SQUAD_1,2026-04-30,2026-05-07,
BF3E4-5591,[SHARED SERVICES - 102] Entidade: CROSS - Views de Serviços Especializados - TAMANHO: M,Story,2026-03-16T10:47:06.058-0300,2026-05-10T17:53:13.595-0300,IN DEVELOPMENT,Waiting Test,artur.mariano,SQUAD_1,2026-04-30,2026-05-07,
BF3E4-5591,[SHARED SERVICES - 102] Entidade: CROSS - Views de Serviços Especializados - TAMANHO: M,Story,2026-03-16T10:47:06.058-0300,2026-05-06T18:31:33.941-0300,To Do,IN DEVELOPMENT,jose.souto2,SQUAD_1,2026-04-30,2026-05-07,
BF3E4-5591,[SHARED SERVICES - 102] Entidade: CROSS - Views de Serviços Especializados - TAMANHO: M,Story,2026-03-16T10:47:06.058-0300,2026-05-06T17:04:20.519-0300,Refined,To Do,jose.souto2,SQUAD_1,2026-04-30,2026-05-07,
BF3E4-5591,[SHARED SERVICES - 102] Entidade: CROSS - Views de Serviços Especializados - TAMANHO: M,Story,2026-03-16T10:47:06.058-0300,2026-04-22T21:47:17.736-0300,IN REFINEMENT,Refined,artur.mariano,SQUAD_1,2026-04-30,2026-05-07,
BF3E4-5591,[SHARED SERVICES - 102] Entidade: CROSS - Views de Serviços Especializados - TAMANHO: M,Story,2026-03-16T10:47:06.058-0300,2026-04-22T21:47:14.531-0300,WAITING REFINEMENT,IN REFINEMENT,artur.mariano,SQUAD_1,2026-04-30,2026-05-07,
BF3E4-5591,[SHARED SERVICES - 102] Entidade: CROSS - Views de Serviços Especializados - TAMANHO: M,Story,2026-03-16T10:47:06.058-0300,2026-04-22T21:47:10.990-0300,Open,WAITING REFINEMENT,artur.mariano,SQUAD_1,2026-04-30,2026-05-07,
BF3E4-5583,[SHARED SERVICES - 101] Entidade: CROSS - Views de Integração VetoRH - TAMANHO: M,Story,2026-03-16T10:46:50.186-0300,2026-05-11T09:36:12.536-0300,To Do,Canceled,jose.draszewski,SQUAD_1,2026-04-30,2026-05-07,
BF3E4-5583,[SHARED SERVICES - 101] Entidade: CROSS - Views de Integração VetoRH - TAMANHO: M,Story,2026-03-16T10:46:50.186-0300,2026-05-09T10:07:46.383-0300,Refined,To Do,jose.draszewski,SQUAD_1,2026-04-30,2026-05-07,
BF3E4-5583,[SHARED SERVICES - 101] Entidade: CROSS - Views de Integração VetoRH - TAMANHO: M,Story,2026-03-16T10:46:50.186-0300,2026-04-22T21:47:45.962-0300,IN REFINEMENT,Refined,artur.mariano,SQUAD_1,2026-04-30,2026-05-07,
BF3E4-5583,[SHARED SERVICES - 101] Entidade: CROSS - Views de Integração VetoRH - TAMANHO: M,Story,2026-03-16T10:46:50.186-0300,2026-04-22T21:47:42.733-0300,WAITING REFINEMENT,IN REFINEMENT,artur.mariano,SQUAD_1,2026-04-30,2026-05-07,
BF3E4-5583,[SHARED SERVICES - 101] Entidade: CROSS - Views de Integração VetoRH - TAMANHO: M,Story,2026-03-16T10:46:50.186-0300,2026-04-22T21:47:39.217-0300,Open,WAITING REFINEMENT,artur.mariano,SQUAD_1,2026-04-30,2026-05-07,
BF3E4-5576,[SHARED SERVICES - 100] Entidade: CROSS - Views de Integração RUBI - TAMANHO: M,Story,2026-03-16T10:46:35.366-0300,2026-05-11T09:32:40.031-0300,Waiting Test,Canceled,jose.draszewski,SQUAD_1,2026-04-29,2026-05-05,
BF3E4-5576,[SHARED SERVICES - 100] Entidade: CROSS - Views de Integração RUBI - TAMANHO: M,Story,2026-03-16T10:46:35.366-0300,2026-05-10T17:35:30.149-0300,IN DEVELOPMENT,Waiting Test,artur.mariano,SQUAD_1,2026-04-29,2026-05-05,
BF3E4-5576,[SHARED SERVICES - 100] Entidade: CROSS - Views de Integração RUBI - TAMANHO: M,Story,2026-03-16T10:46:35.366-0300,2026-05-05T16:13:55.737-0300,To Do,IN DEVELOPMENT,gabriela.bortoletto,SQUAD_1,2026-04-29,2026-05-05,
BF3E4-5576,[SHARED SERVICES - 100] Entidade: CROSS - Views de Integração RUBI - TAMANHO: M,Story,2026-03-16T10:46:35.366-0300,2026-05-05T09:24:23.474-0300,Refined,To Do,artur.mariano,SQUAD_1,2026-04-29,2026-05-05,
BF3E4-5576,[SHARED SERVICES - 100] Entidade: CROSS - Views de Integração RUBI - TAMANHO: M,Story,2026-03-16T10:46:35.366-0300,2026-04-22T21:48:19.578-0300,IN REFINEMENT,Refined,artur.mariano,SQUAD_1,2026-04-29,2026-05-05,
BF3E4-5576,[SHARED SERVICES - 100] Entidade: CROSS - Views de Integração RUBI - TAMANHO: M,Story,2026-03-16T10:46:35.366-0300,2026-04-22T21:48:15.973-0300,WAITING REFINEMENT,IN REFINEMENT,artur.mariano,SQUAD_1,2026-04-29,2026-05-05,
BF3E4-5576,[SHARED SERVICES - 100] Entidade: CROSS - Views de Integração RUBI - TAMANHO: M,Story,2026-03-16T10:46:35.366-0300,2026-04-22T21:48:12.621-0300,Open,WAITING REFINEMENT,artur.mariano,SQUAD_1,2026-04-29,2026-05-05,
BF3E4-5566,"[SHARED SERVICES - 99] Entidade: CROSS - Views Stellantis (Diversity, Férias, Turnover) - TAMANHO: G",Story,2026-03-16T10:46:17.510-0300,2026-05-12T15:21:44.155-0300,IN DEVELOPMENT,Canceled,jose.draszewski,SQUAD_1,2026-04-29,2026-05-08,
BF3E4-5566,"[SHARED SERVICES - 99] Entidade: CROSS - Views Stellantis (Diversity, Férias, Turnover) - TAMANHO: G",Story,2026-03-16T10:46:17.510-0300,2026-05-06T09:53:47.781-0300,To Do,IN DEVELOPMENT,jose.souto2,SQUAD_1,2026-04-29,2026-05-08,
BF3E4-5566,"[SHARED SERVICES - 99] Entidade: CROSS - Views Stellantis (Diversity, Férias, Turnover) - TAMANHO: G",Story,2026-03-16T10:46:17.510-0300,2026-05-05T10:15:49.725-0300,Refined,To Do,jose.souto2,SQUAD_1,2026-04-29,2026-05-08,
BF3E4-5561,[SHARED SERVICES - 98] Entidade: CROSS - Views de Liderança e Organização - TAMANHO: M,Story,2026-03-16T10:46:06.305-0300,2026-05-11T09:34:06.285-0300,IN DEVELOPMENT,Canceled,jose.draszewski,SQUAD_1,2026-04-28,2026-04-29,
BF3E4-5561,[SHARED SERVICES - 98] Entidade: CROSS - Views de Liderança e Organização - TAMANHO: M,Story,2026-03-16T10:46:06.305-0300,2026-05-09T12:19:09.014-0300,To Do,IN DEVELOPMENT,jose.souto2,SQUAD_1,2026-04-28,2026-04-29,
BF3E4-5561,[SHARED SERVICES - 98] Entidade: CROSS - Views de Liderança e Organização - TAMANHO: M,Story,2026-03-16T10:46:06.305-0300,2026-05-09T10:09:31.836-0300,Refined,To Do,jose.draszewski,SQUAD_1,2026-04-28,2026-04-29,
BF3E4-5561,[SHARED SERVICES - 98] Entidade: CROSS - Views de Liderança e Organização - TAMANHO: M,Story,2026-03-16T10:46:06.305-0300,2026-04-22T21:49:08.499-0300,IN REFINEMENT,Refined,artur.mariano,SQUAD_1,2026-04-28,2026-04-29,
BF3E4-5561,[SHARED SERVICES - 98] Entidade: CROSS - Views de Liderança e Organização - TAMANHO: M,Story,2026-03-16T10:46:06.305-0300,2026-04-22T21:49:05.387-0300,WAITING REFINEMENT,IN REFINEMENT,artur.mariano,SQUAD_1,2026-04-28,2026-04-29,
BF3E4-5561,[SHARED SERVICES - 98] Entidade: CROSS - Views de Liderança e Organização - TAMANHO: M,Story,2026-03-16T10:46:06.305-0300,2026-04-22T21:49:02.338-0300,Open,WAITING REFINEMENT,artur.mariano,SQUAD_1,2026-04-28,2026-04-29,
BF3E4-5555,[SHARED SERVICES - 97] Entidade: HandsOn - Views de Integração HS Security Card - TAMANHO: P,Story,2026-03-16T10:45:53.044-0300,2026-05-22T14:35:20.845-0300,Waiting Test,Test,ana.santos22,SQUAD_1,2026-04-28,2026-04-30,
BF3E4-5555,[SHARED SERVICES - 97] Entidade: HandsOn - Views de Integração HS Security Card - TAMANHO: P,Story,2026-03-16T10:45:53.044-0300,2026-05-21T11:57:02.708-0300,IN DEVELOPMENT,Waiting Test,luis.simoes2,SQUAD_1,2026-04-28,2026-04-30,
BF3E4-5555,[SHARED SERVICES - 97] Entidade: HandsOn - Views de Integração HS Security Card - TAMANHO: P,Story,2026-03-16T10:45:53.044-0300,2026-05-10T18:09:12.423-0300,To Do,IN DEVELOPMENT,artur.mariano,SQUAD_1,2026-04-28,2026-04-30,
BF3E4-5555,[SHARED SERVICES - 97] Entidade: HandsOn - Views de Integração HS Security Card - TAMANHO: P,Story,2026-03-16T10:45:53.044-0300,2026-05-09T10:16:19.763-0300,Refined,To Do,jose.draszewski,SQUAD_1,2026-04-28,2026-04-30,
BF3E4-5550,[SHARED SERVICES - 96] Entidade: HandsOn - Views de Integração HRIS - TAMANHO: P,Story,2026-03-16T10:45:40.194-0300,2026-05-22T17:13:07.412-0300,Test,Done,natanael.rabelo,SQUAD_1,2026-04-27,2026-04-28,
BF3E4-5550,[SHARED SERVICES - 96] Entidade: HandsOn - Views de Integração HRIS - TAMANHO: P,Story,2026-03-16T10:45:40.194-0300,2026-05-22T09:47:42.955-0300,Waiting Test,Test,natanael.rabelo,SQUAD_1,2026-04-27,2026-04-28,
BF3E4-5550,[SHARED SERVICES - 96] Entidade: HandsOn - Views de Integração HRIS - TAMANHO: P,Story,2026-03-16T10:45:40.194-0300,2026-05-21T11:45:31.304-0300,IN DEVELOPMENT,Waiting Test,luis.simoes2,SQUAD_1,2026-04-27,2026-04-28,
BF3E4-5550,[SHARED SERVICES - 96] Entidade: HandsOn - Views de Integração HRIS - TAMANHO: P,Story,2026-03-16T10:45:40.194-0300,2026-05-06T09:32:12.467-0300,To Do,IN DEVELOPMENT,ana.cartaxo,SQUAD_1,2026-04-27,2026-04-28,
BF3E4-5550,[SHARED SERVICES - 96] Entidade: HandsOn - Views de Integração HRIS - TAMANHO: P,Story,2026-03-16T10:45:40.194-0300,2026-05-05T09:22:31.603-0300,Refined,To Do,artur.mariano,SQUAD_1,2026-04-27,2026-04-28,
BF3E4-5544,[SHARED SERVICES - 95] Entidade: HandsOn - Views de Controle e Variações - TAMANHO: P,Story,2026-03-16T10:45:24.911-0300,2026-05-23T11:04:27.715-0300,Test,Done,natanael.rabelo,SQUAD_1,2026-04-27,2026-04-29,
BF3E4-5544,[SHARED SERVICES - 95] Entidade: HandsOn - Views de Controle e Variações - TAMANHO: P,Story,2026-03-16T10:45:24.911-0300,2026-05-21T16:49:22.433-0300,Waiting Test,Test,natanael.rabelo,SQUAD_1,2026-04-27,2026-04-29,
BF3E4-5544,[SHARED SERVICES - 95] Entidade: HandsOn - Views de Controle e Variações - TAMANHO: P,Story,2026-03-16T10:45:24.911-0300,2026-05-20T17:38:24.543-0300,IN DEVELOPMENT,Waiting Test,artur.mariano,SQUAD_1,2026-04-27,2026-04-29,
BF3E4-5544,[SHARED SERVICES - 95] Entidade: HandsOn - Views de Controle e Variações - TAMANHO: P,Story,2026-03-16T10:45:24.911-0300,2026-05-06T09:32:24.464-0300,To Do,IN DEVELOPMENT,artur.mariano,SQUAD_1,2026-04-27,2026-04-29,
BF3E4-5544,[SHARED SERVICES - 95] Entidade: HandsOn - Views de Controle e Variações - TAMANHO: P,Story,2026-03-16T10:45:24.911-0300,2026-05-05T09:22:37.395-0300,Refined,To Do,artur.mariano,SQUAD_1,2026-04-27,2026-04-29,
BF3E4-5537,[SHARED SERVICES - 94] Entidade: HandsOn - Tabelas Formulário Alternativas - TAMANHO: P,Story,2026-03-16T10:45:09.537-0300,2026-05-14T16:02:57.734-0300,Test,Done,artenize.teles,SQUAD_1,2026-04-27,2026-04-29,
BF3E4-5537,[SHARED SERVICES - 94] Entidade: HandsOn - Tabelas Formulário Alternativas - TAMANHO: P,Story,2026-03-16T10:45:09.537-0300,2026-05-13T19:35:37.606-0300,Waiting Test,Test,artenize.teles,SQUAD_1,2026-04-27,2026-04-29,
BF3E4-5537,[SHARED SERVICES - 94] Entidade: HandsOn - Tabelas Formulário Alternativas - TAMANHO: P,Story,2026-03-16T10:45:09.537-0300,2026-05-13T11:22:25.262-0300,IN DEVELOPMENT,Waiting Test,luis.simoes2,SQUAD_1,2026-04-27,2026-04-29,
BF3E4-5537,[SHARED SERVICES - 94] Entidade: HandsOn - Tabelas Formulário Alternativas - TAMANHO: P,Story,2026-03-16T10:45:09.537-0300,2026-05-06T10:05:36.390-0300,To Do,IN DEVELOPMENT,caio.fascina,SQUAD_1,2026-04-27,2026-04-29,
BF3E4-5537,[SHARED SERVICES - 94] Entidade: HandsOn - Tabelas Formulário Alternativas - TAMANHO: P,Story,2026-03-16T10:45:09.537-0300,2026-05-06T09:59:21.319-0300,Refined,To Do,caio.fascina,SQUAD_1,2026-04-27,2026-04-29,
BF3E4-5537,[SHARED SERVICES - 94] Entidade: HandsOn - Tabelas Formulário Alternativas - TAMANHO: P,Story,2026-03-16T10:45:09.537-0300,2026-04-22T21:51:50.689-0300,IN REFINEMENT,Refined,artur.mariano,SQUAD_1,2026-04-27,2026-04-29,
BF3E4-5537,[SHARED SERVICES - 94] Entidade: HandsOn - Tabelas Formulário Alternativas - TAMANHO: P,Story,2026-03-16T10:45:09.537-0300,2026-04-22T21:51:45.766-0300,WAITING REFINEMENT,IN REFINEMENT,artur.mariano,SQUAD_1,2026-04-27,2026-04-29,
BF3E4-5529,[SHARED SERVICES - 93] Entidade: HandsOn - Dados PWD (Pessoa com Deficiência) - TAMANHO: M,Story,2026-03-16T10:44:54.562-0300,2026-05-18T09:46:37.014-0300,Test,Done,ana.santos22,SQUAD_1,2026-04-24,2026-04-29,
BF3E4-5529,[SHARED SERVICES - 93] Entidade: HandsOn - Dados PWD (Pessoa com Deficiência) - TAMANHO: M,Story,2026-03-16T10:44:54.562-0300,2026-05-15T11:28:34.255-0300,Waiting Test,Test,ana.santos22,SQUAD_1,2026-04-24,2026-04-29,
BF3E4-5529,[SHARED SERVICES - 93] Entidade: HandsOn - Dados PWD (Pessoa com Deficiência) - TAMANHO: M,Story,2026-03-16T10:44:54.562-0300,2026-05-14T11:09:39.234-0300,IN DEVELOPMENT,Waiting Test,caio.fascina,SQUAD_1,2026-04-24,2026-04-29,
BF3E4-5529,[SHARED SERVICES - 93] Entidade: HandsOn - Dados PWD (Pessoa com Deficiência) - TAMANHO: M,Story,2026-03-16T10:44:54.562-0300,2026-05-09T10:01:37.695-0300,To Do,IN DEVELOPMENT,jose.draszewski,SQUAD_1,2026-04-24,2026-04-29,
BF3E4-5529,[SHARED SERVICES - 93] Entidade: HandsOn - Dados PWD (Pessoa com Deficiência) - TAMANHO: M,Story,2026-03-16T10:44:54.562-0300,2026-05-08T10:34:38.495-0300,Refined,To Do,caio.fascina,SQUAD_1,2026-04-24,2026-04-29,
BF3E4-5529,[SHARED SERVICES - 93] Entidade: HandsOn - Dados PWD (Pessoa com Deficiência) - TAMANHO: M,Story,2026-03-16T10:44:54.562-0300,2026-04-22T21:52:17.663-0300,IN REFINEMENT,Refined,artur.mariano,SQUAD_1,2026-04-24,2026-04-29,
BF3E4-5529,[SHARED SERVICES - 93] Entidade: HandsOn - Dados PWD (Pessoa com Deficiência) - TAMANHO: M,Story,2026-03-16T10:44:54.562-0300,2026-04-22T21:52:14.250-0300,WAITING REFINEMENT,IN REFINEMENT,artur.mariano,SQUAD_1,2026-04-24,2026-04-29,
BF3E4-5522,[SHARED SERVICES - 92] Entidade: HandsOn - Processos Digitais Gerais - TAMANHO: P,Story,2026-03-16T10:44:40.844-0300,2026-05-22T14:34:52.765-0300,Test,Done,ana.santos22,SQUAD_1,2026-04-23,2026-04-27,
BF3E4-5522,[SHARED SERVICES - 92] Entidade: HandsOn - Processos Digitais Gerais - TAMANHO: P,Story,2026-03-16T10:44:40.844-0300,2026-05-22T11:51:29.895-0300,Waiting Test,Test,ana.santos22,SQUAD_1,2026-04-23,2026-04-27,
BF3E4-5522,[SHARED SERVICES - 92] Entidade: HandsOn - Processos Digitais Gerais - TAMANHO: P,Story,2026-03-16T10:44:40.844-0300,2026-05-20T17:38:52.341-0300,IN DEVELOPMENT,Waiting Test,artur.mariano,SQUAD_1,2026-04-23,2026-04-27,
BF3E4-5522,[SHARED SERVICES - 92] Entidade: HandsOn - Processos Digitais Gerais - TAMANHO: P,Story,2026-03-16T10:44:40.844-0300,2026-05-09T10:32:34.173-0300,To Do,IN DEVELOPMENT,jose.draszewski,SQUAD_1,2026-04-23,2026-04-27,
BF3E4-5522,[SHARED SERVICES - 92] Entidade: HandsOn - Processos Digitais Gerais - TAMANHO: P,Story,2026-03-16T10:44:40.844-0300,2026-05-08T10:34:06.194-0300,Refined,To Do,caio.fascina,SQUAD_1,2026-04-23,2026-04-27,
BF3E4-5508,"[SHARED SERVICES - 91] Entidade: HandsOn - Dados Demográficos (Etnia, Gênero, Nome Social) - TAMANHO: G",Story,2026-03-16T10:44:16.750-0300,2026-05-15T10:11:34.605-0300,Test,Done,ana.santos22,SQUAD_1,2026-04-23,2026-05-07,
BF3E4-5508,"[SHARED SERVICES - 91] Entidade: HandsOn - Dados Demográficos (Etnia, Gênero, Nome Social) - TAMANHO: G",Story,2026-03-16T10:44:16.750-0300,2026-05-13T10:30:28.437-0300,Waiting Test,Test,ana.santos22,SQUAD_1,2026-04-23,2026-05-07,
BF3E4-5508,"[SHARED SERVICES - 91] Entidade: HandsOn - Dados Demográficos (Etnia, Gênero, Nome Social) - TAMANHO: G",Story,2026-03-16T10:44:16.750-0300,2026-05-12T15:43:40.100-0300,IN DEVELOPMENT,Waiting Test,luis.simoes2,SQUAD_1,2026-04-23,2026-05-07,
BF3E4-5508,"[SHARED SERVICES - 91] Entidade: HandsOn - Dados Demográficos (Etnia, Gênero, Nome Social) - TAMANHO: G",Story,2026-03-16T10:44:16.750-0300,2026-05-07T14:10:07.802-0300,To Do,IN DEVELOPMENT,luis.simoes2,SQUAD_1,2026-04-23,2026-05-07,
BF3E4-5508,"[SHARED SERVICES - 91] Entidade: HandsOn - Dados Demográficos (Etnia, Gênero, Nome Social) - TAMANHO: G",Story,2026-03-16T10:44:16.750-0300,2026-05-07T14:07:56.400-0300,Refined,To Do,luis.simoes2,SQUAD_1,2026-04-23,2026-05-07,
BF3E4-5508,"[SHARED SERVICES - 91] Entidade: HandsOn - Dados Demográficos (Etnia, Gênero, Nome Social) - TAMANHO: G",Story,2026-03-16T10:44:16.750-0300,2026-04-22T21:53:18.613-0300,IN REFINEMENT,Refined,artur.mariano,SQUAD_1,2026-04-23,2026-05-07,
BF3E4-5508,"[SHARED SERVICES - 91] Entidade: HandsOn - Dados Demográficos (Etnia, Gênero, Nome Social) - TAMANHO: G",Story,2026-03-16T10:44:16.750-0300,2026-04-22T21:53:15.587-0300,WAITING REFINEMENT,IN REFINEMENT,artur.mariano,SQUAD_1,2026-04-23,2026-05-07,
BF3E4-5508,"[SHARED SERVICES - 91] Entidade: HandsOn - Dados Demográficos (Etnia, Gênero, Nome Social) - TAMANHO: G",Story,2026-03-16T10:44:16.750-0300,2026-04-22T21:53:11.717-0300,Open,WAITING REFINEMENT,artur.mariano,SQUAD_1,2026-04-23,2026-05-07,
BF3E4-5502,[SHARED SERVICES - 90] Entidade: HandsOn - Tabelas de Segurança (Security Card) - TAMANHO: M,Story,2026-03-16T10:44:01.807-0300,2026-05-21T14:58:16.555-0300,Test,Done,ana.santos22,SQUAD_1,2026-04-22,2026-04-24,
BF3E4-5502,[SHARED SERVICES - 90] Entidade: HandsOn - Tabelas de Segurança (Security Card) - TAMANHO: M,Story,2026-03-16T10:44:01.807-0300,2026-05-20T17:38:59.808-0300,Waiting Test,Test,ana.santos22,SQUAD_1,2026-04-22,2026-04-24,
BF3E4-5502,[SHARED SERVICES - 90] Entidade: HandsOn - Tabelas de Segurança (Security Card) - TAMANHO: M,Story,2026-03-16T10:44:01.807-0300,2026-05-20T15:08:36.392-0300,IN DEVELOPMENT,Waiting Test,luis.simoes2,SQUAD_1,2026-04-22,2026-04-24,
BF3E4-5502,[SHARED SERVICES - 90] Entidade: HandsOn - Tabelas de Segurança (Security Card) - TAMANHO: M,Story,2026-03-16T10:44:01.807-0300,2026-05-07T09:33:36.004-0300,To Do,IN DEVELOPMENT,luis.simoes2,SQUAD_1,2026-04-22,2026-04-24,
BF3E4-5502,[SHARED SERVICES - 90] Entidade: HandsOn - Tabelas de Segurança (Security Card) - TAMANHO: M,Story,2026-03-16T10:44:01.807-0300,2026-05-07T09:33:33.814-0300,Refined,To Do,luis.simoes2,SQUAD_1,2026-04-22,2026-04-24,
BF3E4-5489,[SHARED SERVICES - 89] Entidade: HandsOn - Tabelas de Processos Digitais (Offboarding) - TAMANHO: G,Story,2026-03-16T10:43:38.811-0300,2026-05-22T11:59:26.422-0300,Test,Done,ana.santos22,SQUAD_1,2026-04-22,2026-05-05,
BF3E4-5489,[SHARED SERVICES - 89] Entidade: HandsOn - Tabelas de Processos Digitais (Offboarding) - TAMANHO: G,Story,2026-03-16T10:43:38.811-0300,2026-05-21T14:58:54.820-0300,Waiting Test,Test,ana.santos22,SQUAD_1,2026-04-22,2026-05-05,
BF3E4-5489,[SHARED SERVICES - 89] Entidade: HandsOn - Tabelas de Processos Digitais (Offboarding) - TAMANHO: G,Story,2026-03-16T10:43:38.811-0300,2026-05-13T13:56:37.369-0300,IN DEVELOPMENT,Waiting Test,caio.fascina,SQUAD_1,2026-04-22,2026-05-05,
BF3E4-5489,[SHARED SERVICES - 89] Entidade: HandsOn - Tabelas de Processos Digitais (Offboarding) - TAMANHO: G,Story,2026-03-16T10:43:38.811-0300,2026-05-06T10:05:49.293-0300,To Do,IN DEVELOPMENT,caio.fascina,SQUAD_1,2026-04-22,2026-05-05,
BF3E4-5489,[SHARED SERVICES - 89] Entidade: HandsOn - Tabelas de Processos Digitais (Offboarding) - TAMANHO: G,Story,2026-03-16T10:43:38.811-0300,2026-05-06T09:33:49.423-0300,Refined,To Do,caio.fascina,SQUAD_1,2026-04-22,2026-05-05,
BF3E4-5482,[SHARED SERVICES - 87] Entidade: HandsOn - Tabelas Base Handson (Formulários) - TAMANHO: M,Story,2026-03-16T10:43:23.139-0300,2026-05-08T08:56:04.181-0300,Test,Done,igor.eca,SQUAD_1,2026-04-22,2026-04-23,
BF3E4-5482,[SHARED SERVICES - 87] Entidade: HandsOn - Tabelas Base Handson (Formulários) - TAMANHO: M,Story,2026-03-16T10:43:23.139-0300,2026-05-07T17:14:39.206-0300,Waiting Test,Test,igor.eca,SQUAD_1,2026-04-22,2026-04-23,
BF3E4-5482,[SHARED SERVICES - 87] Entidade: HandsOn - Tabelas Base Handson (Formulários) - TAMANHO: M,Story,2026-03-16T10:43:23.139-0300,2026-05-07T11:30:15.798-0300,IN DEVELOPMENT,Waiting Test,caio.fascina,SQUAD_1,2026-04-22,2026-04-23,
BF3E4-5482,[SHARED SERVICES - 87] Entidade: HandsOn - Tabelas Base Handson (Formulários) - TAMANHO: M,Story,2026-03-16T10:43:23.139-0300,2026-05-05T17:03:53.054-0300,To Do,IN DEVELOPMENT,artur.mariano,SQUAD_1,2026-04-22,2026-04-23,
BF3E4-5482,[SHARED SERVICES - 87] Entidade: HandsOn - Tabelas Base Handson (Formulários) - TAMANHO: M,Story,2026-03-16T10:43:23.139-0300,2026-05-02T11:30:58.200-0300,Refined,To Do,elias.nunes,SQUAD_1,2026-04-22,2026-04-23,
BF3E4-5482,[SHARED SERVICES - 87] Entidade: HandsOn - Tabelas Base Handson (Formulários) - TAMANHO: M,Story,2026-03-16T10:43:23.139-0300,2026-04-22T21:55:06.713-0300,IN REFINEMENT,Refined,artur.mariano,SQUAD_1,2026-04-22,2026-04-23,
BF3E4-5482,[SHARED SERVICES - 87] Entidade: HandsOn - Tabelas Base Handson (Formulários) - TAMANHO: M,Story,2026-03-16T10:43:23.139-0300,2026-04-22T21:55:02.057-0300,WAITING REFINEMENT,IN REFINEMENT,artur.mariano,SQUAD_1,2026-04-22,2026-04-23,
BF3E4-5482,[SHARED SERVICES - 87] Entidade: HandsOn - Tabelas Base Handson (Formulários) - TAMANHO: M,Story,2026-03-16T10:43:23.139-0300,2026-04-22T21:54:58.360-0300,Open,WAITING REFINEMENT,artur.mariano,SQUAD_1,2026-04-22,2026-04-23,
BF3E4-5475,[SHARED SERVICES - 86] Entidade: CROSS - Views de Employee Data e People Analytics - TAMANHO: M,Story,2026-03-16T10:43:09.368-0300,2026-05-08T14:46:09.246-0300,Test,Done,ana.santos22,SQUAD_1,2026-04-22,2026-04-27,
BF3E4-5475,[SHARED SERVICES - 86] Entidade: CROSS - Views de Employee Data e People Analytics - TAMANHO: M,Story,2026-03-16T10:43:09.368-0300,2026-05-07T18:20:05.872-0300,Waiting Test,Test,ana.santos22,SQUAD_1,2026-04-22,2026-04-27,
BF3E4-5475,[SHARED SERVICES - 86] Entidade: CROSS - Views de Employee Data e People Analytics - TAMANHO: M,Story,2026-03-16T10:43:09.368-0300,2026-05-06T17:08:03.420-0300,IN DEVELOPMENT,Waiting Test,luis.simoes2,SQUAD_1,2026-04-22,2026-04-27,
BF3E4-5475,[SHARED SERVICES - 86] Entidade: CROSS - Views de Employee Data e People Analytics - TAMANHO: M,Story,2026-03-16T10:43:09.368-0300,2026-04-28T15:26:32.089-0300,To Do,IN DEVELOPMENT,luis.simoes2,SQUAD_1,2026-04-22,2026-04-27,
BF3E4-5475,[SHARED SERVICES - 86] Entidade: CROSS - Views de Employee Data e People Analytics - TAMANHO: M,Story,2026-03-16T10:43:09.368-0300,2026-04-28T15:25:53.342-0300,Refined,To Do,luis.simoes2,SQUAD_1,2026-04-22,2026-04-27,
BF3E4-5475,[SHARED SERVICES - 86] Entidade: CROSS - Views de Employee Data e People Analytics - TAMANHO: M,Story,2026-03-16T10:43:09.368-0300,2026-04-22T21:55:31.678-0300,IN REFINEMENT,Refined,artur.mariano,SQUAD_1,2026-04-22,2026-04-27,
BF3E4-5475,[SHARED SERVICES - 86] Entidade: CROSS - Views de Employee Data e People Analytics - TAMANHO: M,Story,2026-03-16T10:43:09.368-0300,2026-04-22T21:55:28.681-0300,WAITING REFINEMENT,IN REFINEMENT,artur.mariano,SQUAD_1,2026-04-22,2026-04-27,
BF3E4-5475,[SHARED SERVICES - 86] Entidade: CROSS - Views de Employee Data e People Analytics - TAMANHO: M,Story,2026-03-16T10:43:09.368-0300,2026-04-22T21:55:25.060-0300,Open,WAITING REFINEMENT,artur.mariano,SQUAD_1,2026-04-22,2026-04-27,
BF3E4-5470,[SHARED SERVICES - 85] Entidade: CROSS - Views de Budget e Forecast - TAMANHO: P,Story,2026-03-16T10:42:58.359-0300,2026-05-04T12:26:08.620-0300,Test,Done,ana.santos22,SQUAD_1,2026-04-20,2026-04-22,
BF3E4-5470,[SHARED SERVICES - 85] Entidade: CROSS - Views de Budget e Forecast - TAMANHO: P,Story,2026-03-16T10:42:58.359-0300,2026-05-02T08:51:20.384-0300,Waiting Test,Test,ana.santos22,SQUAD_1,2026-04-20,2026-04-22,
BF3E4-5470,[SHARED SERVICES - 85] Entidade: CROSS - Views de Budget e Forecast - TAMANHO: P,Story,2026-03-16T10:42:58.359-0300,2026-04-23T22:10:55.267-0300,In Code Review,Waiting Test,artur.mariano,SQUAD_1,2026-04-20,2026-04-22,
BF3E4-5470,[SHARED SERVICES - 85] Entidade: CROSS - Views de Budget e Forecast - TAMANHO: P,Story,2026-03-16T10:42:58.359-0300,2026-04-23T22:10:51.566-0300,WAITING CODE REVIEW,In Code Review,artur.mariano,SQUAD_1,2026-04-20,2026-04-22,
BF3E4-5470,[SHARED SERVICES - 85] Entidade: CROSS - Views de Budget e Forecast - TAMANHO: P,Story,2026-03-16T10:42:58.359-0300,2026-04-23T22:10:48.526-0300,IN DEVELOPMENT,WAITING CODE REVIEW,artur.mariano,SQUAD_1,2026-04-20,2026-04-22,
BF3E4-5470,[SHARED SERVICES - 85] Entidade: CROSS - Views de Budget e Forecast - TAMANHO: P,Story,2026-03-16T10:42:58.359-0300,2026-04-23T21:50:06.313-0300,To Do,IN DEVELOPMENT,artur.mariano,SQUAD_1,2026-04-20,2026-04-22,
BF3E4-5470,[SHARED SERVICES - 85] Entidade: CROSS - Views de Budget e Forecast - TAMANHO: P,Story,2026-03-16T10:42:58.359-0300,2026-04-23T21:50:02.798-0300,Refined,To Do,artur.mariano,SQUAD_1,2026-04-20,2026-04-22,
BF3E4-5470,[SHARED SERVICES - 85] Entidade: CROSS - Views de Budget e Forecast - TAMANHO: P,Story,2026-03-16T10:42:58.359-0300,2026-04-22T21:55:59.043-0300,IN REFINEMENT,Refined,artur.mariano,SQUAD_1,2026-04-20,2026-04-22,
BF3E4-5470,[SHARED SERVICES - 85] Entidade: CROSS - Views de Budget e Forecast - TAMANHO: P,Story,2026-03-16T10:42:58.359-0300,2026-04-22T21:55:55.108-0300,WAITING REFINEMENT,IN REFINEMENT,artur.mariano,SQUAD_1,2026-04-20,2026-04-22,
BF3E4-5470,[SHARED SERVICES - 85] Entidade: CROSS - Views de Budget e Forecast - TAMANHO: P,Story,2026-03-16T10:42:58.359-0300,2026-04-22T21:55:49.612-0300,Open,WAITING REFINEMENT,artur.mariano,SQUAD_1,2026-04-20,2026-04-22,
BF3E4-5464,[SHARED SERVICES - 84] Entidade: CROSS - Views de Validação e Check de Erros - TAMANHO: P,Story,2026-03-16T10:42:45.291-0300,2026-05-08T17:31:22.909-0300,IN DEVELOPMENT,Canceled,luis.simoes2,SQUAD_1,2026-04-17,2026-04-22,
BF3E4-5464,[SHARED SERVICES - 84] Entidade: CROSS - Views de Validação e Check de Erros - TAMANHO: P,Story,2026-03-16T10:42:45.291-0300,2026-05-03T12:52:49.680-0300,To Do,IN DEVELOPMENT,gabriela.bortoletto,SQUAD_1,2026-04-17,2026-04-22,
BF3E4-5464,[SHARED SERVICES - 84] Entidade: CROSS - Views de Validação e Check de Erros - TAMANHO: P,Story,2026-03-16T10:42:45.291-0300,2026-05-01T15:16:08.203-0300,Refined,To Do,artur.mariano,SQUAD_1,2026-04-17,2026-04-22,
BF3E4-5464,[SHARED SERVICES - 84] Entidade: CROSS - Views de Validação e Check de Erros - TAMANHO: P,Story,2026-03-16T10:42:45.291-0300,2026-05-01T15:16:05.958-0300,IN REFINEMENT,Refined,artur.mariano,SQUAD_1,2026-04-17,2026-04-22,
BF3E4-5464,[SHARED SERVICES - 84] Entidade: CROSS - Views de Validação e Check de Erros - TAMANHO: P,Story,2026-03-16T10:42:45.291-0300,2026-05-01T15:16:03.895-0300,WAITING REFINEMENT,IN REFINEMENT,artur.mariano,SQUAD_1,2026-04-17,2026-04-22,
BF3E4-5464,[SHARED SERVICES - 84] Entidade: CROSS - Views de Validação e Check de Erros - TAMANHO: P,Story,2026-03-16T10:42:45.291-0300,2026-05-01T15:16:01.099-0300,Open,WAITING REFINEMENT,artur.mariano,SQUAD_1,2026-04-17,2026-04-22,
BF3E4-5464,[SHARED SERVICES - 84] Entidade: CROSS - Views de Validação e Check de Erros - TAMANHO: P,Story,2026-03-16T10:42:45.291-0300,2026-05-01T15:15:57.305-0300,Canceled,Open,artur.mariano,SQUAD_1,2026-04-17,2026-04-22,
BF3E4-5464,[SHARED SERVICES - 84] Entidade: CROSS - Views de Validação e Check de Erros - TAMANHO: P,Story,2026-03-16T10:42:45.291-0300,2026-05-01T15:15:54.445-0300,IN DEVELOPMENT,Canceled,artur.mariano,SQUAD_1,2026-04-17,2026-04-22,
BF3E4-5464,[SHARED SERVICES - 84] Entidade: CROSS - Views de Validação e Check de Erros - TAMANHO: P,Story,2026-03-16T10:42:45.291-0300,2026-04-29T09:22:50.605-0300,To Do,IN DEVELOPMENT,gabriela.bortoletto,SQUAD_1,2026-04-17,2026-04-22,
BF3E4-5464,[SHARED SERVICES - 84] Entidade: CROSS - Views de Validação e Check de Erros - TAMANHO: P,Story,2026-03-16T10:42:45.291-0300,2026-04-27T09:34:21.889-0300,Refined,To Do,artur.mariano,SQUAD_1,2026-04-17,2026-04-22,
BF3E4-5464,[SHARED SERVICES - 84] Entidade: CROSS - Views de Validação e Check de Erros - TAMANHO: P,Story,2026-03-16T10:42:45.291-0300,2026-04-22T21:56:41.278-0300,IN REFINEMENT,Refined,artur.mariano,SQUAD_1,2026-04-17,2026-04-22,
BF3E4-5464,[SHARED SERVICES - 84] Entidade: CROSS - Views de Validação e Check de Erros - TAMANHO: P,Story,2026-03-16T10:42:45.291-0300,2026-04-22T21:56:36.910-0300,WAITING REFINEMENT,IN REFINEMENT,artur.mariano,SQUAD_1,2026-04-17,2026-04-22,
BF3E4-5464,[SHARED SERVICES - 84] Entidade: CROSS - Views de Validação e Check de Erros - TAMANHO: P,Story,2026-03-16T10:42:45.291-0300,2026-04-22T21:56:26.042-0300,Open,WAITING REFINEMENT,artur.mariano,SQUAD_1,2026-04-17,2026-04-22,
BF3E4-5451,[SHARED SERVICES - 83] Entidade: SOI - Views Analíticas de Consumo (Datasets Especializados) - TAMANHO: G,Story,2026-03-16T10:42:21.572-0300,2026-05-07T16:41:47.089-0300,Test,Done,ana.santos22,SQUAD_1,2026-04-17,2026-05-04,
BF3E4-5451,[SHARED SERVICES - 83] Entidade: SOI - Views Analíticas de Consumo (Datasets Especializados) - TAMANHO: G,Story,2026-03-16T10:42:21.572-0300,2026-05-05T16:19:06.352-0300,Waiting Test,Test,ana.santos22,SQUAD_1,2026-04-17,2026-05-04,
BF3E4-5451,[SHARED SERVICES - 83] Entidade: SOI - Views Analíticas de Consumo (Datasets Especializados) - TAMANHO: G,Story,2026-03-16T10:42:21.572-0300,2026-05-04T16:21:10.668-0300,IN DEVELOPMENT,Waiting Test,luis.simoes2,SQUAD_1,2026-04-17,2026-05-04,
BF3E4-5451,[SHARED SERVICES - 83] Entidade: SOI - Views Analíticas de Consumo (Datasets Especializados) - TAMANHO: G,Story,2026-03-16T10:42:21.572-0300,2026-04-28T08:15:53.484-0300,To Do,IN DEVELOPMENT,antonio.tiburtino,SQUAD_1,2026-04-17,2026-05-04,
BF3E4-5451,[SHARED SERVICES - 83] Entidade: SOI - Views Analíticas de Consumo (Datasets Especializados) - TAMANHO: G,Story,2026-03-16T10:42:21.572-0300,2026-04-27T08:13:43.238-0300,Refined,To Do,antonio.tiburtino,SQUAD_1,2026-04-17,2026-05-04,
BF3E4-5451,[SHARED SERVICES - 83] Entidade: SOI - Views Analíticas de Consumo (Datasets Especializados) - TAMANHO: G,Story,2026-03-16T10:42:21.572-0300,2026-04-22T21:58:14.271-0300,IN REFINEMENT,Refined,artur.mariano,SQUAD_1,2026-04-17,2026-05-04,
BF3E4-5451,[SHARED SERVICES - 83] Entidade: SOI - Views Analíticas de Consumo (Datasets Especializados) - TAMANHO: G,Story,2026-03-16T10:42:21.572-0300,2026-04-22T21:58:10.401-0300,WAITING REFINEMENT,IN REFINEMENT,artur.mariano,SQUAD_1,2026-04-17,2026-05-04,
BF3E4-5451,[SHARED SERVICES - 83] Entidade: SOI - Views Analíticas de Consumo (Datasets Especializados) - TAMANHO: G,Story,2026-03-16T10:42:21.572-0300,2026-04-22T21:58:05.266-0300,Open,WAITING REFINEMENT,artur.mariano,SQUAD_1,2026-04-17,2026-05-04,
BF3E4-5445,[SHARED SERVICES - 82] Entidade: SOI - Views de Liderança e Índices - TAMANHO: P,Story,2026-03-16T10:42:07.580-0300,2026-05-12T15:25:09.460-0300,IN DEVELOPMENT,Canceled,jose.draszewski,SQUAD_1,2026-04-16,2026-04-20,
BF3E4-5445,[SHARED SERVICES - 82] Entidade: SOI - Views de Liderança e Índices - TAMANHO: P,Story,2026-03-16T10:42:07.580-0300,2026-04-28T08:11:13.191-0300,To Do,IN DEVELOPMENT,antonio.tiburtino,SQUAD_1,2026-04-16,2026-04-20,
BF3E4-5434,"[SHARED SERVICES - 81] Entidade: SOI - Views Stellantis Especiais (FLUA, Apps, Manufatura) - TAMANHO: G",Story,2026-03-16T10:41:47.438-0300,2026-05-11T12:14:22.493-0300,Test,Done,ana.santos22,SQUAD_1,2026-04-16,2026-04-28,
BF3E4-5434,"[SHARED SERVICES - 81] Entidade: SOI - Views Stellantis Especiais (FLUA, Apps, Manufatura) - TAMANHO: G",Story,2026-03-16T10:41:47.438-0300,2026-05-07T11:31:05.230-0300,Waiting Test,Test,artenize.teles,SQUAD_1,2026-04-16,2026-04-28,
BF3E4-5434,"[SHARED SERVICES - 81] Entidade: SOI - Views Stellantis Especiais (FLUA, Apps, Manufatura) - TAMANHO: G",Story,2026-03-16T10:41:47.438-0300,2026-05-05T16:19:16.440-0300,IN DEVELOPMENT,Waiting Test,artur.mariano,SQUAD_1,2026-04-16,2026-04-28,
BF3E4-5434,"[SHARED SERVICES - 81] Entidade: SOI - Views Stellantis Especiais (FLUA, Apps, Manufatura) - TAMANHO: G",Story,2026-03-16T10:41:47.438-0300,2026-05-02T11:31:03.709-0300,To Do,IN DEVELOPMENT,elias.nunes,SQUAD_1,2026-04-16,2026-04-28,
BF3E4-5423,[SHARED SERVICES - 80] Entidade: SOI - Views Stellantis Employee - Parte 2 (Especializadas) - TAMANHO: G,Story,2026-03-16T10:41:27.923-0300,2026-05-06T10:48:04.666-0300,Test,Done,ana.santos22,SQUAD_1,2026-04-14,2026-04-24,
BF3E4-5423,[SHARED SERVICES - 80] Entidade: SOI - Views Stellantis Employee - Parte 2 (Especializadas) - TAMANHO: G,Story,2026-03-16T10:41:27.923-0300,2026-05-03T20:40:40.636-0300,Waiting Test,Test,larissa.sotelo,SQUAD_1,2026-04-14,2026-04-24,
BF3E4-5423,[SHARED SERVICES - 80] Entidade: SOI - Views Stellantis Employee - Parte 2 (Especializadas) - TAMANHO: G,Story,2026-03-16T10:41:27.923-0300,2026-05-03T19:57:25.308-0300,IN DEVELOPMENT,Waiting Test,artur.mariano,SQUAD_1,2026-04-14,2026-04-24,
BF3E4-5423,[SHARED SERVICES - 80] Entidade: SOI - Views Stellantis Employee - Parte 2 (Especializadas) - TAMANHO: G,Story,2026-03-16T10:41:27.923-0300,2026-04-29T09:53:15.194-0300,To Do,IN DEVELOPMENT,olivia.diniz,SQUAD_1,2026-04-14,2026-04-24,
BF3E4-5414,[SHARED SERVICES - 79] Entidade: SOI - Views Stellantis Employee - Parte 1 (Core) - TAMANHO: G,Story,2026-03-16T10:41:08.364-0300,2026-05-04T16:29:38.759-0300,IN DEVELOPMENT,Canceled,artur.mariano,SQUAD_1,2026-04-13,2026-04-20,
BF3E4-5414,[SHARED SERVICES - 79] Entidade: SOI - Views Stellantis Employee - Parte 1 (Core) - TAMANHO: G,Story,2026-03-16T10:41:08.364-0300,2026-04-24T09:11:08.060-0300,To Do,IN DEVELOPMENT,jose.souto2,SQUAD_1,2026-04-13,2026-04-20,
BF3E4-5414,[SHARED SERVICES - 79] Entidade: SOI - Views Stellantis Employee - Parte 1 (Core) - TAMANHO: G,Story,2026-03-16T10:41:08.364-0300,2026-04-23T17:33:54.519-0300,Refined,To Do,jose.souto2,SQUAD_1,2026-04-13,2026-04-20,
BF3E4-5414,[SHARED SERVICES - 79] Entidade: SOI - Views Stellantis Employee - Parte 1 (Core) - TAMANHO: G,Story,2026-03-16T10:41:08.364-0300,2026-04-22T22:04:52.136-0300,IN REFINEMENT,Refined,artur.mariano,SQUAD_1,2026-04-13,2026-04-20,
BF3E4-5414,[SHARED SERVICES - 79] Entidade: SOI - Views Stellantis Employee - Parte 1 (Core) - TAMANHO: G,Story,2026-03-16T10:41:08.364-0300,2026-04-22T22:04:47.531-0300,WAITING REFINEMENT,IN REFINEMENT,artur.mariano,SQUAD_1,2026-04-13,2026-04-20,
BF3E4-5414,[SHARED SERVICES - 79] Entidade: SOI - Views Stellantis Employee - Parte 1 (Core) - TAMANHO: G,Story,2026-03-16T10:41:08.364-0300,2026-04-22T22:04:42.778-0300,Open,WAITING REFINEMENT,artur.mariano,SQUAD_1,2026-04-13,2026-04-20,
BF3E4-5409,[SHARED SERVICES - 78] Entidade: SOI - Views de Forecast e Budget - TAMANHO: P,Story,2026-03-16T10:40:58.051-0300,2026-05-05T14:39:45.607-0300,Test,Done,ana.santos22,SQUAD_1,2026-04-10,2026-04-13,
BF3E4-5409,[SHARED SERVICES - 78] Entidade: SOI - Views de Forecast e Budget - TAMANHO: P,Story,2026-03-16T10:40:58.051-0300,2026-05-05T11:51:41.833-0300,Waiting Test,Test,ana.santos22,SQUAD_1,2026-04-10,2026-04-13,
BF3E4-5409,[SHARED SERVICES - 78] Entidade: SOI - Views de Forecast e Budget - TAMANHO: P,Story,2026-03-16T10:40:58.051-0300,2026-05-04T17:44:38.714-0300,IN DEVELOPMENT,Waiting Test,jose.souto2,SQUAD_1,2026-04-10,2026-04-13,
BF3E4-5409,[SHARED SERVICES - 78] Entidade: SOI - Views de Forecast e Budget - TAMANHO: P,Story,2026-03-16T10:40:58.051-0300,2026-04-24T10:26:53.641-0300,To Do,IN DEVELOPMENT,caio.fascina,SQUAD_1,2026-04-10,2026-04-13,
BF3E4-5409,[SHARED SERVICES - 78] Entidade: SOI - Views de Forecast e Budget - TAMANHO: P,Story,2026-03-16T10:40:58.051-0300,2026-04-24T10:26:51.273-0300,Refined,To Do,caio.fascina,SQUAD_1,2026-04-10,2026-04-13,
BF3E4-5409,[SHARED SERVICES - 78] Entidade: SOI - Views de Forecast e Budget - TAMANHO: P,Story,2026-03-16T10:40:58.051-0300,2026-04-24T10:26:48.822-0300,IN REFINEMENT,Refined,caio.fascina,SQUAD_1,2026-04-10,2026-04-13,
BF3E4-5409,[SHARED SERVICES - 78] Entidade: SOI - Views de Forecast e Budget - TAMANHO: P,Story,2026-03-16T10:40:58.051-0300,2026-04-24T10:26:46.404-0300,WAITING REFINEMENT,IN REFINEMENT,caio.fascina,SQUAD_1,2026-04-10,2026-04-13,
BF3E4-5409,[SHARED SERVICES - 78] Entidade: SOI - Views de Forecast e Budget - TAMANHO: P,Story,2026-03-16T10:40:58.051-0300,2026-04-24T10:26:42.102-0300,Open,WAITING REFINEMENT,caio.fascina,SQUAD_1,2026-04-10,2026-04-13,
BF3E4-5409,[SHARED SERVICES - 78] Entidade: SOI - Views de Forecast e Budget - TAMANHO: P,Story,2026-03-16T10:40:58.051-0300,2026-04-24T10:26:37.058-0300,WAITING REFINEMENT,Open,caio.fascina,SQUAD_1,2026-04-10,2026-04-13,
BF3E4-5409,[SHARED SERVICES - 78] Entidade: SOI - Views de Forecast e Budget - TAMANHO: P,Story,2026-03-16T10:40:58.051-0300,2026-04-24T10:26:33.513-0300,Open,WAITING REFINEMENT,caio.fascina,SQUAD_1,2026-04-10,2026-04-13,
BF3E4-5409,[SHARED SERVICES - 78] Entidade: SOI - Views de Forecast e Budget - TAMANHO: P,Story,2026-03-16T10:40:58.051-0300,2026-04-24T10:26:29.877-0300,WAITING REFINEMENT,Open,caio.fascina,SQUAD_1,2026-04-10,2026-04-13,
BF3E4-5409,[SHARED SERVICES - 78] Entidade: SOI - Views de Forecast e Budget - TAMANHO: P,Story,2026-03-16T10:40:58.051-0300,2026-04-24T10:26:22.721-0300,Open,WAITING REFINEMENT,caio.fascina,SQUAD_1,2026-04-10,2026-04-13,
BF3E4-5409,[SHARED SERVICES - 78] Entidade: SOI - Views de Forecast e Budget - TAMANHO: P,Story,2026-03-16T10:40:58.051-0300,2026-04-24T10:26:19.175-0300,Canceled,Open,caio.fascina,SQUAD_1,2026-04-10,2026-04-13,
BF3E4-5409,[SHARED SERVICES - 78] Entidade: SOI - Views de Forecast e Budget - TAMANHO: P,Story,2026-03-16T10:40:58.051-0300,2026-04-24T10:26:16.408-0300,Waiting Test,Canceled,caio.fascina,SQUAD_1,2026-04-10,2026-04-13,
BF3E4-5409,[SHARED SERVICES - 78] Entidade: SOI - Views de Forecast e Budget - TAMANHO: P,Story,2026-03-16T10:40:58.051-0300,2026-04-24T10:24:20.544-0300,In Code Review,Waiting Test,caio.fascina,SQUAD_1,2026-04-10,2026-04-13,
BF3E4-5409,[SHARED SERVICES - 78] Entidade: SOI - Views de Forecast e Budget - TAMANHO: P,Story,2026-03-16T10:40:58.051-0300,2026-04-24T10:20:12.268-0300,WAITING CODE REVIEW,In Code Review,caio.fascina,SQUAD_1,2026-04-10,2026-04-13,
BF3E4-5409,[SHARED SERVICES - 78] Entidade: SOI - Views de Forecast e Budget - TAMANHO: P,Story,2026-03-16T10:40:58.051-0300,2026-04-24T10:20:08.800-0300,IN DEVELOPMENT,WAITING CODE REVIEW,caio.fascina,SQUAD_1,2026-04-10,2026-04-13,
BF3E4-5409,[SHARED SERVICES - 78] Entidade: SOI - Views de Forecast e Budget - TAMANHO: P,Story,2026-03-16T10:40:58.051-0300,2026-04-24T10:20:03.603-0300,To Do,IN DEVELOPMENT,caio.fascina,SQUAD_1,2026-04-10,2026-04-13,
BF3E4-5409,[SHARED SERVICES - 78] Entidade: SOI - Views de Forecast e Budget - TAMANHO: P,Story,2026-03-16T10:40:58.051-0300,2026-04-23T15:05:33.965-0300,Refined,To Do,caio.fascina,SQUAD_1,2026-04-10,2026-04-13,
BF3E4-5409,[SHARED SERVICES - 78] Entidade: SOI - Views de Forecast e Budget - TAMANHO: P,Story,2026-03-16T10:40:58.051-0300,2026-04-22T22:05:58.398-0300,IN REFINEMENT,Refined,artur.mariano,SQUAD_1,2026-04-10,2026-04-13,
BF3E4-5409,[SHARED SERVICES - 78] Entidade: SOI - Views de Forecast e Budget - TAMANHO: P,Story,2026-03-16T10:40:58.051-0300,2026-04-22T22:05:54.128-0300,WAITING REFINEMENT,IN REFINEMENT,artur.mariano,SQUAD_1,2026-04-10,2026-04-13,
BF3E4-5409,[SHARED SERVICES - 78] Entidade: SOI - Views de Forecast e Budget - TAMANHO: P,Story,2026-03-16T10:40:58.051-0300,2026-04-22T22:05:48.430-0300,Open,WAITING REFINEMENT,artur.mariano,SQUAD_1,2026-04-10,2026-04-13,
BF3E4-5402,[SHARED SERVICES - 77] Entidade: SOI - Views de Employee Data - TAMANHO: M,Story,2026-03-16T10:40:44.121-0300,2026-05-05T16:14:11.614-0300,Test,Done,ana.santos22,SQUAD_1,2026-04-10,2026-04-15,
BF3E4-5402,[SHARED SERVICES - 77] Entidade: SOI - Views de Employee Data - TAMANHO: M,Story,2026-03-16T10:40:44.121-0300,2026-05-05T13:35:26.617-0300,Waiting Test,Test,artur.mariano,SQUAD_1,2026-04-10,2026-04-15,
BF3E4-5402,[SHARED SERVICES - 77] Entidade: SOI - Views de Employee Data - TAMANHO: M,Story,2026-03-16T10:40:44.121-0300,2026-05-05T13:35:23.743-0300,IN DEVELOPMENT,Waiting Test,artur.mariano,SQUAD_1,2026-04-10,2026-04-15,
BF3E4-5402,[SHARED SERVICES - 77] Entidade: SOI - Views de Employee Data - TAMANHO: M,Story,2026-03-16T10:40:44.121-0300,2026-04-22T15:28:44.452-0300,To Do,IN DEVELOPMENT,caio.fascina,SQUAD_1,2026-04-10,2026-04-15,
BF3E4-5402,[SHARED SERVICES - 77] Entidade: SOI - Views de Employee Data - TAMANHO: M,Story,2026-03-16T10:40:44.121-0300,2026-04-22T15:28:40.276-0300,Refined,To Do,caio.fascina,SQUAD_1,2026-04-10,2026-04-15,
BF3E4-5402,[SHARED SERVICES - 77] Entidade: SOI - Views de Employee Data - TAMANHO: M,Story,2026-03-16T10:40:44.121-0300,2026-04-22T15:28:37.742-0300,IN REFINEMENT,Refined,caio.fascina,SQUAD_1,2026-04-10,2026-04-15,
BF3E4-5402,[SHARED SERVICES - 77] Entidade: SOI - Views de Employee Data - TAMANHO: M,Story,2026-03-16T10:40:44.121-0300,2026-04-22T15:28:34.530-0300,WAITING REFINEMENT,IN REFINEMENT,caio.fascina,SQUAD_1,2026-04-10,2026-04-15,
BF3E4-5402,[SHARED SERVICES - 77] Entidade: SOI - Views de Employee Data - TAMANHO: M,Story,2026-03-16T10:40:44.121-0300,2026-04-22T15:28:28.616-0300,Open,WAITING REFINEMENT,caio.fascina,SQUAD_1,2026-04-10,2026-04-15,
BF3E4-5394,[SHARED SERVICES - 76] Entidade: SOI - Views de Validação e Check - TAMANHO: M,Story,2026-03-16T10:40:27.864-0300,2026-05-05T07:35:03.794-0300,Test,Done,ana.santos22,SQUAD_1,2026-04-10,2026-04-16,
BF3E4-5394,[SHARED SERVICES - 76] Entidade: SOI - Views de Validação e Check - TAMANHO: M,Story,2026-03-16T10:40:27.864-0300,2026-05-02T08:50:27.015-0300,Waiting Test,Test,ana.santos22,SQUAD_1,2026-04-10,2026-04-16,
BF3E4-5394,[SHARED SERVICES - 76] Entidade: SOI - Views de Validação e Check - TAMANHO: M,Story,2026-03-16T10:40:27.864-0300,2026-05-01T14:59:09.746-0300,IN DEVELOPMENT,Waiting Test,artur.mariano,SQUAD_1,2026-04-10,2026-04-16,
BF3E4-5394,[SHARED SERVICES - 76] Entidade: SOI - Views de Validação e Check - TAMANHO: M,Story,2026-03-16T10:40:27.864-0300,2026-04-22T16:14:00.210-0300,To Do,IN DEVELOPMENT,elias.nunes,SQUAD_1,2026-04-10,2026-04-16,
BF3E4-5394,[SHARED SERVICES - 76] Entidade: SOI - Views de Validação e Check - TAMANHO: M,Story,2026-03-16T10:40:27.864-0300,2026-04-22T16:13:53.569-0300,Refined,To Do,elias.nunes,SQUAD_1,2026-04-10,2026-04-16,
BF3E4-5394,[SHARED SERVICES - 76] Entidade: SOI - Views de Validação e Check - TAMANHO: M,Story,2026-03-16T10:40:27.864-0300,2026-04-22T16:13:48.158-0300,IN REFINEMENT,Refined,elias.nunes,SQUAD_1,2026-04-10,2026-04-16,
BF3E4-5394,[SHARED SERVICES - 76] Entidade: SOI - Views de Validação e Check - TAMANHO: M,Story,2026-03-16T10:40:27.864-0300,2026-04-22T16:13:35.840-0300,WAITING REFINEMENT,IN REFINEMENT,elias.nunes,SQUAD_1,2026-04-10,2026-04-16,
BF3E4-5394,[SHARED SERVICES - 76] Entidade: SOI - Views de Validação e Check - TAMANHO: M,Story,2026-03-16T10:40:27.864-0300,2026-04-22T16:13:18.836-0300,Open,WAITING REFINEMENT,elias.nunes,SQUAD_1,2026-04-10,2026-04-16,
BF3E4-5386,[SHARED SERVICES - 75] Entidade: SOI - Views Primárias FCA_RH_SOI - Parte 2 (Basic Data) - TAMANHO: M,Story,2026-03-16T10:40:00.520-0300,2026-05-03T20:10:49.783-0300,Test,Done,larissa.sotelo,SQUAD_1,2026-04-10,2026-04-15,
BF3E4-5386,[SHARED SERVICES - 75] Entidade: SOI - Views Primárias FCA_RH_SOI - Parte 2 (Basic Data) - TAMANHO: M,Story,2026-03-16T10:40:00.520-0300,2026-05-02T17:06:52.501-0300,Waiting Test,Test,artur.mariano,SQUAD_1,2026-04-10,2026-04-15,
BF3E4-5386,[SHARED SERVICES - 75] Entidade: SOI - Views Primárias FCA_RH_SOI - Parte 2 (Basic Data) - TAMANHO: M,Story,2026-03-16T10:40:00.520-0300,2026-05-02T17:06:49.804-0300,IN DEVELOPMENT,Waiting Test,artur.mariano,SQUAD_1,2026-04-10,2026-04-15,
BF3E4-5373,[SHARED SERVICES - 74] Entidade: SOI - Views Primárias FCA_RH_SOI - Parte 1 (PSA e Dados Base) - TAMANHO: G,Story,2026-03-16T10:39:34.882-0300,2026-05-01T15:37:54.003-0300,Test,Done,larissa.sotelo,SQUAD_1,2026-04-10,2026-04-24,
BF3E4-5373,[SHARED SERVICES - 74] Entidade: SOI - Views Primárias FCA_RH_SOI - Parte 1 (PSA e Dados Base) - TAMANHO: G,Story,2026-03-16T10:39:34.882-0300,2026-04-30T18:35:59.493-0300,Waiting Test,Test,larissa.sotelo,SQUAD_1,2026-04-10,2026-04-24,
BF3E4-5373,[SHARED SERVICES - 74] Entidade: SOI - Views Primárias FCA_RH_SOI - Parte 1 (PSA e Dados Base) - TAMANHO: G,Story,2026-03-16T10:39:34.882-0300,2026-04-30T10:16:51.833-0300,IN DEVELOPMENT,Waiting Test,luis.simoes2,SQUAD_1,2026-04-10,2026-04-24,
BF3E4-5373,[SHARED SERVICES - 74] Entidade: SOI - Views Primárias FCA_RH_SOI - Parte 1 (PSA e Dados Base) - TAMANHO: G,Story,2026-03-16T10:39:34.882-0300,2026-04-22T13:02:44.994-0300,To Do,IN DEVELOPMENT,artur.mariano,SQUAD_1,2026-04-10,2026-04-24,
BF3E4-5373,[SHARED SERVICES - 74] Entidade: SOI - Views Primárias FCA_RH_SOI - Parte 1 (PSA e Dados Base) - TAMANHO: G,Story,2026-03-16T10:39:34.882-0300,2026-04-22T13:02:42.191-0300,Refined,To Do,artur.mariano,SQUAD_1,2026-04-10,2026-04-24,
BF3E4-5373,[SHARED SERVICES - 74] Entidade: SOI - Views Primárias FCA_RH_SOI - Parte 1 (PSA e Dados Base) - TAMANHO: G,Story,2026-03-16T10:39:34.882-0300,2026-04-22T13:02:39.295-0300,IN REFINEMENT,Refined,artur.mariano,SQUAD_1,2026-04-10,2026-04-24,
BF3E4-5373,[SHARED SERVICES - 74] Entidade: SOI - Views Primárias FCA_RH_SOI - Parte 1 (PSA e Dados Base) - TAMANHO: G,Story,2026-03-16T10:39:34.882-0300,2026-04-22T13:02:36.848-0300,WAITING REFINEMENT,IN REFINEMENT,artur.mariano,SQUAD_1,2026-04-10,2026-04-24,
BF3E4-5373,[SHARED SERVICES - 74] Entidade: SOI - Views Primárias FCA_RH_SOI - Parte 1 (PSA e Dados Base) - TAMANHO: G,Story,2026-03-16T10:39:34.882-0300,2026-04-22T13:02:34.194-0300,Open,WAITING REFINEMENT,artur.mariano,SQUAD_1,2026-04-10,2026-04-24,
BF3E4-5368,[SHARED SERVICES - 73] Entidade: SOI - Views Base (Check Grupo FCA) - TAMANHO: P,Story,2026-03-16T10:39:21.872-0300,2026-04-30T18:30:30.276-0300,Test,Done,larissa.sotelo,SQUAD_1,2026-04-08,2026-04-09,
BF3E4-5368,[SHARED SERVICES - 73] Entidade: SOI - Views Base (Check Grupo FCA) - TAMANHO: P,Story,2026-03-16T10:39:21.872-0300,2026-04-30T15:32:56.596-0300,Waiting Test,Test,larissa.sotelo,SQUAD_1,2026-04-08,2026-04-09,
BF3E4-5368,[SHARED SERVICES - 73] Entidade: SOI - Views Base (Check Grupo FCA) - TAMANHO: P,Story,2026-03-16T10:39:21.872-0300,2026-04-30T10:16:44.683-0300,IN DEVELOPMENT,Waiting Test,luis.simoes2,SQUAD_1,2026-04-08,2026-04-09,
BF3E4-5368,[SHARED SERVICES - 73] Entidade: SOI - Views Base (Check Grupo FCA) - TAMANHO: P,Story,2026-03-16T10:39:21.872-0300,2026-04-22T13:02:27.682-0300,To Do,IN DEVELOPMENT,artur.mariano,SQUAD_1,2026-04-08,2026-04-09,
BF3E4-5368,[SHARED SERVICES - 73] Entidade: SOI - Views Base (Check Grupo FCA) - TAMANHO: P,Story,2026-03-16T10:39:21.872-0300,2026-04-22T13:02:25.026-0300,Refined,To Do,artur.mariano,SQUAD_1,2026-04-08,2026-04-09,
BF3E4-5368,[SHARED SERVICES - 73] Entidade: SOI - Views Base (Check Grupo FCA) - TAMANHO: P,Story,2026-03-16T10:39:21.872-0300,2026-04-22T13:02:22.460-0300,IN REFINEMENT,Refined,artur.mariano,SQUAD_1,2026-04-08,2026-04-09,
BF3E4-5368,[SHARED SERVICES - 73] Entidade: SOI - Views Base (Check Grupo FCA) - TAMANHO: P,Story,2026-03-16T10:39:21.872-0300,2026-04-22T13:02:19.945-0300,WAITING REFINEMENT,IN REFINEMENT,artur.mariano,SQUAD_1,2026-04-08,2026-04-09,
BF3E4-5368,[SHARED SERVICES - 73] Entidade: SOI - Views Base (Check Grupo FCA) - TAMANHO: P,Story,2026-03-16T10:39:21.872-0300,2026-04-22T13:02:15.732-0300,Open,WAITING REFINEMENT,artur.mariano,SQUAD_1,2026-04-08,2026-04-09,
BF3E4-5363,[SHARED SERVICES - 72] Entidade: SOI - Tabelas de Staging (Schema Only) - Parte 4 - TAMANHO: G,Story,2026-03-16T10:39:10.869-0300,2026-04-30T18:02:38.594-0300,Test,Done,ana.santos22,SQUAD_1,2026-04-08,2026-04-10,
BF3E4-5363,[SHARED SERVICES - 72] Entidade: SOI - Tabelas de Staging (Schema Only) - Parte 4 - TAMANHO: G,Story,2026-03-16T10:39:10.869-0300,2026-04-30T18:02:29.823-0300,Waiting Test,Test,ana.santos22,SQUAD_1,2026-04-08,2026-04-10,
BF3E4-5363,[SHARED SERVICES - 72] Entidade: SOI - Tabelas de Staging (Schema Only) - Parte 4 - TAMANHO: G,Story,2026-03-16T10:39:10.869-0300,2026-04-27T14:24:58.554-0300,IN DEVELOPMENT,Waiting Test,artur.mariano,SQUAD_1,2026-04-08,2026-04-10,
BF3E4-5363,[SHARED SERVICES - 72] Entidade: SOI - Tabelas de Staging (Schema Only) - Parte 4 - TAMANHO: G,Story,2026-03-16T10:39:10.869-0300,2026-04-22T13:00:07.603-0300,To Do,IN DEVELOPMENT,artur.mariano,SQUAD_1,2026-04-08,2026-04-10,
BF3E4-5363,[SHARED SERVICES - 72] Entidade: SOI - Tabelas de Staging (Schema Only) - Parte 4 - TAMANHO: G,Story,2026-03-16T10:39:10.869-0300,2026-04-22T13:00:00.366-0300,Refined,To Do,artur.mariano,SQUAD_1,2026-04-08,2026-04-10,
BF3E4-5363,[SHARED SERVICES - 72] Entidade: SOI - Tabelas de Staging (Schema Only) - Parte 4 - TAMANHO: G,Story,2026-03-16T10:39:10.869-0300,2026-04-22T12:59:57.535-0300,IN REFINEMENT,Refined,artur.mariano,SQUAD_1,2026-04-08,2026-04-10,
BF3E4-5363,[SHARED SERVICES - 72] Entidade: SOI - Tabelas de Staging (Schema Only) - Parte 4 - TAMANHO: G,Story,2026-03-16T10:39:10.869-0300,2026-04-22T10:53:07.822-0300,WAITING REFINEMENT,IN REFINEMENT,artur.mariano,SQUAD_1,2026-04-08,2026-04-10,
BF3E4-5363,[SHARED SERVICES - 72] Entidade: SOI - Tabelas de Staging (Schema Only) - Parte 4 - TAMANHO: G,Story,2026-03-16T10:39:10.869-0300,2026-04-22T10:53:04.001-0300,Open,WAITING REFINEMENT,artur.mariano,SQUAD_1,2026-04-08,2026-04-10,
BF3E4-5352,[SHARED SERVICES - 71] Entidade: SOI - Tabelas de Configuração - Parte 3 - TAMANHO: G,Story,2026-03-16T10:38:51.122-0300,2026-04-28T16:04:18.052-0300,Test,Done,ana.santos22,SQUAD_1,2026-04-07,2026-04-17,
BF3E4-5352,[SHARED SERVICES - 71] Entidade: SOI - Tabelas de Configuração - Parte 3 - TAMANHO: G,Story,2026-03-16T10:38:51.122-0300,2026-04-28T09:17:25.934-0300,Waiting Test,Test,ana.santos22,SQUAD_1,2026-04-07,2026-04-17,
BF3E4-5352,[SHARED SERVICES - 71] Entidade: SOI - Tabelas de Configuração - Parte 3 - TAMANHO: G,Story,2026-03-16T10:38:51.122-0300,2026-04-23T17:30:35.375-0300,In Code Review,Waiting Test,jose.souto2,SQUAD_1,2026-04-07,2026-04-17,
BF3E4-5352,[SHARED SERVICES - 71] Entidade: SOI - Tabelas de Configuração - Parte 3 - TAMANHO: G,Story,2026-03-16T10:38:51.122-0300,2026-04-23T17:30:33.152-0300,WAITING CODE REVIEW,In Code Review,jose.souto2,SQUAD_1,2026-04-07,2026-04-17,
BF3E4-5352,[SHARED SERVICES - 71] Entidade: SOI - Tabelas de Configuração - Parte 3 - TAMANHO: G,Story,2026-03-16T10:38:51.122-0300,2026-04-23T17:30:05.836-0300,IN DEVELOPMENT,WAITING CODE REVIEW,jose.souto2,SQUAD_1,2026-04-07,2026-04-17,
BF3E4-5352,[SHARED SERVICES - 71] Entidade: SOI - Tabelas de Configuração - Parte 3 - TAMANHO: G,Story,2026-03-16T10:38:51.122-0300,2026-04-22T11:05:38.445-0300,To Do,IN DEVELOPMENT,jose.souto2,SQUAD_1,2026-04-07,2026-04-17,
BF3E4-5352,[SHARED SERVICES - 71] Entidade: SOI - Tabelas de Configuração - Parte 3 - TAMANHO: G,Story,2026-03-16T10:38:51.122-0300,2026-04-22T10:52:57.265-0300,Refined,To Do,artur.mariano,SQUAD_1,2026-04-07,2026-04-17,
BF3E4-5352,[SHARED SERVICES - 71] Entidade: SOI - Tabelas de Configuração - Parte 3 - TAMANHO: G,Story,2026-03-16T10:38:51.122-0300,2026-04-22T10:52:53.200-0300,IN REFINEMENT,Refined,artur.mariano,SQUAD_1,2026-04-07,2026-04-17,
BF3E4-5352,[SHARED SERVICES - 71] Entidade: SOI - Tabelas de Configuração - Parte 3 - TAMANHO: G,Story,2026-03-16T10:38:51.122-0300,2026-04-22T10:52:49.631-0300,WAITING REFINEMENT,IN REFINEMENT,artur.mariano,SQUAD_1,2026-04-07,2026-04-17,
BF3E4-5352,[SHARED SERVICES - 71] Entidade: SOI - Tabelas de Configuração - Parte 3 - TAMANHO: G,Story,2026-03-16T10:38:51.122-0300,2026-04-22T10:52:45.669-0300,Open,WAITING REFINEMENT,artur.mariano,SQUAD_1,2026-04-07,2026-04-17,
BF3E4-5352,[SHARED SERVICES - 71] Entidade: SOI - Tabelas de Configuração - Parte 3 - TAMANHO: G,Story,2026-03-16T10:38:51.122-0300,2026-04-22T10:52:39.493-0300,Canceled,Open,artur.mariano,SQUAD_1,2026-04-07,2026-04-17,
BF3E4-5352,[SHARED SERVICES - 71] Entidade: SOI - Tabelas de Configuração - Parte 3 - TAMANHO: G,Story,2026-03-16T10:38:51.122-0300,2026-04-22T10:52:35.364-0300,In Code Review,Canceled,artur.mariano,SQUAD_1,2026-04-07,2026-04-17,
BF3E4-5352,[SHARED SERVICES - 71] Entidade: SOI - Tabelas de Configuração - Parte 3 - TAMANHO: G,Story,2026-03-16T10:38:51.122-0300,2026-04-22T10:52:04.967-0300,WAITING CODE REVIEW,In Code Review,artur.mariano,SQUAD_1,2026-04-07,2026-04-17,
BF3E4-5352,[SHARED SERVICES - 71] Entidade: SOI - Tabelas de Configuração - Parte 3 - TAMANHO: G,Story,2026-03-16T10:38:51.122-0300,2026-04-22T10:52:00.501-0300,IN DEVELOPMENT,WAITING CODE REVIEW,artur.mariano,SQUAD_1,2026-04-07,2026-04-17,
BF3E4-5352,[SHARED SERVICES - 71] Entidade: SOI - Tabelas de Configuração - Parte 3 - TAMANHO: G,Story,2026-03-16T10:38:51.122-0300,2026-04-22T10:50:35.013-0300,To Do,IN DEVELOPMENT,jose.souto2,SQUAD_1,2026-04-07,2026-04-17,
BF3E4-5352,[SHARED SERVICES - 71] Entidade: SOI - Tabelas de Configuração - Parte 3 - TAMANHO: G,Story,2026-03-16T10:38:51.122-0300,2026-04-22T10:50:30.191-0300,Refined,To Do,jose.souto2,SQUAD_1,2026-04-07,2026-04-17,
BF3E4-5352,[SHARED SERVICES - 71] Entidade: SOI - Tabelas de Configuração - Parte 3 - TAMANHO: G,Story,2026-03-16T10:38:51.122-0300,2026-04-22T10:50:26.563-0300,IN REFINEMENT,Refined,jose.souto2,SQUAD_1,2026-04-07,2026-04-17,
BF3E4-5352,[SHARED SERVICES - 71] Entidade: SOI - Tabelas de Configuração - Parte 3 - TAMANHO: G,Story,2026-03-16T10:38:51.122-0300,2026-04-22T10:50:23.679-0300,WAITING REFINEMENT,IN REFINEMENT,jose.souto2,SQUAD_1,2026-04-07,2026-04-17,
BF3E4-5352,[SHARED SERVICES - 71] Entidade: SOI - Tabelas de Configuração - Parte 3 - TAMANHO: G,Story,2026-03-16T10:38:51.122-0300,2026-04-22T10:50:13.628-0300,Open,WAITING REFINEMENT,jose.souto2,SQUAD_1,2026-04-07,2026-04-17,
BF3E4-5352,[SHARED SERVICES - 71] Entidade: SOI - Tabelas de Configuração - Parte 3 - TAMANHO: G,Story,2026-03-16T10:38:51.122-0300,2026-04-20T10:43:07.849-0300,WAITING REFINEMENT,Open,jose.souto2,SQUAD_1,2026-04-07,2026-04-17,
BF3E4-5352,[SHARED SERVICES - 71] Entidade: SOI - Tabelas de Configuração - Parte 3 - TAMANHO: G,Story,2026-03-16T10:38:51.122-0300,2026-04-20T10:42:59.176-0300,Open,WAITING REFINEMENT,jose.souto2,SQUAD_1,2026-04-07,2026-04-17,
BF3E4-5340,[SHARED SERVICES - 70] Entidade: SOI - Tabelas de Configuração - Parte 2 - TAMANHO: G,Story,2026-03-16T10:38:28.598-0300,2026-04-29T17:46:18.809-0300,Canceled,Done,artur.mariano,SQUAD_1,2026-04-07,2026-04-20,
BF3E4-5340,[SHARED SERVICES - 70] Entidade: SOI - Tabelas de Configuração - Parte 2 - TAMANHO: G,Story,2026-03-16T10:38:28.598-0300,2026-04-29T17:44:02.295-0300,Waiting Test,Canceled,artur.mariano,SQUAD_1,2026-04-07,2026-04-20,
BF3E4-5340,[SHARED SERVICES - 70] Entidade: SOI - Tabelas de Configuração - Parte 2 - TAMANHO: G,Story,2026-03-16T10:38:28.598-0300,2026-04-28T09:34:45.930-0300,IN DEVELOPMENT,Waiting Test,henrique.damaceno,SQUAD_1,2026-04-07,2026-04-20,
BF3E4-5340,[SHARED SERVICES - 70] Entidade: SOI - Tabelas de Configuração - Parte 2 - TAMANHO: G,Story,2026-03-16T10:38:28.598-0300,2026-04-22T13:00:14.587-0300,To Do,IN DEVELOPMENT,artur.mariano,SQUAD_1,2026-04-07,2026-04-20,
BF3E4-5340,[SHARED SERVICES - 70] Entidade: SOI - Tabelas de Configuração - Parte 2 - TAMANHO: G,Story,2026-03-16T10:38:28.598-0300,2026-04-22T10:48:15.552-0300,Refined,To Do,artur.mariano,SQUAD_1,2026-04-07,2026-04-20,
BF3E4-5340,[SHARED SERVICES - 70] Entidade: SOI - Tabelas de Configuração - Parte 2 - TAMANHO: G,Story,2026-03-16T10:38:28.598-0300,2026-04-22T10:48:11.958-0300,IN REFINEMENT,Refined,artur.mariano,SQUAD_1,2026-04-07,2026-04-20,
BF3E4-5340,[SHARED SERVICES - 70] Entidade: SOI - Tabelas de Configuração - Parte 2 - TAMANHO: G,Story,2026-03-16T10:38:28.598-0300,2026-04-22T10:48:09.374-0300,WAITING REFINEMENT,IN REFINEMENT,artur.mariano,SQUAD_1,2026-04-07,2026-04-20,
BF3E4-5340,[SHARED SERVICES - 70] Entidade: SOI - Tabelas de Configuração - Parte 2 - TAMANHO: G,Story,2026-03-16T10:38:28.598-0300,2026-04-22T10:48:06.015-0300,Open,WAITING REFINEMENT,artur.mariano,SQUAD_1,2026-04-07,2026-04-20,
BF3E4-5340,[SHARED SERVICES - 70] Entidade: SOI - Tabelas de Configuração - Parte 2 - TAMANHO: G,Story,2026-03-16T10:38:28.598-0300,2026-04-22T10:47:53.309-0300,WAITING REFINEMENT,Open,artur.mariano,SQUAD_1,2026-04-07,2026-04-20,
BF3E4-5340,[SHARED SERVICES - 70] Entidade: SOI - Tabelas de Configuração - Parte 2 - TAMANHO: G,Story,2026-03-16T10:38:28.598-0300,2026-04-22T10:47:50.114-0300,Open,WAITING REFINEMENT,artur.mariano,SQUAD_1,2026-04-07,2026-04-20,
BF3E4-5328,[SHARED SERVICES - 69] Entidade: SOI - Tabelas de Configuração - TAMANHO: G,Story,2026-03-16T10:38:05.247-0300,2026-04-30T09:29:54.768-0300,Test,Done,ana.santos22,SQUAD_1,2026-04-07,2026-04-20,2026-04-30T11:30:00.000-0300
BF3E4-5328,[SHARED SERVICES - 69] Entidade: SOI - Tabelas de Configuração - TAMANHO: G,Story,2026-03-16T10:38:05.247-0300,2026-04-29T09:25:09.186-0300,Waiting Test,Test,olivia.diniz,SQUAD_1,2026-04-07,2026-04-20,2026-04-30T11:30:00.000-0300
BF3E4-5328,[SHARED SERVICES - 69] Entidade: SOI - Tabelas de Configuração - TAMANHO: G,Story,2026-03-16T10:38:05.247-0300,2026-04-28T23:29:11.101-0300,IN DEVELOPMENT,Waiting Test,artur.mariano,SQUAD_1,2026-04-07,2026-04-20,2026-04-30T11:30:00.000-0300
BF3E4-5328,[SHARED SERVICES - 69] Entidade: SOI - Tabelas de Configuração - TAMANHO: G,Story,2026-03-16T10:38:05.247-0300,2026-04-23T09:13:07.433-0300,To Do,IN DEVELOPMENT,artur.mariano,SQUAD_1,2026-04-07,2026-04-20,2026-04-30T11:30:00.000-0300
BF3E4-5328,[SHARED SERVICES - 69] Entidade: SOI - Tabelas de Configuração - TAMANHO: G,Story,2026-03-16T10:38:05.247-0300,2026-04-23T09:13:04.053-0300,Refined,To Do,artur.mariano,SQUAD_1,2026-04-07,2026-04-20,2026-04-30T11:30:00.000-0300
BF3E4-5328,[SHARED SERVICES - 69] Entidade: SOI - Tabelas de Configuração - TAMANHO: G,Story,2026-03-16T10:38:05.247-0300,2026-04-23T09:12:59.786-0300,IN REFINEMENT,Refined,artur.mariano,SQUAD_1,2026-04-07,2026-04-20,2026-04-30T11:30:00.000-0300
BF3E4-5328,[SHARED SERVICES - 69] Entidade: SOI - Tabelas de Configuração - TAMANHO: G,Story,2026-03-16T10:38:05.247-0300,2026-04-23T09:12:55.191-0300,WAITING REFINEMENT,IN REFINEMENT,artur.mariano,SQUAD_1,2026-04-07,2026-04-20,2026-04-30T11:30:00.000-0300
BF3E4-5328,[SHARED SERVICES - 69] Entidade: SOI - Tabelas de Configuração - TAMANHO: G,Story,2026-03-16T10:38:05.247-0300,2026-04-23T09:12:50.405-0300,Open,WAITING REFINEMENT,artur.mariano,SQUAD_1,2026-04-07,2026-04-20,2026-04-30T11:30:00.000-0300
BF3E4-5328,[SHARED SERVICES - 69] Entidade: SOI - Tabelas de Configuração - TAMANHO: G,Story,2026-03-16T10:38:05.247-0300,2026-04-23T09:12:46.173-0300,Canceled,Open,artur.mariano,SQUAD_1,2026-04-07,2026-04-20,2026-04-30T11:30:00.000-0300
BF3E4-5328,[SHARED SERVICES - 69] Entidade: SOI - Tabelas de Configuração - TAMANHO: G,Story,2026-03-16T10:38:05.247-0300,2026-04-23T09:12:42.549-0300,Waiting Test,Canceled,artur.mariano,SQUAD_1,2026-04-07,2026-04-20,2026-04-30T11:30:00.000-0300
BF3E4-5328,[SHARED SERVICES - 69] Entidade: SOI - Tabelas de Configuração - TAMANHO: G,Story,2026-03-16T10:38:05.247-0300,2026-04-22T16:14:19.950-0300,In Code Review,Waiting Test,elias.nunes,SQUAD_1,2026-04-07,2026-04-20,2026-04-30T11:30:00.000-0300
BF3E4-5328,[SHARED SERVICES - 69] Entidade: SOI - Tabelas de Configuração - TAMANHO: G,Story,2026-03-16T10:38:05.247-0300,2026-04-22T16:14:16.736-0300,WAITING CODE REVIEW,In Code Review,elias.nunes,SQUAD_1,2026-04-07,2026-04-20,2026-04-30T11:30:00.000-0300
BF3E4-5322,"[SHARED SERVICES - 68] Entidade: SOI - Tabelas Particionadas (Basic Data, Local Data, Actions) - TAMANHO: P",Story,2026-03-16T10:37:52.589-0300,2026-04-30T14:48:00.277-0300,Test,Done,larissa.sotelo,SQUAD_1,2026-04-07,2026-04-09,2026-04-29T23:30:00.000-0300
BF3E4-5322,"[SHARED SERVICES - 68] Entidade: SOI - Tabelas Particionadas (Basic Data, Local Data, Actions) - TAMANHO: P",Story,2026-03-16T10:37:52.589-0300,2026-04-29T14:17:15.249-0300,Waiting Test,Test,larissa.sotelo,SQUAD_1,2026-04-07,2026-04-09,2026-04-29T23:30:00.000-0300
BF3E4-5322,"[SHARED SERVICES - 68] Entidade: SOI - Tabelas Particionadas (Basic Data, Local Data, Actions) - TAMANHO: P",Story,2026-03-16T10:37:52.589-0300,2026-04-27T11:46:42.917-0300,IN DEVELOPMENT,Waiting Test,gabriela.bortoletto,SQUAD_1,2026-04-07,2026-04-09,2026-04-29T23:30:00.000-0300
BF3E4-5322,"[SHARED SERVICES - 68] Entidade: SOI - Tabelas Particionadas (Basic Data, Local Data, Actions) - TAMANHO: P",Story,2026-03-16T10:37:52.589-0300,2026-04-22T13:00:18.639-0300,To Do,IN DEVELOPMENT,artur.mariano,SQUAD_1,2026-04-07,2026-04-09,2026-04-29T23:30:00.000-0300
BF3E4-5322,"[SHARED SERVICES - 68] Entidade: SOI - Tabelas Particionadas (Basic Data, Local Data, Actions) - TAMANHO: P",Story,2026-03-16T10:37:52.589-0300,2026-04-08T14:13:39.700-0300,Refined,To Do,henrique.damaceno,SQUAD_1,2026-04-07,2026-04-09,2026-04-29T23:30:00.000-0300
BF3E4-5322,"[SHARED SERVICES - 68] Entidade: SOI - Tabelas Particionadas (Basic Data, Local Data, Actions) - TAMANHO: P",Story,2026-03-16T10:37:52.589-0300,2026-04-08T14:13:37.108-0300,IN REFINEMENT,Refined,henrique.damaceno,SQUAD_1,2026-04-07,2026-04-09,2026-04-29T23:30:00.000-0300
BF3E4-5322,"[SHARED SERVICES - 68] Entidade: SOI - Tabelas Particionadas (Basic Data, Local Data, Actions) - TAMANHO: P",Story,2026-03-16T10:37:52.589-0300,2026-04-08T14:13:33.154-0300,WAITING REFINEMENT,IN REFINEMENT,henrique.damaceno,SQUAD_1,2026-04-07,2026-04-09,2026-04-29T23:30:00.000-0300
BF3E4-5322,"[SHARED SERVICES - 68] Entidade: SOI - Tabelas Particionadas (Basic Data, Local Data, Actions) - TAMANHO: P",Story,2026-03-16T10:37:52.589-0300,2026-04-08T14:13:26.324-0300,Open,WAITING REFINEMENT,henrique.damaceno,SQUAD_1,2026-04-07,2026-04-09,2026-04-29T23:30:00.000-0300
BF3E4-5322,"[SHARED SERVICES - 68] Entidade: SOI - Tabelas Particionadas (Basic Data, Local Data, Actions) - TAMANHO: P",Story,2026-03-16T10:37:52.589-0300,2026-04-08T14:13:22.631-0300,WAITING REFINEMENT,Open,henrique.damaceno,SQUAD_1,2026-04-07,2026-04-09,2026-04-29T23:30:00.000-0300
BF3E4-5322,"[SHARED SERVICES - 68] Entidade: SOI - Tabelas Particionadas (Basic Data, Local Data, Actions) - TAMANHO: P",Story,2026-03-16T10:37:52.589-0300,2026-04-08T14:13:18.913-0300,Open,WAITING REFINEMENT,henrique.damaceno,SQUAD_1,2026-04-07,2026-04-09,2026-04-29T23:30:00.000-0300
BF3E4-5316,"[SHARED SERVICES - 67] Entidade: SOI - Tabelas Base (Family Members, PLM, WT8) - TAMANHO: P",Story,2026-03-16T10:37:38.287-0300,2026-04-23T11:31:00.184-0300,Test,Done,ana.santos22,SQUAD_1,2026-04-07,2026-04-09,
BF3E4-5316,"[SHARED SERVICES - 67] Entidade: SOI - Tabelas Base (Family Members, PLM, WT8) - TAMANHO: P",Story,2026-03-16T10:37:38.287-0300,2026-04-23T11:25:36.976-0300,Waiting Test,Test,artur.mariano,SQUAD_1,2026-04-07,2026-04-09,
BF3E4-5316,"[SHARED SERVICES - 67] Entidade: SOI - Tabelas Base (Family Members, PLM, WT8) - TAMANHO: P",Story,2026-03-16T10:37:38.287-0300,2026-04-22T15:21:07.218-0300,In Code Review,Waiting Test,caio.fascina,SQUAD_1,2026-04-07,2026-04-09,
BF3E4-5316,"[SHARED SERVICES - 67] Entidade: SOI - Tabelas Base (Family Members, PLM, WT8) - TAMANHO: P",Story,2026-03-16T10:37:38.287-0300,2026-04-22T15:21:04.487-0300,WAITING CODE REVIEW,In Code Review,caio.fascina,SQUAD_1,2026-04-07,2026-04-09,
BF3E4-5316,"[SHARED SERVICES - 67] Entidade: SOI - Tabelas Base (Family Members, PLM, WT8) - TAMANHO: P",Story,2026-03-16T10:37:38.287-0300,2026-04-22T15:21:01.292-0300,IN DEVELOPMENT,WAITING CODE REVIEW,caio.fascina,SQUAD_1,2026-04-07,2026-04-09,
BF3E4-5316,"[SHARED SERVICES - 67] Entidade: SOI - Tabelas Base (Family Members, PLM, WT8) - TAMANHO: P",Story,2026-03-16T10:37:38.287-0300,2026-04-22T10:47:32.475-0300,To Do,IN DEVELOPMENT,caio.fascina,SQUAD_1,2026-04-07,2026-04-09,
BF3E4-5316,"[SHARED SERVICES - 67] Entidade: SOI - Tabelas Base (Family Members, PLM, WT8) - TAMANHO: P",Story,2026-03-16T10:37:38.287-0300,2026-04-08T14:13:13.199-0300,Refined,To Do,henrique.damaceno,SQUAD_1,2026-04-07,2026-04-09,
BF3E4-5316,"[SHARED SERVICES - 67] Entidade: SOI - Tabelas Base (Family Members, PLM, WT8) - TAMANHO: P",Story,2026-03-16T10:37:38.287-0300,2026-03-25T13:41:40.656-0300,IN REFINEMENT,Refined,artur.mariano,SQUAD_1,2026-04-07,2026-04-09,
BF3E4-5316,"[SHARED SERVICES - 67] Entidade: SOI - Tabelas Base (Family Members, PLM, WT8) - TAMANHO: P",Story,2026-03-16T10:37:38.287-0300,2026-03-25T13:41:37.847-0300,WAITING REFINEMENT,IN REFINEMENT,artur.mariano,SQUAD_1,2026-04-07,2026-04-09,
BF3E4-5316,"[SHARED SERVICES - 67] Entidade: SOI - Tabelas Base (Family Members, PLM, WT8) - TAMANHO: P",Story,2026-03-16T10:37:38.287-0300,2026-03-25T13:41:33.304-0300,Open,WAITING REFINEMENT,artur.mariano,SQUAD_1,2026-04-07,2026-04-09,
BF3E4-5312,[SHARED SERVICES - 66] Entidade: Workday - Views Analytics - Remuneração e Desligamento - TAMANHO: M,Story,2026-03-16T10:37:25.790-0300,2026-04-30T14:14:31.985-0300,Test,Done,ana.santos22,SQUAD_1,2026-04-07,2026-04-07,2026-04-29T23:30:00.000-0300
BF3E4-5312,[SHARED SERVICES - 66] Entidade: Workday - Views Analytics - Remuneração e Desligamento - TAMANHO: M,Story,2026-03-16T10:37:25.790-0300,2026-04-29T08:03:36.637-0300,Waiting Test,Test,ana.santos22,SQUAD_1,2026-04-07,2026-04-07,2026-04-29T23:30:00.000-0300
BF3E4-5312,[SHARED SERVICES - 66] Entidade: Workday - Views Analytics - Remuneração e Desligamento - TAMANHO: M,Story,2026-03-16T10:37:25.790-0300,2026-04-28T23:20:11.790-0300,IN DEVELOPMENT,Waiting Test,artur.mariano,SQUAD_1,2026-04-07,2026-04-07,2026-04-29T23:30:00.000-0300
BF3E4-5312,[SHARED SERVICES - 66] Entidade: Workday - Views Analytics - Remuneração e Desligamento - TAMANHO: M,Story,2026-03-16T10:37:25.790-0300,2026-04-28T23:08:33.652-0300,To Do,IN DEVELOPMENT,artur.mariano,SQUAD_1,2026-04-07,2026-04-07,2026-04-29T23:30:00.000-0300
BF3E4-5306,[SHARED SERVICES - 65] Entidade: Workday - Views Normalized - Desligamento - TAMANHO: P,Story,2026-03-16T10:37:12.006-0300,2026-04-23T09:17:49.178-0300,Test,Done,ana.santos22,SQUAD_1,2026-04-07,2026-04-09,
BF3E4-5306,[SHARED SERVICES - 65] Entidade: Workday - Views Normalized - Desligamento - TAMANHO: P,Story,2026-03-16T10:37:12.006-0300,2026-04-22T09:27:17.552-0300,Waiting Test,Test,olivia.diniz,SQUAD_1,2026-04-07,2026-04-09,
BF3E4-5306,[SHARED SERVICES - 65] Entidade: Workday - Views Normalized - Desligamento - TAMANHO: P,Story,2026-03-16T10:37:12.006-0300,2026-04-22T09:27:14.345-0300,In Code Review,Waiting Test,olivia.diniz,SQUAD_1,2026-04-07,2026-04-09,
BF3E4-5306,[SHARED SERVICES - 65] Entidade: Workday - Views Normalized - Desligamento - TAMANHO: P,Story,2026-03-16T10:37:12.006-0300,2026-04-22T09:27:10.374-0300,WAITING CODE REVIEW,In Code Review,olivia.diniz,SQUAD_1,2026-04-07,2026-04-09,
BF3E4-5306,[SHARED SERVICES - 65] Entidade: Workday - Views Normalized - Desligamento - TAMANHO: P,Story,2026-03-16T10:37:12.006-0300,2026-04-22T09:27:05.416-0300,IN DEVELOPMENT,WAITING CODE REVIEW,olivia.diniz,SQUAD_1,2026-04-07,2026-04-09,
BF3E4-5306,[SHARED SERVICES - 65] Entidade: Workday - Views Normalized - Desligamento - TAMANHO: P,Story,2026-03-16T10:37:12.006-0300,2026-04-09T16:15:13.457-0300,To Do,IN DEVELOPMENT,artur.mariano,SQUAD_1,2026-04-07,2026-04-09,
BF3E4-5306,[SHARED SERVICES - 65] Entidade: Workday - Views Normalized - Desligamento - TAMANHO: P,Story,2026-03-16T10:37:12.006-0300,2026-04-08T14:13:07.752-0300,Refined,To Do,henrique.damaceno,SQUAD_1,2026-04-07,2026-04-09,
BF3E4-5306,[SHARED SERVICES - 65] Entidade: Workday - Views Normalized - Desligamento - TAMANHO: P,Story,2026-03-16T10:37:12.006-0300,2026-03-25T13:38:23.003-0300,IN REFINEMENT,Refined,artur.mariano,SQUAD_1,2026-04-07,2026-04-09,
BF3E4-5306,[SHARED SERVICES - 65] Entidade: Workday - Views Normalized - Desligamento - TAMANHO: P,Story,2026-03-16T10:37:12.006-0300,2026-03-25T13:38:20.048-0300,WAITING REFINEMENT,IN REFINEMENT,artur.mariano,SQUAD_1,2026-04-07,2026-04-09,
BF3E4-5306,[SHARED SERVICES - 65] Entidade: Workday - Views Normalized - Desligamento - TAMANHO: P,Story,2026-03-16T10:37:12.006-0300,2026-03-25T13:38:15.372-0300,Open,WAITING REFINEMENT,artur.mariano,SQUAD_1,2026-04-07,2026-04-09,
BF3E4-5295,[SHARED SERVICES - 64] Entidade: Workday - Views Normalized - Benefícios Parte 1 - TAMANHO: G DAG: data-lake-hrc-sharedservices-workday-benefits-data,Story,2026-03-16T10:36:50.476-0300,2026-05-22T16:30:13.435-0300,Waiting Test,Test,maria.lacerda2,SQUAD_4,2026-05-18,2026-05-29,
BF3E4-5295,[SHARED SERVICES - 64] Entidade: Workday - Views Normalized - Benefícios Parte 1 - TAMANHO: G DAG: data-lake-hrc-sharedservices-workday-benefits-data,Story,2026-03-16T10:36:50.476-0300,2026-05-22T15:35:22.013-0300,IN DEVELOPMENT,Waiting Test,pedro.campos,SQUAD_4,2026-05-18,2026-05-29,
BF3E4-5295,[SHARED SERVICES - 64] Entidade: Workday - Views Normalized - Benefícios Parte 1 - TAMANHO: G DAG: data-lake-hrc-sharedservices-workday-benefits-data,Story,2026-03-16T10:36:50.476-0300,2026-05-14T09:59:11.528-0300,To Do,IN DEVELOPMENT,pedro.campos,SQUAD_4,2026-05-18,2026-05-29,
BF3E4-5295,[SHARED SERVICES - 64] Entidade: Workday - Views Normalized - Benefícios Parte 1 - TAMANHO: G DAG: data-lake-hrc-sharedservices-workday-benefits-data,Story,2026-03-16T10:36:50.476-0300,2026-03-24T10:29:13.068-0300,Refined,To Do,fabio.bastos,SQUAD_4,2026-05-18,2026-05-29,
BF3E4-5295,[SHARED SERVICES - 64] Entidade: Workday - Views Normalized - Benefícios Parte 1 - TAMANHO: G DAG: data-lake-hrc-sharedservices-workday-benefits-data,Story,2026-03-16T10:36:50.476-0300,2026-03-18T15:16:54.277-0300,IN REFINEMENT,Refined,fabio.bastos,SQUAD_4,2026-05-18,2026-05-29,
BF3E4-5295,[SHARED SERVICES - 64] Entidade: Workday - Views Normalized - Benefícios Parte 1 - TAMANHO: G DAG: data-lake-hrc-sharedservices-workday-benefits-data,Story,2026-03-16T10:36:50.476-0300,2026-03-18T11:59:34.473-0300,WAITING REFINEMENT,IN REFINEMENT,fabio.bastos,SQUAD_4,2026-05-18,2026-05-29,
BF3E4-5289,[SHARED SERVICES - 63] Entidade: Workday - Views Normalized - Remuneração Parte 2 - TAMANHO: P,Story,2026-03-16T10:36:35.643-0300,2026-05-12T09:16:52.283-0300,Test,Done,artenize.teles,SQUAD_4,2026-05-22,2026-05-26,
BF3E4-5289,[SHARED SERVICES - 63] Entidade: Workday - Views Normalized - Remuneração Parte 2 - TAMANHO: P,Story,2026-03-16T10:36:35.643-0300,2026-05-11T15:44:13.670-0300,Waiting Test,Test,artenize.teles,SQUAD_4,2026-05-22,2026-05-26,
BF3E4-5289,[SHARED SERVICES - 63] Entidade: Workday - Views Normalized - Remuneração Parte 2 - TAMANHO: P,Story,2026-03-16T10:36:35.643-0300,2026-05-08T17:44:48.965-0300,IN DEVELOPMENT,Waiting Test,João Pedro Amaral de Oliveira,SQUAD_4,2026-05-22,2026-05-26,
BF3E4-5289,[SHARED SERVICES - 63] Entidade: Workday - Views Normalized - Remuneração Parte 2 - TAMANHO: P,Story,2026-03-16T10:36:35.643-0300,2026-05-08T11:09:31.946-0300,To Do,IN DEVELOPMENT,João Pedro Amaral de Oliveira,SQUAD_4,2026-05-22,2026-05-26,
BF3E4-5289,[SHARED SERVICES - 63] Entidade: Workday - Views Normalized - Remuneração Parte 2 - TAMANHO: P,Story,2026-03-16T10:36:35.643-0300,2026-03-24T10:29:15.154-0300,Refined,To Do,fabio.bastos,SQUAD_4,2026-05-22,2026-05-26,
BF3E4-5289,[SHARED SERVICES - 63] Entidade: Workday - Views Normalized - Remuneração Parte 2 - TAMANHO: P,Story,2026-03-16T10:36:35.643-0300,2026-03-18T15:16:57.824-0300,IN REFINEMENT,Refined,fabio.bastos,SQUAD_4,2026-05-22,2026-05-26,
BF3E4-5289,[SHARED SERVICES - 63] Entidade: Workday - Views Normalized - Remuneração Parte 2 - TAMANHO: P,Story,2026-03-16T10:36:35.643-0300,2026-03-18T11:59:37.511-0300,WAITING REFINEMENT,IN REFINEMENT,fabio.bastos,SQUAD_4,2026-05-22,2026-05-26,
BF3E4-5289,[SHARED SERVICES - 63] Entidade: Workday - Views Normalized - Remuneração Parte 2 - TAMANHO: P,Story,2026-03-16T10:36:35.643-0300,2026-03-18T11:07:29.966-0300,Open,WAITING REFINEMENT,fabio.bastos,SQUAD_4,2026-05-22,2026-05-26,
BF3E4-5279,[SHARED SERVICES - 62] Entidade: Workday - Views Normalized - Remuneração Parte 1 - TAMANHO: G,Story,2026-03-16T10:36:15.166-0300,2026-05-21T19:46:10.624-0300,Test,Done,artenize.teles,SQUAD_4,2026-05-20,2026-05-28,
BF3E4-5279,[SHARED SERVICES - 62] Entidade: Workday - Views Normalized - Remuneração Parte 1 - TAMANHO: G,Story,2026-03-16T10:36:15.166-0300,2026-05-21T11:46:11.135-0300,Waiting Test,Test,artenize.teles,SQUAD_4,2026-05-20,2026-05-28,
BF3E4-5279,[SHARED SERVICES - 62] Entidade: Workday - Views Normalized - Remuneração Parte 1 - TAMANHO: G,Story,2026-03-16T10:36:15.166-0300,2026-05-14T16:18:11.570-0300,IN DEVELOPMENT,Waiting Test,igor.eca,SQUAD_4,2026-05-20,2026-05-28,
BF3E4-5279,[SHARED SERVICES - 62] Entidade: Workday - Views Normalized - Remuneração Parte 1 - TAMANHO: G,Story,2026-03-16T10:36:15.166-0300,2026-05-13T15:17:02.778-0300,To Do,IN DEVELOPMENT,igor.eca,SQUAD_4,2026-05-20,2026-05-28,
BF3E4-5279,[SHARED SERVICES - 62] Entidade: Workday - Views Normalized - Remuneração Parte 1 - TAMANHO: G,Story,2026-03-16T10:36:15.166-0300,2026-03-24T10:29:17.878-0300,Refined,To Do,fabio.bastos,SQUAD_4,2026-05-20,2026-05-28,
BF3E4-5279,[SHARED SERVICES - 62] Entidade: Workday - Views Normalized - Remuneração Parte 1 - TAMANHO: G,Story,2026-03-16T10:36:15.166-0300,2026-03-18T15:17:02.255-0300,IN REFINEMENT,Refined,fabio.bastos,SQUAD_4,2026-05-20,2026-05-28,
BF3E4-5279,[SHARED SERVICES - 62] Entidade: Workday - Views Normalized - Remuneração Parte 1 - TAMANHO: G,Story,2026-03-16T10:36:15.166-0300,2026-03-18T11:59:39.839-0300,WAITING REFINEMENT,IN REFINEMENT,fabio.bastos,SQUAD_4,2026-05-20,2026-05-28,
BF3E4-5279,[SHARED SERVICES - 62] Entidade: Workday - Views Normalized - Remuneração Parte 1 - TAMANHO: G,Story,2026-03-16T10:36:15.166-0300,2026-03-18T11:07:26.477-0300,Open,WAITING REFINEMENT,fabio.bastos,SQUAD_4,2026-05-20,2026-05-28,
BF3E4-5269,[SHARED SERVICES - 61] Entidade: Workday - Views Normalized - Movimentação de Pessoal Parte 2 - TAMANHO: G,Story,2026-03-16T10:35:53.808-0300,2026-05-22T16:28:52.727-0300,Test,Done,maria.lacerda2,SQUAD_4,2026-05-19,2026-05-27,
BF3E4-5269,[SHARED SERVICES - 61] Entidade: Workday - Views Normalized - Movimentação de Pessoal Parte 2 - TAMANHO: G,Story,2026-03-16T10:35:53.808-0300,2026-05-22T08:50:34.493-0300,Waiting Test,Test,maria.lacerda2,SQUAD_4,2026-05-19,2026-05-27,
BF3E4-5269,[SHARED SERVICES - 61] Entidade: Workday - Views Normalized - Movimentação de Pessoal Parte 2 - TAMANHO: G,Story,2026-03-16T10:35:53.808-0300,2026-05-14T16:07:46.891-0300,IN DEVELOPMENT,Waiting Test,João Pedro Amaral de Oliveira,SQUAD_4,2026-05-19,2026-05-27,
BF3E4-5269,[SHARED SERVICES - 61] Entidade: Workday - Views Normalized - Movimentação de Pessoal Parte 2 - TAMANHO: G,Story,2026-03-16T10:35:53.808-0300,2026-05-13T13:30:48.774-0300,To Do,IN DEVELOPMENT,João Pedro Amaral de Oliveira,SQUAD_4,2026-05-19,2026-05-27,
BF3E4-5269,[SHARED SERVICES - 61] Entidade: Workday - Views Normalized - Movimentação de Pessoal Parte 2 - TAMANHO: G,Story,2026-03-16T10:35:53.808-0300,2026-03-24T10:29:21.029-0300,Refined,To Do,fabio.bastos,SQUAD_4,2026-05-19,2026-05-27,
BF3E4-5269,[SHARED SERVICES - 61] Entidade: Workday - Views Normalized - Movimentação de Pessoal Parte 2 - TAMANHO: G,Story,2026-03-16T10:35:53.808-0300,2026-03-18T15:17:06.408-0300,IN REFINEMENT,Refined,fabio.bastos,SQUAD_4,2026-05-19,2026-05-27,
BF3E4-5269,[SHARED SERVICES - 61] Entidade: Workday - Views Normalized - Movimentação de Pessoal Parte 2 - TAMANHO: G,Story,2026-03-16T10:35:53.808-0300,2026-03-18T11:59:42.637-0300,WAITING REFINEMENT,IN REFINEMENT,fabio.bastos,SQUAD_4,2026-05-19,2026-05-27,
BF3E4-5269,[SHARED SERVICES - 61] Entidade: Workday - Views Normalized - Movimentação de Pessoal Parte 2 - TAMANHO: G,Story,2026-03-16T10:35:53.808-0300,2026-03-18T11:07:23.822-0300,Open,WAITING REFINEMENT,fabio.bastos,SQUAD_4,2026-05-19,2026-05-27,
BF3E4-5259,[SHARED SERVICES - 60] Entidade: Workday - Views Normalized - Movimentação de Pessoal Parte 1 - TAMANHO: G,Story,2026-03-16T10:35:32.064-0300,2026-05-22T18:17:42.368-0300,Test,Done,artenize.teles,SQUAD_4,2026-05-18,2026-05-26,
BF3E4-5259,[SHARED SERVICES - 60] Entidade: Workday - Views Normalized - Movimentação de Pessoal Parte 1 - TAMANHO: G,Story,2026-03-16T10:35:32.064-0300,2026-05-21T19:47:36.462-0300,Waiting Test,Test,artenize.teles,SQUAD_4,2026-05-18,2026-05-26,
BF3E4-5259,[SHARED SERVICES - 60] Entidade: Workday - Views Normalized - Movimentação de Pessoal Parte 1 - TAMANHO: G,Story,2026-03-16T10:35:32.064-0300,2026-05-20T15:08:15.349-0300,IN DEVELOPMENT,Waiting Test,gustavo.mendes5,SQUAD_4,2026-05-18,2026-05-26,
BF3E4-5259,[SHARED SERVICES - 60] Entidade: Workday - Views Normalized - Movimentação de Pessoal Parte 1 - TAMANHO: G,Story,2026-03-16T10:35:32.064-0300,2026-05-08T17:11:25.685-0300,To Do,IN DEVELOPMENT,gustavo.mendes5,SQUAD_4,2026-05-18,2026-05-26,
BF3E4-5259,[SHARED SERVICES - 60] Entidade: Workday - Views Normalized - Movimentação de Pessoal Parte 1 - TAMANHO: G,Story,2026-03-16T10:35:32.064-0300,2026-03-24T10:29:24.044-0300,Refined,To Do,fabio.bastos,SQUAD_4,2026-05-18,2026-05-26,
BF3E4-5251,[SHARED SERVICES - 59] Entidade: Workday - Views Normalized - Estrutura Organizacional Parte 2 - TAMANHO: M,Story,2026-03-16T10:35:13.361-0300,2026-05-18T10:08:47.674-0300,Waiting Test,Test,maria.lacerda2,SQUAD_4,2026-05-18,2026-05-22,
BF3E4-5251,[SHARED SERVICES - 59] Entidade: Workday - Views Normalized - Estrutura Organizacional Parte 2 - TAMANHO: M,Story,2026-03-16T10:35:13.361-0300,2026-05-14T11:42:31.809-0300,IN DEVELOPMENT,Waiting Test,marcos.carvalho3,SQUAD_4,2026-05-18,2026-05-22,
BF3E4-5251,[SHARED SERVICES - 59] Entidade: Workday - Views Normalized - Estrutura Organizacional Parte 2 - TAMANHO: M,Story,2026-03-16T10:35:13.361-0300,2026-05-08T16:24:40.448-0300,To Do,IN DEVELOPMENT,gustavo.mendes5,SQUAD_4,2026-05-18,2026-05-22,
BF3E4-5242,[SHARED SERVICES - 58] Entidade: Workday - Views Normalized - Estrutura Organizacional Parte 1 - TAMANHO: G,Story,2026-03-16T10:34:54.094-0300,2026-05-13T12:34:22.096-0300,Test,Done,João Pedro Amaral de Oliveira,SQUAD_4,2026-05-15,2026-05-22,
BF3E4-5242,[SHARED SERVICES - 58] Entidade: Workday - Views Normalized - Estrutura Organizacional Parte 1 - TAMANHO: G,Story,2026-03-16T10:34:54.094-0300,2026-05-13T10:42:39.291-0300,Waiting Test,Test,João Pedro Amaral de Oliveira,SQUAD_4,2026-05-15,2026-05-22,
BF3E4-5242,[SHARED SERVICES - 58] Entidade: Workday - Views Normalized - Estrutura Organizacional Parte 1 - TAMANHO: G,Story,2026-03-16T10:34:54.094-0300,2026-05-12T14:38:11.468-0300,IN DEVELOPMENT,Waiting Test,marcos.carvalho3,SQUAD_4,2026-05-15,2026-05-22,
BF3E4-5242,[SHARED SERVICES - 58] Entidade: Workday - Views Normalized - Estrutura Organizacional Parte 1 - TAMANHO: G,Story,2026-03-16T10:34:54.094-0300,2026-05-08T14:34:21.561-0300,To Do,IN DEVELOPMENT,marcos.carvalho3,SQUAD_4,2026-05-15,2026-05-22,
BF3E4-5242,[SHARED SERVICES - 58] Entidade: Workday - Views Normalized - Estrutura Organizacional Parte 1 - TAMANHO: G,Story,2026-03-16T10:34:54.094-0300,2026-03-24T10:29:28.477-0300,Refined,To Do,fabio.bastos,SQUAD_4,2026-05-15,2026-05-22,
BF3E4-5242,[SHARED SERVICES - 58] Entidade: Workday - Views Normalized - Estrutura Organizacional Parte 1 - TAMANHO: G,Story,2026-03-16T10:34:54.094-0300,2026-03-18T15:18:06.541-0300,IN REFINEMENT,Refined,fabio.bastos,SQUAD_4,2026-05-15,2026-05-22,
BF3E4-5242,[SHARED SERVICES - 58] Entidade: Workday - Views Normalized - Estrutura Organizacional Parte 1 - TAMANHO: G,Story,2026-03-16T10:34:54.094-0300,2026-03-18T11:59:50.765-0300,WAITING REFINEMENT,IN REFINEMENT,fabio.bastos,SQUAD_4,2026-05-15,2026-05-22,
BF3E4-5242,[SHARED SERVICES - 58] Entidade: Workday - Views Normalized - Estrutura Organizacional Parte 1 - TAMANHO: G,Story,2026-03-16T10:34:54.094-0300,2026-03-18T11:07:09.925-0300,Open,WAITING REFINEMENT,fabio.bastos,SQUAD_4,2026-05-15,2026-05-22,
BF3E4-5233,[SHARED SERVICES - 57] Entidade: Workday - Views Normalized - Contratação - TAMANHO: M,Story,2026-03-16T10:34:35.659-0300,2026-05-23T14:24:01.757-0300,Test,Done,artenize.teles,SQUAD_4,2026-05-15,2026-05-22,
BF3E4-5233,[SHARED SERVICES - 57] Entidade: Workday - Views Normalized - Contratação - TAMANHO: M,Story,2026-03-16T10:34:35.659-0300,2026-05-22T18:29:55.076-0300,Waiting Test,Test,artenize.teles,SQUAD_4,2026-05-15,2026-05-22,
BF3E4-5233,[SHARED SERVICES - 57] Entidade: Workday - Views Normalized - Contratação - TAMANHO: M,Story,2026-03-16T10:34:35.659-0300,2026-05-21T14:54:04.622-0300,IN DEVELOPMENT,Waiting Test,alan.correa,SQUAD_4,2026-05-15,2026-05-22,
BF3E4-5233,[SHARED SERVICES - 57] Entidade: Workday - Views Normalized - Contratação - TAMANHO: M,Story,2026-03-16T10:34:35.659-0300,2026-05-21T14:54:02.555-0300,To Do,IN DEVELOPMENT,alan.correa,SQUAD_4,2026-05-15,2026-05-22,
BF3E4-5233,[SHARED SERVICES - 57] Entidade: Workday - Views Normalized - Contratação - TAMANHO: M,Story,2026-03-16T10:34:35.659-0300,2026-05-21T14:54:00.342-0300,Refined,To Do,alan.correa,SQUAD_4,2026-05-15,2026-05-22,
BF3E4-5233,[SHARED SERVICES - 57] Entidade: Workday - Views Normalized - Contratação - TAMANHO: M,Story,2026-03-16T10:34:35.659-0300,2026-05-21T14:53:57.496-0300,IN REFINEMENT,Refined,alan.correa,SQUAD_4,2026-05-15,2026-05-22,
BF3E4-5233,[SHARED SERVICES - 57] Entidade: Workday - Views Normalized - Contratação - TAMANHO: M,Story,2026-03-16T10:34:35.659-0300,2026-05-21T14:53:55.467-0300,WAITING REFINEMENT,IN REFINEMENT,alan.correa,SQUAD_4,2026-05-15,2026-05-22,
BF3E4-5233,[SHARED SERVICES - 57] Entidade: Workday - Views Normalized - Contratação - TAMANHO: M,Story,2026-03-16T10:34:35.659-0300,2026-05-21T14:53:53.007-0300,Open,WAITING REFINEMENT,alan.correa,SQUAD_4,2026-05-15,2026-05-22,
BF3E4-5233,[SHARED SERVICES - 57] Entidade: Workday - Views Normalized - Contratação - TAMANHO: M,Story,2026-03-16T10:34:35.659-0300,2026-05-21T14:53:50.622-0300,WAITING REFINEMENT,Open,alan.correa,SQUAD_4,2026-05-15,2026-05-22,
BF3E4-5233,[SHARED SERVICES - 57] Entidade: Workday - Views Normalized - Contratação - TAMANHO: M,Story,2026-03-16T10:34:35.659-0300,2026-05-21T14:53:49.160-0300,Open,WAITING REFINEMENT,alan.correa,SQUAD_4,2026-05-15,2026-05-22,
BF3E4-5233,[SHARED SERVICES - 57] Entidade: Workday - Views Normalized - Contratação - TAMANHO: M,Story,2026-03-16T10:34:35.659-0300,2026-05-21T14:53:47.616-0300,WAITING REFINEMENT,Open,alan.correa,SQUAD_4,2026-05-15,2026-05-22,
BF3E4-5233,[SHARED SERVICES - 57] Entidade: Workday - Views Normalized - Contratação - TAMANHO: M,Story,2026-03-16T10:34:35.659-0300,2026-05-21T14:53:45.541-0300,Open,WAITING REFINEMENT,alan.correa,SQUAD_4,2026-05-15,2026-05-22,
BF3E4-5233,[SHARED SERVICES - 57] Entidade: Workday - Views Normalized - Contratação - TAMANHO: M,Story,2026-03-16T10:34:35.659-0300,2026-05-21T14:53:43.701-0300,WAITING REFINEMENT,Open,alan.correa,SQUAD_4,2026-05-15,2026-05-22,
BF3E4-5233,[SHARED SERVICES - 57] Entidade: Workday - Views Normalized - Contratação - TAMANHO: M,Story,2026-03-16T10:34:35.659-0300,2026-05-21T14:53:39.968-0300,Open,WAITING REFINEMENT,alan.correa,SQUAD_4,2026-05-15,2026-05-22,
BF3E4-5233,[SHARED SERVICES - 57] Entidade: Workday - Views Normalized - Contratação - TAMANHO: M,Story,2026-03-16T10:34:35.659-0300,2026-05-21T14:53:38.246-0300,Canceled,Open,alan.correa,SQUAD_4,2026-05-15,2026-05-22,
BF3E4-5233,[SHARED SERVICES - 57] Entidade: Workday - Views Normalized - Contratação - TAMANHO: M,Story,2026-03-16T10:34:35.659-0300,2026-05-21T14:53:36.077-0300,Done,Canceled,alan.correa,SQUAD_4,2026-05-15,2026-05-22,
BF3E4-5233,[SHARED SERVICES - 57] Entidade: Workday - Views Normalized - Contratação - TAMANHO: M,Story,2026-03-16T10:34:35.659-0300,2026-05-13T10:14:47.814-0300,Test,Done,João Pedro Amaral de Oliveira,SQUAD_4,2026-05-15,2026-05-22,
BF3E4-5233,[SHARED SERVICES - 57] Entidade: Workday - Views Normalized - Contratação - TAMANHO: M,Story,2026-03-16T10:34:35.659-0300,2026-05-12T15:39:10.460-0300,Waiting Test,Test,João Pedro Amaral de Oliveira,SQUAD_4,2026-05-15,2026-05-22,
BF3E4-5233,[SHARED SERVICES - 57] Entidade: Workday - Views Normalized - Contratação - TAMANHO: M,Story,2026-03-16T10:34:35.659-0300,2026-05-12T15:13:05.961-0300,IN DEVELOPMENT,Waiting Test,igor.eca,SQUAD_4,2026-05-15,2026-05-22,
BF3E4-5233,[SHARED SERVICES - 57] Entidade: Workday - Views Normalized - Contratação - TAMANHO: M,Story,2026-03-16T10:34:35.659-0300,2026-05-08T12:01:50.829-0300,To Do,IN DEVELOPMENT,igor.eca,SQUAD_4,2026-05-15,2026-05-22,
BF3E4-5221,[SHARED SERVICES - 56] Entidade: Workday - Views Normalized - Dados Pessoais Parte 1 - TAMANHO: G,Story,2026-03-16T10:34:11.541-0300,2026-05-13T15:16:02.839-0300,Test,Done,igor.eca,SQUAD_4,2026-05-14,2026-05-26,
BF3E4-5221,[SHARED SERVICES - 56] Entidade: Workday - Views Normalized - Dados Pessoais Parte 1 - TAMANHO: G,Story,2026-03-16T10:34:11.541-0300,2026-05-13T08:55:57.747-0300,Waiting Test,Test,igor.eca,SQUAD_4,2026-05-14,2026-05-26,
BF3E4-5221,[SHARED SERVICES - 56] Entidade: Workday - Views Normalized - Dados Pessoais Parte 1 - TAMANHO: G,Story,2026-03-16T10:34:11.541-0300,2026-05-12T14:40:07.366-0300,IN DEVELOPMENT,Waiting Test,João Pedro Amaral de Oliveira,SQUAD_4,2026-05-14,2026-05-26,
BF3E4-5221,[SHARED SERVICES - 56] Entidade: Workday - Views Normalized - Dados Pessoais Parte 1 - TAMANHO: G,Story,2026-03-16T10:34:11.541-0300,2026-05-11T11:17:17.752-0300,To Do,IN DEVELOPMENT,João Pedro Amaral de Oliveira,SQUAD_4,2026-05-14,2026-05-26,
BF3E4-5221,[SHARED SERVICES - 56] Entidade: Workday - Views Normalized - Dados Pessoais Parte 1 - TAMANHO: G,Story,2026-03-16T10:34:11.541-0300,2026-03-24T10:29:34.119-0300,Refined,To Do,fabio.bastos,SQUAD_4,2026-05-14,2026-05-26,
BF3E4-5221,[SHARED SERVICES - 56] Entidade: Workday - Views Normalized - Dados Pessoais Parte 1 - TAMANHO: G,Story,2026-03-16T10:34:11.541-0300,2026-03-18T15:18:01.568-0300,IN REFINEMENT,Refined,fabio.bastos,SQUAD_4,2026-05-14,2026-05-26,
BF3E4-5221,[SHARED SERVICES - 56] Entidade: Workday - Views Normalized - Dados Pessoais Parte 1 - TAMANHO: G,Story,2026-03-16T10:34:11.541-0300,2026-03-18T11:59:56.502-0300,WAITING REFINEMENT,IN REFINEMENT,fabio.bastos,SQUAD_4,2026-05-14,2026-05-26,
BF3E4-5221,[SHARED SERVICES - 56] Entidade: Workday - Views Normalized - Dados Pessoais Parte 1 - TAMANHO: G,Story,2026-03-16T10:34:11.541-0300,2026-03-18T11:06:34.708-0300,Open,WAITING REFINEMENT,fabio.bastos,SQUAD_4,2026-05-14,2026-05-26,
BF3E4-5213,"[SHARED SERVICES - 55] Entidade: Workday - Dados Pessoais, Remuneração, Benefícios e Financeiro - Views Analíticas - TAMANHO: M",Story,2026-03-16T10:33:53.605-0300,2026-05-22T19:20:52.445-0300,Test,Done,igor.eca,SQUAD_4,2026-05-13,2026-05-19,
BF3E4-5213,"[SHARED SERVICES - 55] Entidade: Workday - Dados Pessoais, Remuneração, Benefícios e Financeiro - Views Analíticas - TAMANHO: M",Story,2026-03-16T10:33:53.605-0300,2026-05-21T19:17:48.090-0300,Waiting Test,Test,igor.eca,SQUAD_4,2026-05-13,2026-05-19,
BF3E4-5213,"[SHARED SERVICES - 55] Entidade: Workday - Dados Pessoais, Remuneração, Benefícios e Financeiro - Views Analíticas - TAMANHO: M",Story,2026-03-16T10:33:53.605-0300,2026-05-20T11:33:36.539-0300,IN DEVELOPMENT,Waiting Test,maria.lacerda2,SQUAD_4,2026-05-13,2026-05-19,
BF3E4-5213,"[SHARED SERVICES - 55] Entidade: Workday - Dados Pessoais, Remuneração, Benefícios e Financeiro - Views Analíticas - TAMANHO: M",Story,2026-03-16T10:33:53.605-0300,2026-05-08T11:32:15.197-0300,To Do,IN DEVELOPMENT,maria.lacerda2,SQUAD_4,2026-05-13,2026-05-19,
BF3E4-5200,[SHARED SERVICES - 54] Entidade: Workday - Contratação e Organização - Ingestão Base - TAMANHO: G,Story,2026-03-16T10:33:26.486-0300,2026-05-20T11:27:04.105-0300,Waiting Test,Test,artenize.teles,SQUAD_4,2026-05-12,2026-05-22,
BF3E4-5200,[SHARED SERVICES - 54] Entidade: Workday - Contratação e Organização - Ingestão Base - TAMANHO: G,Story,2026-03-16T10:33:26.486-0300,2026-05-19T17:32:03.596-0300,IN DEVELOPMENT,Waiting Test,leonardo.menezes,SQUAD_4,2026-05-12,2026-05-22,
BF3E4-5200,[SHARED SERVICES - 54] Entidade: Workday - Contratação e Organização - Ingestão Base - TAMANHO: G,Story,2026-03-16T10:33:26.486-0300,2026-05-14T17:06:22.812-0300,To Do,IN DEVELOPMENT,jose.draszewski,SQUAD_4,2026-05-12,2026-05-22,
BF3E4-5200,[SHARED SERVICES - 54] Entidade: Workday - Contratação e Organização - Ingestão Base - TAMANHO: G,Story,2026-03-16T10:33:26.486-0300,2026-05-14T17:06:18.975-0300,Refined,To Do,jose.draszewski,SQUAD_4,2026-05-12,2026-05-22,
BF3E4-5200,[SHARED SERVICES - 54] Entidade: Workday - Contratação e Organização - Ingestão Base - TAMANHO: G,Story,2026-03-16T10:33:26.486-0300,2026-05-14T17:06:16.110-0300,IN REFINEMENT,Refined,jose.draszewski,SQUAD_4,2026-05-12,2026-05-22,
BF3E4-5186,"[SHARED SERVICES - 53] Entidade: Workday - Dados Pessoais, Remuneração, Benefícios e Financeiro - Ingestão Base - TAMANHO: G",Story,2026-03-16T10:32:57.161-0300,2026-05-19T17:41:48.870-0300,Waiting Test,Test,leonardo.menezes,SQUAD_4,2026-05-12,2026-05-21,
BF3E4-5186,"[SHARED SERVICES - 53] Entidade: Workday - Dados Pessoais, Remuneração, Benefícios e Financeiro - Ingestão Base - TAMANHO: G",Story,2026-03-16T10:32:57.161-0300,2026-05-19T17:40:52.673-0300,IN DEVELOPMENT,Waiting Test,leonardo.menezes,SQUAD_4,2026-05-12,2026-05-21,
BF3E4-5186,"[SHARED SERVICES - 53] Entidade: Workday - Dados Pessoais, Remuneração, Benefícios e Financeiro - Ingestão Base - TAMANHO: G",Story,2026-03-16T10:32:57.161-0300,2026-05-14T17:06:25.538-0300,To Do,IN DEVELOPMENT,jose.draszewski,SQUAD_4,2026-05-12,2026-05-21,
BF3E4-5186,"[SHARED SERVICES - 53] Entidade: Workday - Dados Pessoais, Remuneração, Benefícios e Financeiro - Ingestão Base - TAMANHO: G",Story,2026-03-16T10:32:57.161-0300,2026-05-14T17:06:11.502-0300,Refined,To Do,jose.draszewski,SQUAD_4,2026-05-12,2026-05-21,
BF3E4-5181,[SHARED SERVICES - 52] Entidade: Tabelas Manuais - TAMANHO: P,Story,2026-03-16T10:32:45.894-0300,2026-05-15T15:52:06.824-0300,To Do,IN DEVELOPMENT,gustavo.mendes5,SQUAD_4,2026-05-12,2026-05-14,
BF3E4-5181,[SHARED SERVICES - 52] Entidade: Tabelas Manuais - TAMANHO: P,Story,2026-03-16T10:32:45.894-0300,2026-05-14T16:18:02.423-0300,Refined,To Do,jose.draszewski,SQUAD_4,2026-05-12,2026-05-14,
BF3E4-5181,[SHARED SERVICES - 52] Entidade: Tabelas Manuais - TAMANHO: P,Story,2026-03-16T10:32:45.894-0300,2026-05-14T15:24:26.922-0300,IN REFINEMENT,Refined,matheus.vaula,SQUAD_4,2026-05-12,2026-05-14,
BF3E4-5174,[SHARED SERVICES - 51] Entidade: Documentos Fiscais TaxOne - Views Analíticas - TAMANHO: M,Story,2026-03-16T10:32:31.926-0300,2026-04-28T17:50:56.679-0300,To Do,Canceled,jose.draszewski,SQUAD_4,2026-05-12,2026-05-15,
BF3E4-5174,[SHARED SERVICES - 51] Entidade: Documentos Fiscais TaxOne - Views Analíticas - TAMANHO: M,Story,2026-03-16T10:32:31.926-0300,2026-03-24T10:29:53.212-0300,Refined,To Do,fabio.bastos,SQUAD_4,2026-05-12,2026-05-15,
BF3E4-5174,[SHARED SERVICES - 51] Entidade: Documentos Fiscais TaxOne - Views Analíticas - TAMANHO: M,Story,2026-03-16T10:32:31.926-0300,2026-03-18T15:06:55.956-0300,IN REFINEMENT,Refined,fabio.bastos,SQUAD_4,2026-05-12,2026-05-15,
BF3E4-5174,[SHARED SERVICES - 51] Entidade: Documentos Fiscais TaxOne - Views Analíticas - TAMANHO: M,Story,2026-03-16T10:32:31.926-0300,2026-03-18T12:00:10.552-0300,WAITING REFINEMENT,IN REFINEMENT,fabio.bastos,SQUAD_4,2026-05-12,2026-05-15,
BF3E4-5174,[SHARED SERVICES - 51] Entidade: Documentos Fiscais TaxOne - Views Analíticas - TAMANHO: M,Story,2026-03-16T10:32:31.926-0300,2026-03-18T11:06:19.239-0300,Open,WAITING REFINEMENT,fabio.bastos,SQUAD_4,2026-05-12,2026-05-15,
BF3E4-5163,[SHARED SERVICES - 50] Entidade: Documentos Fiscais TaxOne - Ingestão API Síncrona - TAMANHO: G,Story,2026-03-16T10:32:09.304-0300,2026-04-27T17:41:06.450-0300,IN REFINEMENT,Canceled,jose.draszewski,SQUAD_4,2026-05-12,2026-05-21,
BF3E4-5163,[SHARED SERVICES - 50] Entidade: Documentos Fiscais TaxOne - Ingestão API Síncrona - TAMANHO: G,Story,2026-03-16T10:32:09.304-0300,2026-03-18T12:00:17.168-0300,WAITING REFINEMENT,IN REFINEMENT,fabio.bastos,SQUAD_4,2026-05-12,2026-05-21,
BF3E4-5163,[SHARED SERVICES - 50] Entidade: Documentos Fiscais TaxOne - Ingestão API Síncrona - TAMANHO: G,Story,2026-03-16T10:32:09.304-0300,2026-03-18T11:06:16.314-0300,Open,WAITING REFINEMENT,fabio.bastos,SQUAD_4,2026-05-12,2026-05-21,
BF3E4-5159,[SHARED SERVICES - 49] Entidade: Logs de SLA de Itens - Portal GT - TAMANHO: P,Story,2026-03-16T10:32:00.204-0300,2026-05-20T10:53:58.728-0300,To Do,IN DEVELOPMENT,matheus.vaula,SQUAD_4,2026-05-11,2026-05-11,
BF3E4-5159,[SHARED SERVICES - 49] Entidade: Logs de SLA de Itens - Portal GT - TAMANHO: P,Story,2026-03-16T10:32:00.204-0300,2026-05-20T10:53:55.543-0300,Refined,To Do,matheus.vaula,SQUAD_4,2026-05-11,2026-05-11,
BF3E4-5159,[SHARED SERVICES - 49] Entidade: Logs de SLA de Itens - Portal GT - TAMANHO: P,Story,2026-03-16T10:32:00.204-0300,2026-05-20T10:53:51.860-0300,IN REFINEMENT,Refined,matheus.vaula,SQUAD_4,2026-05-11,2026-05-11,
BF3E4-5159,[SHARED SERVICES - 49] Entidade: Logs de SLA de Itens - Portal GT - TAMANHO: P,Story,2026-03-16T10:32:00.204-0300,2026-03-18T12:00:20.328-0300,WAITING REFINEMENT,IN REFINEMENT,fabio.bastos,SQUAD_4,2026-05-11,2026-05-11,
BF3E4-5159,[SHARED SERVICES - 49] Entidade: Logs de SLA de Itens - Portal GT - TAMANHO: P,Story,2026-03-16T10:32:00.204-0300,2026-03-18T11:06:13.015-0300,Open,WAITING REFINEMENT,fabio.bastos,SQUAD_4,2026-05-11,2026-05-11,
BF3E4-5154,[SHARED SERVICES - 48] Entidade: Egate - Refaturamento - TAMANHO: P,Story,2026-03-16T10:31:48.906-0300,2026-05-06T14:28:40.931-0300,Test,Done,artenize.teles,SQUAD_4,2026-05-11,2026-05-11,
BF3E4-5154,[SHARED SERVICES - 48] Entidade: Egate - Refaturamento - TAMANHO: P,Story,2026-03-16T10:31:48.906-0300,2026-05-05T13:31:43.764-0300,Waiting Test,Test,artenize.teles,SQUAD_4,2026-05-11,2026-05-11,
BF3E4-5154,[SHARED SERVICES - 48] Entidade: Egate - Refaturamento - TAMANHO: P,Story,2026-03-16T10:31:48.906-0300,2026-05-05T11:57:14.719-0300,IN DEVELOPMENT,Waiting Test,João Pedro Amaral de Oliveira,SQUAD_4,2026-05-11,2026-05-11,
BF3E4-5154,[SHARED SERVICES - 48] Entidade: Egate - Refaturamento - TAMANHO: P,Story,2026-03-16T10:31:48.906-0300,2026-04-22T09:22:30.693-0300,To Do,IN DEVELOPMENT,João Pedro Amaral de Oliveira,SQUAD_4,2026-05-11,2026-05-11,
BF3E4-5154,[SHARED SERVICES - 48] Entidade: Egate - Refaturamento - TAMANHO: P,Story,2026-03-16T10:31:48.906-0300,2026-03-24T10:29:56.165-0300,Refined,To Do,fabio.bastos,SQUAD_4,2026-05-11,2026-05-11,
BF3E4-5154,[SHARED SERVICES - 48] Entidade: Egate - Refaturamento - TAMANHO: P,Story,2026-03-16T10:31:48.906-0300,2026-03-18T15:06:07.681-0300,IN REFINEMENT,Refined,fabio.bastos,SQUAD_4,2026-05-11,2026-05-11,
BF3E4-5154,[SHARED SERVICES - 48] Entidade: Egate - Refaturamento - TAMANHO: P,Story,2026-03-16T10:31:48.906-0300,2026-03-18T12:00:23.261-0300,WAITING REFINEMENT,IN REFINEMENT,fabio.bastos,SQUAD_4,2026-05-11,2026-05-11,
BF3E4-5154,[SHARED SERVICES - 48] Entidade: Egate - Refaturamento - TAMANHO: P,Story,2026-03-16T10:31:48.906-0300,2026-03-18T11:06:10.225-0300,Open,WAITING REFINEMENT,fabio.bastos,SQUAD_4,2026-05-11,2026-05-11,
BF3E4-5147,[SHARED SERVICES - 47] Entidade: Egate - Complemento de Preço e Garantias - TAMANHO: P,Story,2026-03-16T10:31:34.953-0300,2026-05-06T15:28:21.029-0300,Test,Done,João Pedro Amaral de Oliveira,SQUAD_4,2026-05-11,2026-05-13,
BF3E4-5147,[SHARED SERVICES - 47] Entidade: Egate - Complemento de Preço e Garantias - TAMANHO: P,Story,2026-03-16T10:31:34.953-0300,2026-05-06T10:15:33.073-0300,Waiting Test,Test,João Pedro Amaral de Oliveira,SQUAD_4,2026-05-11,2026-05-13,
BF3E4-5147,[SHARED SERVICES - 47] Entidade: Egate - Complemento de Preço e Garantias - TAMANHO: P,Story,2026-03-16T10:31:34.953-0300,2026-05-06T09:47:27.528-0300,IN DEVELOPMENT,Waiting Test,marcos.carvalho3,SQUAD_4,2026-05-11,2026-05-13,
BF3E4-5147,[SHARED SERVICES - 47] Entidade: Egate - Complemento de Preço e Garantias - TAMANHO: P,Story,2026-03-16T10:31:34.953-0300,2026-05-04T11:12:34.400-0300,To Do,IN DEVELOPMENT,marcos.carvalho3,SQUAD_4,2026-05-11,2026-05-13,
BF3E4-5147,[SHARED SERVICES - 47] Entidade: Egate - Complemento de Preço e Garantias - TAMANHO: P,Story,2026-03-16T10:31:34.953-0300,2026-03-24T10:30:00.302-0300,Refined,To Do,fabio.bastos,SQUAD_4,2026-05-11,2026-05-13,
BF3E4-5147,[SHARED SERVICES - 47] Entidade: Egate - Complemento de Preço e Garantias - TAMANHO: P,Story,2026-03-16T10:31:34.953-0300,2026-03-18T15:05:58.763-0300,IN REFINEMENT,Refined,fabio.bastos,SQUAD_4,2026-05-11,2026-05-13,
BF3E4-5147,[SHARED SERVICES - 47] Entidade: Egate - Complemento de Preço e Garantias - TAMANHO: P,Story,2026-03-16T10:31:34.953-0300,2026-03-18T12:00:26.557-0300,WAITING REFINEMENT,IN REFINEMENT,fabio.bastos,SQUAD_4,2026-05-11,2026-05-13,
BF3E4-5147,[SHARED SERVICES - 47] Entidade: Egate - Complemento de Preço e Garantias - TAMANHO: P,Story,2026-03-16T10:31:34.953-0300,2026-03-18T11:06:07.246-0300,Open,WAITING REFINEMENT,fabio.bastos,SQUAD_4,2026-05-11,2026-05-13,
BF3E4-5141,[SHARED SERVICES - 46] Entidade: Egate - Movimentação e Entrada de Notas - TAMANHO: P,Story,2026-03-16T10:31:23.005-0300,2026-05-18T11:23:31.932-0300,Test,Done,artenize.teles,SQUAD_4,2026-05-08,2026-05-11,
BF3E4-5141,[SHARED SERVICES - 46] Entidade: Egate - Movimentação e Entrada de Notas - TAMANHO: P,Story,2026-03-16T10:31:23.005-0300,2026-05-14T16:20:30.239-0300,Waiting Test,Test,João Pedro Amaral de Oliveira,SQUAD_4,2026-05-08,2026-05-11,
BF3E4-5141,[SHARED SERVICES - 46] Entidade: Egate - Movimentação e Entrada de Notas - TAMANHO: P,Story,2026-03-16T10:31:23.005-0300,2026-05-14T10:03:20.194-0300,IN DEVELOPMENT,Waiting Test,leonardo.menezes,SQUAD_4,2026-05-08,2026-05-11,
BF3E4-5141,[SHARED SERVICES - 46] Entidade: Egate - Movimentação e Entrada de Notas - TAMANHO: P,Story,2026-03-16T10:31:23.005-0300,2026-04-29T15:26:23.114-0300,To Do,IN DEVELOPMENT,leonardo.menezes,SQUAD_4,2026-05-08,2026-05-11,
BF3E4-5133,[SHARED SERVICES - 45] Entidade: Egate - Notas Fiscais de Serviço e Gestão BP - TAMANHO: M,Story,2026-03-16T10:31:06.833-0300,2026-05-07T09:23:29.051-0300,Test,Done,jose.draszewski,SQUAD_4,2026-05-07,2026-05-12,
BF3E4-5133,[SHARED SERVICES - 45] Entidade: Egate - Notas Fiscais de Serviço e Gestão BP - TAMANHO: M,Story,2026-03-16T10:31:06.833-0300,2026-05-06T16:58:48.128-0300,Waiting Test,Test,artenize.teles,SQUAD_4,2026-05-07,2026-05-12,
BF3E4-5133,[SHARED SERVICES - 45] Entidade: Egate - Notas Fiscais de Serviço e Gestão BP - TAMANHO: M,Story,2026-03-16T10:31:06.833-0300,2026-05-06T15:54:50.636-0300,IN DEVELOPMENT,Waiting Test,jose.draszewski,SQUAD_4,2026-05-07,2026-05-12,
BF3E4-5133,[SHARED SERVICES - 45] Entidade: Egate - Notas Fiscais de Serviço e Gestão BP - TAMANHO: M,Story,2026-03-16T10:31:06.833-0300,2026-05-05T14:58:08.608-0300,To Do,IN DEVELOPMENT,marcos.carvalho3,SQUAD_4,2026-05-07,2026-05-12,
BF3E4-5133,[SHARED SERVICES - 45] Entidade: Egate - Notas Fiscais de Serviço e Gestão BP - TAMANHO: M,Story,2026-03-16T10:31:06.833-0300,2026-03-24T10:30:06.028-0300,Refined,To Do,fabio.bastos,SQUAD_4,2026-05-07,2026-05-12,
BF3E4-5133,[SHARED SERVICES - 45] Entidade: Egate - Notas Fiscais de Serviço e Gestão BP - TAMANHO: M,Story,2026-03-16T10:31:06.833-0300,2026-03-18T15:05:52.941-0300,IN REFINEMENT,Refined,fabio.bastos,SQUAD_4,2026-05-07,2026-05-12,
BF3E4-5133,[SHARED SERVICES - 45] Entidade: Egate - Notas Fiscais de Serviço e Gestão BP - TAMANHO: M,Story,2026-03-16T10:31:06.833-0300,2026-03-18T12:00:31.704-0300,WAITING REFINEMENT,IN REFINEMENT,fabio.bastos,SQUAD_4,2026-05-07,2026-05-12,
BF3E4-5133,[SHARED SERVICES - 45] Entidade: Egate - Notas Fiscais de Serviço e Gestão BP - TAMANHO: M,Story,2026-03-16T10:31:06.833-0300,2026-03-18T11:05:59.441-0300,Open,WAITING REFINEMENT,fabio.bastos,SQUAD_4,2026-05-07,2026-05-12,
BF3E4-5124,[SHARED SERVICES - 44] Entidade: CIC - Controle de Compensação - TAMANHO: P,Story,2026-03-16T10:30:49.326-0300,2026-05-20T15:30:24.497-0300,To Do,IN DEVELOPMENT,jose.draszewski,SQUAD_4,2026-05-06,2026-05-08,
BF3E4-5124,[SHARED SERVICES - 44] Entidade: CIC - Controle de Compensação - TAMANHO: P,Story,2026-03-16T10:30:49.326-0300,2026-05-20T15:30:21.052-0300,Refined,To Do,jose.draszewski,SQUAD_4,2026-05-06,2026-05-08,
BF3E4-5124,[SHARED SERVICES - 44] Entidade: CIC - Controle de Compensação - TAMANHO: P,Story,2026-03-16T10:30:49.326-0300,2026-05-20T15:30:14.485-0300,IN REFINEMENT,Refined,jose.draszewski,SQUAD_4,2026-05-06,2026-05-08,
BF3E4-5124,[SHARED SERVICES - 44] Entidade: CIC - Controle de Compensação - TAMANHO: P,Story,2026-03-16T10:30:49.326-0300,2026-03-18T11:50:24.656-0300,WAITING REFINEMENT,IN REFINEMENT,fabio.bastos,SQUAD_4,2026-05-06,2026-05-08,
BF3E4-5124,[SHARED SERVICES - 44] Entidade: CIC - Controle de Compensação - TAMANHO: P,Story,2026-03-16T10:30:49.326-0300,2026-03-18T11:05:56.050-0300,Open,WAITING REFINEMENT,fabio.bastos,SQUAD_4,2026-05-06,2026-05-08,
BF3E4-5114,[SHARED SERVICES - 43] Entidade: Rubi - Tabelas Schema-Only - Lote 2 - TAMANHO: G - DAG: data-lake-hrc-sharedservices-rubi-gts-analytics,Story,2026-03-16T10:30:30.755-0300,2026-05-19T14:20:57.309-0300,Test,Done,igor.eca,SQUAD_4,2026-05-06,2026-05-15,
BF3E4-5114,[SHARED SERVICES - 43] Entidade: Rubi - Tabelas Schema-Only - Lote 2 - TAMANHO: G - DAG: data-lake-hrc-sharedservices-rubi-gts-analytics,Story,2026-03-16T10:30:30.755-0300,2026-05-14T16:20:33.741-0300,Waiting Test,Test,igor.eca,SQUAD_4,2026-05-06,2026-05-15,
BF3E4-5114,[SHARED SERVICES - 43] Entidade: Rubi - Tabelas Schema-Only - Lote 2 - TAMANHO: G - DAG: data-lake-hrc-sharedservices-rubi-gts-analytics,Story,2026-03-16T10:30:30.755-0300,2026-05-14T13:16:24.900-0300,IN DEVELOPMENT,Waiting Test,pedro.campos,SQUAD_4,2026-05-06,2026-05-15,
BF3E4-5114,[SHARED SERVICES - 43] Entidade: Rubi - Tabelas Schema-Only - Lote 2 - TAMANHO: G - DAG: data-lake-hrc-sharedservices-rubi-gts-analytics,Story,2026-03-16T10:30:30.755-0300,2026-04-27T09:12:47.427-0300,To Do,IN DEVELOPMENT,gabriela.bortoletto,SQUAD_4,2026-05-06,2026-05-15,
BF3E4-5102,[SHARED SERVICES - 42] Entidade: Rubi - Tabelas Schema-Only / GTS Analytics - TAMANHO: G,Story,2026-03-16T10:30:07.335-0300,2026-05-13T11:33:31.057-0300,Test,Done,artenize.teles,SQUAD_4,2026-05-05,2026-05-18,2026-05-13T19:00:00.000-0300
BF3E4-5102,[SHARED SERVICES - 42] Entidade: Rubi - Tabelas Schema-Only / GTS Analytics - TAMANHO: G,Story,2026-03-16T10:30:07.335-0300,2026-05-12T15:01:02.864-0300,Waiting Test,Test,artenize.teles,SQUAD_4,2026-05-05,2026-05-18,2026-05-13T19:00:00.000-0300
BF3E4-5102,[SHARED SERVICES - 42] Entidade: Rubi - Tabelas Schema-Only / GTS Analytics - TAMANHO: G,Story,2026-03-16T10:30:07.335-0300,2026-05-12T10:56:40.491-0300,IN DEVELOPMENT,Waiting Test,João Pedro Amaral de Oliveira,SQUAD_4,2026-05-05,2026-05-18,2026-05-13T19:00:00.000-0300
BF3E4-5102,[SHARED SERVICES - 42] Entidade: Rubi - Tabelas Schema-Only / GTS Analytics - TAMANHO: G,Story,2026-03-16T10:30:07.335-0300,2026-04-29T08:54:29.709-0300,To Do,IN DEVELOPMENT,João Pedro Amaral de Oliveira,SQUAD_4,2026-05-05,2026-05-18,2026-05-13T19:00:00.000-0300
BF3E4-5097,[SHARED SERVICES - 41] Entidade: Rubi - Views Analíticas Especiais e Integração Qlik - TAMANHO: M,Story,2026-03-16T10:29:55.532-0300,2026-05-11T15:42:40.075-0300,IN DEVELOPMENT,Done,marcos.carvalho3,SQUAD_4,2026-05-04,2026-05-05,
BF3E4-5097,[SHARED SERVICES - 41] Entidade: Rubi - Views Analíticas Especiais e Integração Qlik - TAMANHO: M,Story,2026-03-16T10:29:55.532-0300,2026-04-15T17:01:01.862-0300,To Do,IN DEVELOPMENT,marcos.carvalho3,SQUAD_4,2026-05-04,2026-05-05,
BF3E4-5097,[SHARED SERVICES - 41] Entidade: Rubi - Views Analíticas Especiais e Integração Qlik - TAMANHO: M,Story,2026-03-16T10:29:55.532-0300,2026-03-24T10:30:17.909-0300,Refined,To Do,fabio.bastos,SQUAD_4,2026-05-04,2026-05-05,
BF3E4-5097,[SHARED SERVICES - 41] Entidade: Rubi - Views Analíticas Especiais e Integração Qlik - TAMANHO: M,Story,2026-03-16T10:29:55.532-0300,2026-03-18T11:33:59.088-0300,IN REFINEMENT,Refined,fabio.bastos,SQUAD_4,2026-05-04,2026-05-05,
BF3E4-5088,[SHARED SERVICES - 40] Entidade: Rubi - Views Analíticas RH - Parte 1 - TAMANHO: M,Story,2026-03-16T10:29:32.159-0300,2026-05-13T15:55:21.980-0300,Test,Done,artenize.teles,SQUAD_4,2026-05-04,2026-05-11,2026-05-13T07:00:00.000-0300
BF3E4-5088,[SHARED SERVICES - 40] Entidade: Rubi - Views Analíticas RH - Parte 1 - TAMANHO: M,Story,2026-03-16T10:29:32.159-0300,2026-05-13T15:20:56.809-0300,Waiting Test,Test,gustavo.mendes5,SQUAD_4,2026-05-04,2026-05-11,2026-05-13T07:00:00.000-0300
BF3E4-5088,[SHARED SERVICES - 40] Entidade: Rubi - Views Analíticas RH - Parte 1 - TAMANHO: M,Story,2026-03-16T10:29:32.159-0300,2026-05-13T15:20:54.411-0300,IN DEVELOPMENT,Waiting Test,gustavo.mendes5,SQUAD_4,2026-05-04,2026-05-11,2026-05-13T07:00:00.000-0300
BF3E4-5088,[SHARED SERVICES - 40] Entidade: Rubi - Views Analíticas RH - Parte 1 - TAMANHO: M,Story,2026-03-16T10:29:32.159-0300,2026-04-17T11:25:32.421-0300,To Do,IN DEVELOPMENT,matheus.vaula,SQUAD_4,2026-05-04,2026-05-11,2026-05-13T07:00:00.000-0300
BF3E4-5088,[SHARED SERVICES - 40] Entidade: Rubi - Views Analíticas RH - Parte 1 - TAMANHO: M,Story,2026-03-16T10:29:32.159-0300,2026-03-24T10:30:20.416-0300,Refined,To Do,fabio.bastos,SQUAD_4,2026-05-04,2026-05-11,2026-05-13T07:00:00.000-0300
BF3E4-5088,[SHARED SERVICES - 40] Entidade: Rubi - Views Analíticas RH - Parte 1 - TAMANHO: M,Story,2026-03-16T10:29:32.159-0300,2026-03-18T11:34:03.295-0300,IN REFINEMENT,Refined,fabio.bastos,SQUAD_4,2026-05-04,2026-05-11,2026-05-13T07:00:00.000-0300
BF3E4-5074,[SHARED SERVICES - 39] Entidade: Rubi - Tabelas Usuário - Cronograma e Registro de Encargos - TAMANHO: G,Story,2026-03-16T10:29:02.553-0300,2026-05-11T15:43:51.139-0300,Test,Done,artenize.teles,SQUAD_4,2026-04-30,2026-05-14,2026-05-08T23:00:00.000-0300
BF3E4-5074,[SHARED SERVICES - 39] Entidade: Rubi - Tabelas Usuário - Cronograma e Registro de Encargos - TAMANHO: G,Story,2026-03-16T10:29:02.553-0300,2026-05-05T17:37:16.589-0300,Waiting Test,Test,igor.eca,SQUAD_4,2026-04-30,2026-05-14,2026-05-08T23:00:00.000-0300
BF3E4-5074,[SHARED SERVICES - 39] Entidade: Rubi - Tabelas Usuário - Cronograma e Registro de Encargos - TAMANHO: G,Story,2026-03-16T10:29:02.553-0300,2026-05-05T17:13:57.897-0300,IN DEVELOPMENT,Waiting Test,matheus.vaula,SQUAD_4,2026-04-30,2026-05-14,2026-05-08T23:00:00.000-0300
BF3E4-5074,[SHARED SERVICES - 39] Entidade: Rubi - Tabelas Usuário - Cronograma e Registro de Encargos - TAMANHO: G,Story,2026-03-16T10:29:02.553-0300,2026-04-20T13:54:53.111-0300,To Do,IN DEVELOPMENT,matheus.vaula,SQUAD_4,2026-04-30,2026-05-14,2026-05-08T23:00:00.000-0300
BF3E4-5074,[SHARED SERVICES - 39] Entidade: Rubi - Tabelas Usuário - Cronograma e Registro de Encargos - TAMANHO: G,Story,2026-03-16T10:29:02.553-0300,2026-03-24T10:30:35.147-0300,Refined,To Do,fabio.bastos,SQUAD_4,2026-04-30,2026-05-14,2026-05-08T23:00:00.000-0300
BF3E4-5074,[SHARED SERVICES - 39] Entidade: Rubi - Tabelas Usuário - Cronograma e Registro de Encargos - TAMANHO: G,Story,2026-03-16T10:29:02.553-0300,2026-03-18T11:34:06.278-0300,IN REFINEMENT,Refined,fabio.bastos,SQUAD_4,2026-04-30,2026-05-14,2026-05-08T23:00:00.000-0300
BF3E4-5062,[SHARED SERVICES - 38] Entidade: Rubi - Tabelas Usuário - Crédito Bancário - TAMANHO: G,Story,2026-03-16T10:28:29.606-0300,2026-05-15T10:41:31.772-0300,Test,Done,artenize.teles,SQUAD_4,2026-04-29,2026-05-11,
BF3E4-5062,[SHARED SERVICES - 38] Entidade: Rubi - Tabelas Usuário - Crédito Bancário - TAMANHO: G,Story,2026-03-16T10:28:29.606-0300,2026-05-14T16:19:55.812-0300,Waiting Test,Test,artenize.teles,SQUAD_4,2026-04-29,2026-05-11,
BF3E4-5062,[SHARED SERVICES - 38] Entidade: Rubi - Tabelas Usuário - Crédito Bancário - TAMANHO: G,Story,2026-03-16T10:28:29.606-0300,2026-05-14T14:35:52.556-0300,IN DEVELOPMENT,Waiting Test,marcos.carvalho3,SQUAD_4,2026-04-29,2026-05-11,
BF3E4-5062,[SHARED SERVICES - 38] Entidade: Rubi - Tabelas Usuário - Crédito Bancário - TAMANHO: G,Story,2026-03-16T10:28:29.606-0300,2026-04-20T09:42:07.944-0300,To Do,IN DEVELOPMENT,marcos.carvalho3,SQUAD_4,2026-04-29,2026-05-11,
BF3E4-5062,[SHARED SERVICES - 38] Entidade: Rubi - Tabelas Usuário - Crédito Bancário - TAMANHO: G,Story,2026-03-16T10:28:29.606-0300,2026-03-24T10:30:43.115-0300,Refined,To Do,fabio.bastos,SQUAD_4,2026-04-29,2026-05-11,
BF3E4-5062,[SHARED SERVICES - 38] Entidade: Rubi - Tabelas Usuário - Crédito Bancário - TAMANHO: G,Story,2026-03-16T10:28:29.606-0300,2026-03-18T11:34:10.238-0300,IN REFINEMENT,Refined,fabio.bastos,SQUAD_4,2026-04-29,2026-05-11,
BF3E4-5062,[SHARED SERVICES - 38] Entidade: Rubi - Tabelas Usuário - Crédito Bancário - TAMANHO: G,Story,2026-03-16T10:28:29.606-0300,2026-03-18T11:33:49.552-0300,WAITING REFINEMENT,IN REFINEMENT,fabio.bastos,SQUAD_4,2026-04-29,2026-05-11,
BF3E4-5062,[SHARED SERVICES - 38] Entidade: Rubi - Tabelas Usuário - Crédito Bancário - TAMANHO: G,Story,2026-03-16T10:28:29.606-0300,2026-03-18T11:05:37.354-0300,Open,WAITING REFINEMENT,fabio.bastos,SQUAD_4,2026-04-29,2026-05-11,
BF3E4-5052,[SHARED SERVICES - 37] Entidade: Rubi - Listas Definidas pelo Usuário - TAMANHO: M,Story,2026-03-16T10:28:00.985-0300,2026-05-01T15:53:31.100-0300,Test,Done,artenize.teles,SQUAD_4,2026-04-29,2026-05-08,
BF3E4-5052,[SHARED SERVICES - 37] Entidade: Rubi - Listas Definidas pelo Usuário - TAMANHO: M,Story,2026-03-16T10:28:00.985-0300,2026-04-30T17:31:29.681-0300,Waiting Test,Test,artenize.teles,SQUAD_4,2026-04-29,2026-05-08,
BF3E4-5052,[SHARED SERVICES - 37] Entidade: Rubi - Listas Definidas pelo Usuário - TAMANHO: M,Story,2026-03-16T10:28:00.985-0300,2026-04-16T14:14:18.356-0300,In Code Review,Waiting Test,marcos.carvalho3,SQUAD_4,2026-04-29,2026-05-08,
BF3E4-5052,[SHARED SERVICES - 37] Entidade: Rubi - Listas Definidas pelo Usuário - TAMANHO: M,Story,2026-03-16T10:28:00.985-0300,2026-04-16T14:14:15.610-0300,WAITING CODE REVIEW,In Code Review,marcos.carvalho3,SQUAD_4,2026-04-29,2026-05-08,
BF3E4-5052,[SHARED SERVICES - 37] Entidade: Rubi - Listas Definidas pelo Usuário - TAMANHO: M,Story,2026-03-16T10:28:00.985-0300,2026-04-16T14:14:12.597-0300,IN DEVELOPMENT,WAITING CODE REVIEW,marcos.carvalho3,SQUAD_4,2026-04-29,2026-05-08,
BF3E4-5052,[SHARED SERVICES - 37] Entidade: Rubi - Listas Definidas pelo Usuário - TAMANHO: M,Story,2026-03-16T10:28:00.985-0300,2026-04-15T11:54:08.990-0300,To Do,IN DEVELOPMENT,marcos.carvalho3,SQUAD_4,2026-04-29,2026-05-08,
BF3E4-5052,[SHARED SERVICES - 37] Entidade: Rubi - Listas Definidas pelo Usuário - TAMANHO: M,Story,2026-03-16T10:28:00.985-0300,2026-03-24T10:30:50.138-0300,Refined,To Do,fabio.bastos,SQUAD_4,2026-04-29,2026-05-08,
BF3E4-5052,[SHARED SERVICES - 37] Entidade: Rubi - Listas Definidas pelo Usuário - TAMANHO: M,Story,2026-03-16T10:28:00.985-0300,2026-03-18T11:34:29.634-0300,IN REFINEMENT,Refined,fabio.bastos,SQUAD_4,2026-04-29,2026-05-08,
BF3E4-5052,[SHARED SERVICES - 37] Entidade: Rubi - Listas Definidas pelo Usuário - TAMANHO: M,Story,2026-03-16T10:28:00.985-0300,2026-03-18T11:34:15.262-0300,WAITING REFINEMENT,IN REFINEMENT,fabio.bastos,SQUAD_4,2026-04-29,2026-05-08,
BF3E4-5052,[SHARED SERVICES - 37] Entidade: Rubi - Listas Definidas pelo Usuário - TAMANHO: M,Story,2026-03-16T10:28:00.985-0300,2026-03-18T11:05:34.286-0300,Open,WAITING REFINEMENT,fabio.bastos,SQUAD_4,2026-04-29,2026-05-08,
BF3E4-5042,[SHARED SERVICES - 36] Entidade: Rubi - eSocial - Status (PARTICIONADAS STAGING) - TAMANHO: M,Story,2026-03-16T10:27:33.738-0300,2026-05-21T11:42:18.867-0300,Test,Done,artenize.teles,SQUAD_4,2026-04-29,2026-05-07,
BF3E4-5042,[SHARED SERVICES - 36] Entidade: Rubi - eSocial - Status (PARTICIONADAS STAGING) - TAMANHO: M,Story,2026-03-16T10:27:33.738-0300,2026-05-15T10:42:26.949-0300,Waiting Test,Test,artenize.teles,SQUAD_4,2026-04-29,2026-05-07,
BF3E4-5042,[SHARED SERVICES - 36] Entidade: Rubi - eSocial - Status (PARTICIONADAS STAGING) - TAMANHO: M,Story,2026-03-16T10:27:33.738-0300,2026-05-15T10:32:28.911-0300,IN DEVELOPMENT,Waiting Test,gustavo.mendes5,SQUAD_4,2026-04-29,2026-05-07,
BF3E4-5042,[SHARED SERVICES - 36] Entidade: Rubi - eSocial - Status (PARTICIONADAS STAGING) - TAMANHO: M,Story,2026-03-16T10:27:33.738-0300,2026-04-15T08:11:20.864-0300,To Do,IN DEVELOPMENT,gustavo.mendes5,SQUAD_4,2026-04-29,2026-05-07,
BF3E4-5042,[SHARED SERVICES - 36] Entidade: Rubi - eSocial - Status (PARTICIONADAS STAGING) - TAMANHO: M,Story,2026-03-16T10:27:33.738-0300,2026-03-24T10:30:57.062-0300,Refined,To Do,fabio.bastos,SQUAD_4,2026-04-29,2026-05-07,
BF3E4-5035,[SHARED SERVICES - 35] Entidade: Rubi - eSocial - Pendências - TAMANHO: P,Story,2026-03-16T10:27:17.981-0300,2026-04-29T17:20:13.280-0300,Test,Done,João Pedro Amaral de Oliveira,SQUAD_4,2026-04-28,2026-04-30,
BF3E4-5035,[SHARED SERVICES - 35] Entidade: Rubi - eSocial - Pendências - TAMANHO: P,Story,2026-03-16T10:27:17.981-0300,2026-04-29T15:35:50.104-0300,Waiting Test,Test,João Pedro Amaral de Oliveira,SQUAD_4,2026-04-28,2026-04-30,
BF3E4-5035,[SHARED SERVICES - 35] Entidade: Rubi - eSocial - Pendências - TAMANHO: P,Story,2026-03-16T10:27:17.981-0300,2026-04-15T10:11:31.974-0300,In Code Review,Waiting Test,jose.draszewski,SQUAD_4,2026-04-28,2026-04-30,
BF3E4-5035,[SHARED SERVICES - 35] Entidade: Rubi - eSocial - Pendências - TAMANHO: P,Story,2026-03-16T10:27:17.981-0300,2026-04-15T10:11:28.121-0300,WAITING CODE REVIEW,In Code Review,jose.draszewski,SQUAD_4,2026-04-28,2026-04-30,
BF3E4-5035,[SHARED SERVICES - 35] Entidade: Rubi - eSocial - Pendências - TAMANHO: P,Story,2026-03-16T10:27:17.981-0300,2026-04-15T10:11:03.234-0300,IN DEVELOPMENT,WAITING CODE REVIEW,jose.draszewski,SQUAD_4,2026-04-28,2026-04-30,
BF3E4-5035,[SHARED SERVICES - 35] Entidade: Rubi - eSocial - Pendências - TAMANHO: P,Story,2026-03-16T10:27:17.981-0300,2026-04-14T14:08:43.932-0300,To Do,IN DEVELOPMENT,jose.draszewski,SQUAD_4,2026-04-28,2026-04-30,
BF3E4-5035,[SHARED SERVICES - 35] Entidade: Rubi - eSocial - Pendências - TAMANHO: P,Story,2026-03-16T10:27:17.981-0300,2026-03-24T10:30:59.668-0300,Refined,To Do,fabio.bastos,SQUAD_4,2026-04-28,2026-04-30,
BF3E4-5035,[SHARED SERVICES - 35] Entidade: Rubi - eSocial - Pendências - TAMANHO: P,Story,2026-03-16T10:27:17.981-0300,2026-03-18T11:34:41.517-0300,IN REFINEMENT,Refined,fabio.bastos,SQUAD_4,2026-04-28,2026-04-30,
BF3E4-5035,[SHARED SERVICES - 35] Entidade: Rubi - eSocial - Pendências - TAMANHO: P,Story,2026-03-16T10:27:17.981-0300,2026-03-18T11:34:22.437-0300,WAITING REFINEMENT,IN REFINEMENT,fabio.bastos,SQUAD_4,2026-04-28,2026-04-30,
BF3E4-5035,[SHARED SERVICES - 35] Entidade: Rubi - eSocial - Pendências - TAMANHO: P,Story,2026-03-16T10:27:17.981-0300,2026-03-18T11:05:27.282-0300,Open,WAITING REFINEMENT,fabio.bastos,SQUAD_4,2026-04-28,2026-04-30,
BF3E4-5025,[SHARED SERVICES - 34] Entidade: Rubi - Ficha Médica e Deficiências - TAMANHO: M,Story,2026-03-16T10:26:53.267-0300,2026-05-01T08:19:49.760-0300,Test,Done,igor.eca,SQUAD_4,2026-04-28,2026-05-06,
BF3E4-5025,[SHARED SERVICES - 34] Entidade: Rubi - Ficha Médica e Deficiências - TAMANHO: M,Story,2026-03-16T10:26:53.267-0300,2026-04-30T17:54:33.381-0300,Waiting Test,Test,João Pedro Amaral de Oliveira,SQUAD_4,2026-04-28,2026-05-06,
BF3E4-5025,[SHARED SERVICES - 34] Entidade: Rubi - Ficha Médica e Deficiências - TAMANHO: M,Story,2026-03-16T10:26:53.267-0300,2026-04-27T10:26:27.373-0300,IN DEVELOPMENT,Waiting Test,jose.draszewski,SQUAD_4,2026-04-28,2026-05-06,
BF3E4-5025,[SHARED SERVICES - 34] Entidade: Rubi - Ficha Médica e Deficiências - TAMANHO: M,Story,2026-03-16T10:26:53.267-0300,2026-04-14T16:11:33.771-0300,To Do,IN DEVELOPMENT,matheus.vaula,SQUAD_4,2026-04-28,2026-05-06,
BF3E4-5025,[SHARED SERVICES - 34] Entidade: Rubi - Ficha Médica e Deficiências - TAMANHO: M,Story,2026-03-16T10:26:53.267-0300,2026-03-24T10:31:05.689-0300,Refined,To Do,fabio.bastos,SQUAD_4,2026-04-28,2026-05-06,
BF3E4-5025,[SHARED SERVICES - 34] Entidade: Rubi - Ficha Médica e Deficiências - TAMANHO: M,Story,2026-03-16T10:26:53.267-0300,2026-03-18T11:34:44.221-0300,IN REFINEMENT,Refined,fabio.bastos,SQUAD_4,2026-04-28,2026-05-06,
BF3E4-5025,[SHARED SERVICES - 34] Entidade: Rubi - Ficha Médica e Deficiências - TAMANHO: M,Story,2026-03-16T10:26:53.267-0300,2026-03-18T11:34:26.177-0300,WAITING REFINEMENT,IN REFINEMENT,fabio.bastos,SQUAD_4,2026-04-28,2026-05-06,
BF3E4-5025,[SHARED SERVICES - 34] Entidade: Rubi - Ficha Médica e Deficiências - TAMANHO: M,Story,2026-03-16T10:26:53.267-0300,2026-03-18T11:05:24.718-0300,Open,WAITING REFINEMENT,fabio.bastos,SQUAD_4,2026-04-28,2026-05-06,
BF3E4-5018,[SHARED SERVICES - 33] Entidade: Rubi - Motivos de Movimentação - TAMANHO: P,Story,2026-03-16T10:26:36.441-0300,2026-04-29T10:50:41.673-0300,Test,Done,João Pedro Amaral de Oliveira,SQUAD_4,2026-04-27,2026-04-29,
BF3E4-5018,[SHARED SERVICES - 33] Entidade: Rubi - Motivos de Movimentação - TAMANHO: P,Story,2026-03-16T10:26:36.441-0300,2026-04-29T10:02:00.516-0300,Waiting Test,Test,João Pedro Amaral de Oliveira,SQUAD_4,2026-04-27,2026-04-29,
BF3E4-5018,[SHARED SERVICES - 33] Entidade: Rubi - Motivos de Movimentação - TAMANHO: P,Story,2026-03-16T10:26:36.441-0300,2026-04-15T10:09:22.414-0300,In Code Review,Waiting Test,jose.draszewski,SQUAD_4,2026-04-27,2026-04-29,
BF3E4-5018,[SHARED SERVICES - 33] Entidade: Rubi - Motivos de Movimentação - TAMANHO: P,Story,2026-03-16T10:26:36.441-0300,2026-04-15T10:09:20.258-0300,WAITING CODE REVIEW,In Code Review,jose.draszewski,SQUAD_4,2026-04-27,2026-04-29,
BF3E4-5018,[SHARED SERVICES - 33] Entidade: Rubi - Motivos de Movimentação - TAMANHO: P,Story,2026-03-16T10:26:36.441-0300,2026-04-14T15:56:44.207-0300,IN DEVELOPMENT,WAITING CODE REVIEW,igor.eca,SQUAD_4,2026-04-27,2026-04-29,
BF3E4-5018,[SHARED SERVICES - 33] Entidade: Rubi - Motivos de Movimentação - TAMANHO: P,Story,2026-03-16T10:26:36.441-0300,2026-04-14T15:10:16.881-0300,To Do,IN DEVELOPMENT,igor.eca,SQUAD_4,2026-04-27,2026-04-29,
BF3E4-5018,[SHARED SERVICES - 33] Entidade: Rubi - Motivos de Movimentação - TAMANHO: P,Story,2026-03-16T10:26:36.441-0300,2026-03-24T10:31:10.803-0300,Refined,To Do,fabio.bastos,SQUAD_4,2026-04-27,2026-04-29,
BF3E4-5018,[SHARED SERVICES - 33] Entidade: Rubi - Motivos de Movimentação - TAMANHO: P,Story,2026-03-16T10:26:36.441-0300,2026-03-18T11:35:16.514-0300,IN REFINEMENT,Refined,fabio.bastos,SQUAD_4,2026-04-27,2026-04-29,
BF3E4-5018,[SHARED SERVICES - 33] Entidade: Rubi - Motivos de Movimentação - TAMANHO: P,Story,2026-03-16T10:26:36.441-0300,2026-03-18T11:34:48.506-0300,WAITING REFINEMENT,IN REFINEMENT,fabio.bastos,SQUAD_4,2026-04-27,2026-04-29,
BF3E4-5018,[SHARED SERVICES - 33] Entidade: Rubi - Motivos de Movimentação - TAMANHO: P,Story,2026-03-16T10:26:36.441-0300,2026-03-18T11:05:21.590-0300,Open,WAITING REFINEMENT,fabio.bastos,SQUAD_4,2026-04-27,2026-04-29,
BF3E4-5005,"[SHARED SERVICES - 32] Entidade: Rubi - Dados Geográficos (Bairros, Cidades, Países) - TAMANHO: G",Story,2026-03-16T10:26:03.198-0300,2026-05-01T18:38:54.701-0300,Test,Done,maria.lacerda2,SQUAD_4,2026-04-27,2026-05-08,
BF3E4-5005,"[SHARED SERVICES - 32] Entidade: Rubi - Dados Geográficos (Bairros, Cidades, Países) - TAMANHO: G",Story,2026-03-16T10:26:03.198-0300,2026-05-01T15:32:38.120-0300,Waiting Test,Test,maria.lacerda2,SQUAD_4,2026-04-27,2026-05-08,
BF3E4-5005,"[SHARED SERVICES - 32] Entidade: Rubi - Dados Geográficos (Bairros, Cidades, Países) - TAMANHO: G",Story,2026-03-16T10:26:03.198-0300,2026-04-16T17:13:29.438-0300,In Code Review,Waiting Test,igor.eca,SQUAD_4,2026-04-27,2026-05-08,
BF3E4-5005,"[SHARED SERVICES - 32] Entidade: Rubi - Dados Geográficos (Bairros, Cidades, Países) - TAMANHO: G",Story,2026-03-16T10:26:03.198-0300,2026-04-16T17:13:27.259-0300,WAITING CODE REVIEW,In Code Review,igor.eca,SQUAD_4,2026-04-27,2026-05-08,
BF3E4-5005,"[SHARED SERVICES - 32] Entidade: Rubi - Dados Geográficos (Bairros, Cidades, Países) - TAMANHO: G",Story,2026-03-16T10:26:03.198-0300,2026-04-16T17:13:22.074-0300,IN DEVELOPMENT,WAITING CODE REVIEW,igor.eca,SQUAD_4,2026-04-27,2026-05-08,
BF3E4-5005,"[SHARED SERVICES - 32] Entidade: Rubi - Dados Geográficos (Bairros, Cidades, Países) - TAMANHO: G",Story,2026-03-16T10:26:03.198-0300,2026-04-15T08:52:31.947-0300,To Do,IN DEVELOPMENT,igor.eca,SQUAD_4,2026-04-27,2026-05-08,
BF3E4-5005,"[SHARED SERVICES - 32] Entidade: Rubi - Dados Geográficos (Bairros, Cidades, Países) - TAMANHO: G",Story,2026-03-16T10:26:03.198-0300,2026-03-24T10:31:15.638-0300,Refined,To Do,fabio.bastos,SQUAD_4,2026-04-27,2026-05-08,
BF3E4-5005,"[SHARED SERVICES - 32] Entidade: Rubi - Dados Geográficos (Bairros, Cidades, Países) - TAMANHO: G",Story,2026-03-16T10:26:03.198-0300,2026-03-18T11:35:19.530-0300,IN REFINEMENT,Refined,fabio.bastos,SQUAD_4,2026-04-27,2026-05-08,
BF3E4-5005,"[SHARED SERVICES - 32] Entidade: Rubi - Dados Geográficos (Bairros, Cidades, Países) - TAMANHO: G",Story,2026-03-16T10:26:03.198-0300,2026-03-18T11:34:51.773-0300,WAITING REFINEMENT,IN REFINEMENT,fabio.bastos,SQUAD_4,2026-04-27,2026-05-08,
BF3E4-5005,"[SHARED SERVICES - 32] Entidade: Rubi - Dados Geográficos (Bairros, Cidades, Países) - TAMANHO: G",Story,2026-03-16T10:26:03.198-0300,2026-03-18T11:05:06.458-0300,Open,WAITING REFINEMENT,fabio.bastos,SQUAD_4,2026-04-27,2026-05-08,
BF3E4-4997,[SHARED SERVICES - 31] Entidade: Rubi - Contabilização (PARTICIONADA) - TAMANHO: M,Story,2026-03-16T10:25:43.875-0300,2026-04-30T13:43:06.134-0300,Test,Done,igor.eca,SQUAD_4,2026-04-27,2026-04-30,
BF3E4-4997,[SHARED SERVICES - 31] Entidade: Rubi - Contabilização (PARTICIONADA) - TAMANHO: M,Story,2026-03-16T10:25:43.875-0300,2026-04-29T17:32:41.921-0300,Waiting Test,Test,igor.eca,SQUAD_4,2026-04-27,2026-04-30,
BF3E4-4997,[SHARED SERVICES - 31] Entidade: Rubi - Contabilização (PARTICIONADA) - TAMANHO: M,Story,2026-03-16T10:25:43.875-0300,2026-04-22T09:12:42.253-0300,In Code Review,Waiting Test,jose.draszewski,SQUAD_4,2026-04-27,2026-04-30,
BF3E4-4997,[SHARED SERVICES - 31] Entidade: Rubi - Contabilização (PARTICIONADA) - TAMANHO: M,Story,2026-03-16T10:25:43.875-0300,2026-04-22T09:12:39.328-0300,WAITING CODE REVIEW,In Code Review,jose.draszewski,SQUAD_4,2026-04-27,2026-04-30,
BF3E4-4997,[SHARED SERVICES - 31] Entidade: Rubi - Contabilização (PARTICIONADA) - TAMANHO: M,Story,2026-03-16T10:25:43.875-0300,2026-04-22T09:01:22.738-0300,IN DEVELOPMENT,WAITING CODE REVIEW,João Pedro Amaral de Oliveira,SQUAD_4,2026-04-27,2026-04-30,
BF3E4-4997,[SHARED SERVICES - 31] Entidade: Rubi - Contabilização (PARTICIONADA) - TAMANHO: M,Story,2026-03-16T10:25:43.875-0300,2026-04-14T13:06:39.743-0300,To Do,IN DEVELOPMENT,João Pedro Amaral de Oliveira,SQUAD_4,2026-04-27,2026-04-30,
BF3E4-4997,[SHARED SERVICES - 31] Entidade: Rubi - Contabilização (PARTICIONADA) - TAMANHO: M,Story,2026-03-16T10:25:43.875-0300,2026-03-24T10:31:23.872-0300,Refined,To Do,fabio.bastos,SQUAD_4,2026-04-27,2026-04-30,
BF3E4-4997,[SHARED SERVICES - 31] Entidade: Rubi - Contabilização (PARTICIONADA) - TAMANHO: M,Story,2026-03-16T10:25:43.875-0300,2026-03-18T11:35:22.383-0300,IN REFINEMENT,Refined,fabio.bastos,SQUAD_4,2026-04-27,2026-04-30,
BF3E4-4997,[SHARED SERVICES - 31] Entidade: Rubi - Contabilização (PARTICIONADA) - TAMANHO: M,Story,2026-03-16T10:25:43.875-0300,2026-03-18T11:34:54.844-0300,WAITING REFINEMENT,IN REFINEMENT,fabio.bastos,SQUAD_4,2026-04-27,2026-04-30,
BF3E4-4997,[SHARED SERVICES - 31] Entidade: Rubi - Contabilização (PARTICIONADA) - TAMANHO: M,Story,2026-03-16T10:25:43.875-0300,2026-03-18T11:05:03.356-0300,Open,WAITING REFINEMENT,fabio.bastos,SQUAD_4,2026-04-27,2026-04-30,
BF3E4-4987,[SHARED SERVICES - 30] Entidade: Rubi - Códigos Lançamento Contábil e Naturezas de Despesa - TAMANHO: M,Story,2026-03-16T10:25:21.616-0300,2026-04-30T18:08:30.778-0300,Test,Done,artenize.teles,SQUAD_4,2026-04-24,2026-05-04,
BF3E4-4987,[SHARED SERVICES - 30] Entidade: Rubi - Códigos Lançamento Contábil e Naturezas de Despesa - TAMANHO: M,Story,2026-03-16T10:25:21.616-0300,2026-04-30T11:10:18.822-0300,Waiting Test,Test,artenize.teles,SQUAD_4,2026-04-24,2026-05-04,
BF3E4-4987,[SHARED SERVICES - 30] Entidade: Rubi - Códigos Lançamento Contábil e Naturezas de Despesa - TAMANHO: M,Story,2026-03-16T10:25:21.616-0300,2026-04-13T16:28:19.940-0300,In Code Review,Waiting Test,gustavo.mendes5,SQUAD_4,2026-04-24,2026-05-04,
BF3E4-4987,[SHARED SERVICES - 30] Entidade: Rubi - Códigos Lançamento Contábil e Naturezas de Despesa - TAMANHO: M,Story,2026-03-16T10:25:21.616-0300,2026-04-13T16:28:16.040-0300,WAITING CODE REVIEW,In Code Review,gustavo.mendes5,SQUAD_4,2026-04-24,2026-05-04,
BF3E4-4987,[SHARED SERVICES - 30] Entidade: Rubi - Códigos Lançamento Contábil e Naturezas de Despesa - TAMANHO: M,Story,2026-03-16T10:25:21.616-0300,2026-04-13T16:27:33.750-0300,IN DEVELOPMENT,WAITING CODE REVIEW,gustavo.mendes5,SQUAD_4,2026-04-24,2026-05-04,
BF3E4-4987,[SHARED SERVICES - 30] Entidade: Rubi - Códigos Lançamento Contábil e Naturezas de Despesa - TAMANHO: M,Story,2026-03-16T10:25:21.616-0300,2026-04-13T16:27:28.949-0300,To Do,IN DEVELOPMENT,gustavo.mendes5,SQUAD_4,2026-04-24,2026-05-04,
BF3E4-4987,[SHARED SERVICES - 30] Entidade: Rubi - Códigos Lançamento Contábil e Naturezas de Despesa - TAMANHO: M,Story,2026-03-16T10:25:21.616-0300,2026-03-24T10:31:26.456-0300,Refined,To Do,fabio.bastos,SQUAD_4,2026-04-24,2026-05-04,
BF3E4-4987,[SHARED SERVICES - 30] Entidade: Rubi - Códigos Lançamento Contábil e Naturezas de Despesa - TAMANHO: M,Story,2026-03-16T10:25:21.616-0300,2026-03-18T11:35:26.052-0300,IN REFINEMENT,Refined,fabio.bastos,SQUAD_4,2026-04-24,2026-05-04,
BF3E4-4987,[SHARED SERVICES - 30] Entidade: Rubi - Códigos Lançamento Contábil e Naturezas de Despesa - TAMANHO: M,Story,2026-03-16T10:25:21.616-0300,2026-03-18T11:34:57.940-0300,WAITING REFINEMENT,IN REFINEMENT,fabio.bastos,SQUAD_4,2026-04-24,2026-05-04,
BF3E4-4987,[SHARED SERVICES - 30] Entidade: Rubi - Códigos Lançamento Contábil e Naturezas de Despesa - TAMANHO: M,Story,2026-03-16T10:25:21.616-0300,2026-03-18T11:04:59.802-0300,Open,WAITING REFINEMENT,fabio.bastos,SQUAD_4,2026-04-24,2026-05-04,
BF3E4-4976,[SHARED SERVICES - 29] Entidade: Rubi - Ficha Financeira (PARTICIONADA CRÍTICA) - TAMANHO: G,Story,2026-03-16T10:24:59.289-0300,2026-05-05T17:09:08.587-0300,Test,Done,maria.lacerda2,SQUAD_4,2026-04-24,2026-05-05,
BF3E4-4976,[SHARED SERVICES - 29] Entidade: Rubi - Ficha Financeira (PARTICIONADA CRÍTICA) - TAMANHO: G,Story,2026-03-16T10:24:59.289-0300,2026-05-04T14:27:06.134-0300,Waiting Test,Test,artenize.teles,SQUAD_4,2026-04-24,2026-05-05,
BF3E4-4976,[SHARED SERVICES - 29] Entidade: Rubi - Ficha Financeira (PARTICIONADA CRÍTICA) - TAMANHO: G,Story,2026-03-16T10:24:59.289-0300,2026-05-04T14:07:49.719-0300,IN DEVELOPMENT,Waiting Test,gustavo.mendes5,SQUAD_4,2026-04-24,2026-05-05,
BF3E4-4976,[SHARED SERVICES - 29] Entidade: Rubi - Ficha Financeira (PARTICIONADA CRÍTICA) - TAMANHO: G,Story,2026-03-16T10:24:59.289-0300,2026-04-17T12:00:54.476-0300,To Do,IN DEVELOPMENT,augusto.cantareli,SQUAD_4,2026-04-24,2026-05-05,
BF3E4-4976,[SHARED SERVICES - 29] Entidade: Rubi - Ficha Financeira (PARTICIONADA CRÍTICA) - TAMANHO: G,Story,2026-03-16T10:24:59.289-0300,2026-03-24T10:31:31.005-0300,Refined,To Do,fabio.bastos,SQUAD_4,2026-04-24,2026-05-05,
BF3E4-4976,[SHARED SERVICES - 29] Entidade: Rubi - Ficha Financeira (PARTICIONADA CRÍTICA) - TAMANHO: G,Story,2026-03-16T10:24:59.289-0300,2026-03-18T11:35:28.831-0300,IN REFINEMENT,Refined,fabio.bastos,SQUAD_4,2026-04-24,2026-05-05,
BF3E4-4976,[SHARED SERVICES - 29] Entidade: Rubi - Ficha Financeira (PARTICIONADA CRÍTICA) - TAMANHO: G,Story,2026-03-16T10:24:59.289-0300,2026-03-18T11:35:01.343-0300,WAITING REFINEMENT,IN REFINEMENT,fabio.bastos,SQUAD_4,2026-04-24,2026-05-05,
BF3E4-4976,[SHARED SERVICES - 29] Entidade: Rubi - Ficha Financeira (PARTICIONADA CRÍTICA) - TAMANHO: G,Story,2026-03-16T10:24:59.289-0300,2026-03-18T11:04:56.407-0300,Open,WAITING REFINEMENT,fabio.bastos,SQUAD_4,2026-04-24,2026-05-05,
BF3E4-4972,[SHARED SERVICES - 28] Entidade: Rubi - Informações Demonstrativo Pagamento - TAMANHO: P,Story,2026-03-16T10:24:48.302-0300,2026-04-29T10:55:18.786-0300,Test,Done,guilherme.freitas2,SQUAD_4,2026-04-24,2026-04-24,
BF3E4-4972,[SHARED SERVICES - 28] Entidade: Rubi - Informações Demonstrativo Pagamento - TAMANHO: P,Story,2026-03-16T10:24:48.302-0300,2026-04-29T10:05:56.126-0300,Waiting Test,Test,guilherme.freitas2,SQUAD_4,2026-04-24,2026-04-24,
BF3E4-4972,[SHARED SERVICES - 28] Entidade: Rubi - Informações Demonstrativo Pagamento - TAMANHO: P,Story,2026-03-16T10:24:48.302-0300,2026-04-14T14:18:05.531-0300,In Code Review,Waiting Test,jose.draszewski,SQUAD_4,2026-04-24,2026-04-24,
BF3E4-4972,[SHARED SERVICES - 28] Entidade: Rubi - Informações Demonstrativo Pagamento - TAMANHO: P,Story,2026-03-16T10:24:48.302-0300,2026-04-14T14:18:02.897-0300,WAITING CODE REVIEW,In Code Review,jose.draszewski,SQUAD_4,2026-04-24,2026-04-24,
BF3E4-4972,[SHARED SERVICES - 28] Entidade: Rubi - Informações Demonstrativo Pagamento - TAMANHO: P,Story,2026-03-16T10:24:48.302-0300,2026-04-14T14:17:58.184-0300,IN DEVELOPMENT,WAITING CODE REVIEW,jose.draszewski,SQUAD_4,2026-04-24,2026-04-24,
BF3E4-4972,[SHARED SERVICES - 28] Entidade: Rubi - Informações Demonstrativo Pagamento - TAMANHO: P,Story,2026-03-16T10:24:48.302-0300,2026-04-13T16:07:03.550-0300,To Do,IN DEVELOPMENT,igor.eca,SQUAD_4,2026-04-24,2026-04-24,
BF3E4-4972,[SHARED SERVICES - 28] Entidade: Rubi - Informações Demonstrativo Pagamento - TAMANHO: P,Story,2026-03-16T10:24:48.302-0300,2026-03-24T10:31:36.153-0300,Refined,To Do,fabio.bastos,SQUAD_4,2026-04-24,2026-04-24,
BF3E4-4972,[SHARED SERVICES - 28] Entidade: Rubi - Informações Demonstrativo Pagamento - TAMANHO: P,Story,2026-03-16T10:24:48.302-0300,2026-03-18T11:35:33.899-0300,IN REFINEMENT,Refined,fabio.bastos,SQUAD_4,2026-04-24,2026-04-24,
BF3E4-4972,[SHARED SERVICES - 28] Entidade: Rubi - Informações Demonstrativo Pagamento - TAMANHO: P,Story,2026-03-16T10:24:48.302-0300,2026-03-18T11:35:04.315-0300,WAITING REFINEMENT,IN REFINEMENT,fabio.bastos,SQUAD_4,2026-04-24,2026-04-24,
BF3E4-4972,[SHARED SERVICES - 28] Entidade: Rubi - Informações Demonstrativo Pagamento - TAMANHO: P,Story,2026-03-16T10:24:48.302-0300,2026-03-18T11:04:52.709-0300,Open,WAITING REFINEMENT,fabio.bastos,SQUAD_4,2026-04-24,2026-04-24,
BF3E4-4965,[SHARED SERVICES - 27] Entidade: Rubi - Movimento para Folha - TAMANHO: M,Story,2026-03-16T10:24:30.121-0300,2026-04-29T15:14:43.655-0300,Test,Done,igor.eca,SQUAD_4,2026-04-22,2026-04-24,
BF3E4-4965,[SHARED SERVICES - 27] Entidade: Rubi - Movimento para Folha - TAMANHO: M,Story,2026-03-16T10:24:30.121-0300,2026-04-29T09:35:48.945-0300,Waiting Test,Test,igor.eca,SQUAD_4,2026-04-22,2026-04-24,
BF3E4-4965,[SHARED SERVICES - 27] Entidade: Rubi - Movimento para Folha - TAMANHO: M,Story,2026-03-16T10:24:30.121-0300,2026-04-15T13:39:32.876-0300,In Code Review,Waiting Test,matheus.vaula,SQUAD_4,2026-04-22,2026-04-24,
BF3E4-4965,[SHARED SERVICES - 27] Entidade: Rubi - Movimento para Folha - TAMANHO: M,Story,2026-03-16T10:24:30.121-0300,2026-04-15T13:39:30.225-0300,WAITING CODE REVIEW,In Code Review,matheus.vaula,SQUAD_4,2026-04-22,2026-04-24,
BF3E4-4965,[SHARED SERVICES - 27] Entidade: Rubi - Movimento para Folha - TAMANHO: M,Story,2026-03-16T10:24:30.121-0300,2026-04-15T13:39:27.662-0300,IN DEVELOPMENT,WAITING CODE REVIEW,matheus.vaula,SQUAD_4,2026-04-22,2026-04-24,
BF3E4-4965,[SHARED SERVICES - 27] Entidade: Rubi - Movimento para Folha - TAMANHO: M,Story,2026-03-16T10:24:30.121-0300,2026-04-13T10:10:11.678-0300,To Do,IN DEVELOPMENT,matheus.vaula,SQUAD_4,2026-04-22,2026-04-24,
BF3E4-4965,[SHARED SERVICES - 27] Entidade: Rubi - Movimento para Folha - TAMANHO: M,Story,2026-03-16T10:24:30.121-0300,2026-03-24T10:31:38.404-0300,Refined,To Do,fabio.bastos,SQUAD_4,2026-04-22,2026-04-24,
BF3E4-4965,[SHARED SERVICES - 27] Entidade: Rubi - Movimento para Folha - TAMANHO: M,Story,2026-03-16T10:24:30.121-0300,2026-03-18T11:35:37.643-0300,IN REFINEMENT,Refined,fabio.bastos,SQUAD_4,2026-04-22,2026-04-24,
BF3E4-4965,[SHARED SERVICES - 27] Entidade: Rubi - Movimento para Folha - TAMANHO: M,Story,2026-03-16T10:24:30.121-0300,2026-03-18T11:35:07.529-0300,WAITING REFINEMENT,IN REFINEMENT,fabio.bastos,SQUAD_4,2026-04-22,2026-04-24,
BF3E4-4965,[SHARED SERVICES - 27] Entidade: Rubi - Movimento para Folha - TAMANHO: M,Story,2026-03-16T10:24:30.121-0300,2026-03-18T11:04:49.279-0300,Open,WAITING REFINEMENT,fabio.bastos,SQUAD_4,2026-04-22,2026-04-24,
BF3E4-4958,[SHARED SERVICES - 26] Entidade: Rubi - Códigos de Cálculo - TAMANHO: P,Story,2026-03-16T10:24:09.802-0300,2026-04-28T18:34:31.838-0300,Test,Done,igor.eca,SQUAD_4,2026-04-22,2026-04-24,
BF3E4-4958,[SHARED SERVICES - 26] Entidade: Rubi - Códigos de Cálculo - TAMANHO: P,Story,2026-03-16T10:24:09.802-0300,2026-04-28T15:45:48.018-0300,Waiting Test,Test,igor.eca,SQUAD_4,2026-04-22,2026-04-24,
BF3E4-4958,[SHARED SERVICES - 26] Entidade: Rubi - Códigos de Cálculo - TAMANHO: P,Story,2026-03-16T10:24:09.802-0300,2026-04-14T10:30:43.447-0300,In Code Review,Waiting Test,jose.draszewski,SQUAD_4,2026-04-22,2026-04-24,
BF3E4-4958,[SHARED SERVICES - 26] Entidade: Rubi - Códigos de Cálculo - TAMANHO: P,Story,2026-03-16T10:24:09.802-0300,2026-04-14T10:30:38.814-0300,WAITING CODE REVIEW,In Code Review,jose.draszewski,SQUAD_4,2026-04-22,2026-04-24,
BF3E4-4958,[SHARED SERVICES - 26] Entidade: Rubi - Códigos de Cálculo - TAMANHO: P,Story,2026-03-16T10:24:09.802-0300,2026-04-14T10:30:26.131-0300,IN DEVELOPMENT,WAITING CODE REVIEW,jose.draszewski,SQUAD_4,2026-04-22,2026-04-24,
BF3E4-4958,[SHARED SERVICES - 26] Entidade: Rubi - Códigos de Cálculo - TAMANHO: P,Story,2026-03-16T10:24:09.802-0300,2026-04-14T10:30:13.786-0300,To Do,IN DEVELOPMENT,jose.draszewski,SQUAD_4,2026-04-22,2026-04-24,
BF3E4-4958,[SHARED SERVICES - 26] Entidade: Rubi - Códigos de Cálculo - TAMANHO: P,Story,2026-03-16T10:24:09.802-0300,2026-03-24T10:31:41.794-0300,Refined,To Do,fabio.bastos,SQUAD_4,2026-04-22,2026-04-24,
BF3E4-4958,[SHARED SERVICES - 26] Entidade: Rubi - Códigos de Cálculo - TAMANHO: P,Story,2026-03-16T10:24:09.802-0300,2026-03-18T11:35:40.625-0300,IN REFINEMENT,Refined,fabio.bastos,SQUAD_4,2026-04-22,2026-04-24,
BF3E4-4958,[SHARED SERVICES - 26] Entidade: Rubi - Códigos de Cálculo - TAMANHO: P,Story,2026-03-16T10:24:09.802-0300,2026-03-18T11:35:13.320-0300,WAITING REFINEMENT,IN REFINEMENT,fabio.bastos,SQUAD_4,2026-04-22,2026-04-24,
BF3E4-4958,[SHARED SERVICES - 26] Entidade: Rubi - Códigos de Cálculo - TAMANHO: P,Story,2026-03-16T10:24:09.802-0300,2026-03-18T11:04:46.513-0300,Open,WAITING REFINEMENT,fabio.bastos,SQUAD_4,2026-04-22,2026-04-24,
BF3E4-4950,[SHARED SERVICES - 25] Entidade: Rubi - Rescisão - Parte 2 (Eventos) - TAMANHO: M,Story,2026-03-16T10:23:50.969-0300,2026-05-04T14:26:35.720-0300,Test,Done,artenize.teles,SQUAD_4,2026-04-22,2026-04-27,
BF3E4-4950,[SHARED SERVICES - 25] Entidade: Rubi - Rescisão - Parte 2 (Eventos) - TAMANHO: M,Story,2026-03-16T10:23:50.969-0300,2026-05-04T14:12:18.484-0300,Waiting Test,Test,guilherme.freitas2,SQUAD_4,2026-04-22,2026-04-27,
BF3E4-4950,[SHARED SERVICES - 25] Entidade: Rubi - Rescisão - Parte 2 (Eventos) - TAMANHO: M,Story,2026-03-16T10:23:50.969-0300,2026-05-04T13:34:18.866-0300,IN DEVELOPMENT,Waiting Test,João Pedro Amaral de Oliveira,SQUAD_4,2026-04-22,2026-04-27,
BF3E4-4950,[SHARED SERVICES - 25] Entidade: Rubi - Rescisão - Parte 2 (Eventos) - TAMANHO: M,Story,2026-03-16T10:23:50.969-0300,2026-04-14T13:23:00.058-0300,To Do,IN DEVELOPMENT,maria.lacerda2,SQUAD_4,2026-04-22,2026-04-27,
BF3E4-4940,[SHARED SERVICES - 24] Entidade: Rubi - Rescisão - Parte 1 (Mestre e Complementar) - TAMANHO: M,Story,2026-03-16T10:23:26.698-0300,2026-05-01T08:02:10.621-0300,Test,Done,igor.eca,SQUAD_4,2026-04-20,2026-04-28,
BF3E4-4940,[SHARED SERVICES - 24] Entidade: Rubi - Rescisão - Parte 1 (Mestre e Complementar) - TAMANHO: M,Story,2026-03-16T10:23:26.698-0300,2026-04-29T11:03:45.445-0300,Waiting Test,Test,igor.eca,SQUAD_4,2026-04-20,2026-04-28,
BF3E4-4940,[SHARED SERVICES - 24] Entidade: Rubi - Rescisão - Parte 1 (Mestre e Complementar) - TAMANHO: M,Story,2026-03-16T10:23:26.698-0300,2026-04-14T10:35:51.133-0300,In Code Review,Waiting Test,jose.draszewski,SQUAD_4,2026-04-20,2026-04-28,
BF3E4-4940,[SHARED SERVICES - 24] Entidade: Rubi - Rescisão - Parte 1 (Mestre e Complementar) - TAMANHO: M,Story,2026-03-16T10:23:26.698-0300,2026-04-14T10:35:47.813-0300,WAITING CODE REVIEW,In Code Review,jose.draszewski,SQUAD_4,2026-04-20,2026-04-28,
BF3E4-4940,[SHARED SERVICES - 24] Entidade: Rubi - Rescisão - Parte 1 (Mestre e Complementar) - TAMANHO: M,Story,2026-03-16T10:23:26.698-0300,2026-04-14T10:35:42.794-0300,IN DEVELOPMENT,WAITING CODE REVIEW,jose.draszewski,SQUAD_4,2026-04-20,2026-04-28,
BF3E4-4940,[SHARED SERVICES - 24] Entidade: Rubi - Rescisão - Parte 1 (Mestre e Complementar) - TAMANHO: M,Story,2026-03-16T10:23:26.698-0300,2026-04-14T10:35:37.244-0300,To Do,IN DEVELOPMENT,jose.draszewski,SQUAD_4,2026-04-20,2026-04-28,
BF3E4-4940,[SHARED SERVICES - 24] Entidade: Rubi - Rescisão - Parte 1 (Mestre e Complementar) - TAMANHO: M,Story,2026-03-16T10:23:26.698-0300,2026-03-24T10:31:53.025-0300,Refined,To Do,fabio.bastos,SQUAD_4,2026-04-20,2026-04-28,
BF3E4-4940,[SHARED SERVICES - 24] Entidade: Rubi - Rescisão - Parte 1 (Mestre e Complementar) - TAMANHO: M,Story,2026-03-16T10:23:26.698-0300,2026-03-18T11:51:25.713-0300,IN REFINEMENT,Refined,fabio.bastos,SQUAD_4,2026-04-20,2026-04-28,
BF3E4-4940,[SHARED SERVICES - 24] Entidade: Rubi - Rescisão - Parte 1 (Mestre e Complementar) - TAMANHO: M,Story,2026-03-16T10:23:26.698-0300,2026-03-18T11:51:21.570-0300,WAITING REFINEMENT,IN REFINEMENT,fabio.bastos,SQUAD_4,2026-04-20,2026-04-28,
BF3E4-4940,[SHARED SERVICES - 24] Entidade: Rubi - Rescisão - Parte 1 (Mestre e Complementar) - TAMANHO: M,Story,2026-03-16T10:23:26.698-0300,2026-03-18T11:04:40.258-0300,Open,WAITING REFINEMENT,fabio.bastos,SQUAD_4,2026-04-20,2026-04-28,
BF3E4-4933,[SHARED SERVICES - 23] Entidade: Rubi - Causas de Demissão - TAMANHO: P,Story,2026-03-16T10:23:06.065-0300,2026-04-28T09:08:16.429-0300,Test,Done,igor.eca,SQUAD_4,2026-04-16,2026-04-20,
BF3E4-4933,[SHARED SERVICES - 23] Entidade: Rubi - Causas de Demissão - TAMANHO: P,Story,2026-03-16T10:23:06.065-0300,2026-04-27T16:30:29.326-0300,Waiting Test,Test,igor.eca,SQUAD_4,2026-04-16,2026-04-20,
BF3E4-4933,[SHARED SERVICES - 23] Entidade: Rubi - Causas de Demissão - TAMANHO: P,Story,2026-03-16T10:23:06.065-0300,2026-04-13T10:24:24.149-0300,In Code Review,Waiting Test,jose.draszewski,SQUAD_4,2026-04-16,2026-04-20,
BF3E4-4933,[SHARED SERVICES - 23] Entidade: Rubi - Causas de Demissão - TAMANHO: P,Story,2026-03-16T10:23:06.065-0300,2026-04-13T10:24:01.065-0300,WAITING CODE REVIEW,In Code Review,jose.draszewski,SQUAD_4,2026-04-16,2026-04-20,
BF3E4-4933,[SHARED SERVICES - 23] Entidade: Rubi - Causas de Demissão - TAMANHO: P,Story,2026-03-16T10:23:06.065-0300,2026-04-13T10:23:53.582-0300,IN DEVELOPMENT,WAITING CODE REVIEW,jose.draszewski,SQUAD_4,2026-04-16,2026-04-20,
BF3E4-4933,[SHARED SERVICES - 23] Entidade: Rubi - Causas de Demissão - TAMANHO: P,Story,2026-03-16T10:23:06.065-0300,2026-04-10T15:28:03.157-0300,To Do,IN DEVELOPMENT,gustavo.mendes5,SQUAD_4,2026-04-16,2026-04-20,
BF3E4-4933,[SHARED SERVICES - 23] Entidade: Rubi - Causas de Demissão - TAMANHO: P,Story,2026-03-16T10:23:06.065-0300,2026-03-24T10:31:56.963-0300,Refined,To Do,fabio.bastos,SQUAD_4,2026-04-16,2026-04-20,
BF3E4-4933,[SHARED SERVICES - 23] Entidade: Rubi - Causas de Demissão - TAMANHO: P,Story,2026-03-16T10:23:06.065-0300,2026-03-18T11:51:47.843-0300,IN REFINEMENT,Refined,fabio.bastos,SQUAD_4,2026-04-16,2026-04-20,
BF3E4-4933,[SHARED SERVICES - 23] Entidade: Rubi - Causas de Demissão - TAMANHO: P,Story,2026-03-16T10:23:06.065-0300,2026-03-18T11:51:30.899-0300,WAITING REFINEMENT,IN REFINEMENT,fabio.bastos,SQUAD_4,2026-04-16,2026-04-20,
BF3E4-4933,[SHARED SERVICES - 23] Entidade: Rubi - Causas de Demissão - TAMANHO: P,Story,2026-03-16T10:23:06.065-0300,2026-03-18T11:04:33.907-0300,Open,WAITING REFINEMENT,fabio.bastos,SQUAD_4,2026-04-16,2026-04-20,
BF3E4-4925,[SHARED SERVICES - 22] Entidade: Rubi - Férias - Parte 2 (Programação) - TAMANHO: P,Story,2026-03-16T10:22:46.831-0300,2026-04-30T11:11:22.077-0300,Test,Done,maria.lacerda2,SQUAD_4,2026-04-15,2026-04-20,
BF3E4-4925,[SHARED SERVICES - 22] Entidade: Rubi - Férias - Parte 2 (Programação) - TAMANHO: P,Story,2026-03-16T10:22:46.831-0300,2026-04-28T09:29:31.677-0300,Waiting Test,Test,maria.lacerda2,SQUAD_4,2026-04-15,2026-04-20,
BF3E4-4925,[SHARED SERVICES - 22] Entidade: Rubi - Férias - Parte 2 (Programação) - TAMANHO: P,Story,2026-03-16T10:22:46.831-0300,2026-04-24T14:30:23.241-0300,In Code Review,Waiting Test,gustavo.mendes5,SQUAD_4,2026-04-15,2026-04-20,
BF3E4-4925,[SHARED SERVICES - 22] Entidade: Rubi - Férias - Parte 2 (Programação) - TAMANHO: P,Story,2026-03-16T10:22:46.831-0300,2026-04-24T14:30:21.099-0300,WAITING CODE REVIEW,In Code Review,gustavo.mendes5,SQUAD_4,2026-04-15,2026-04-20,
BF3E4-4925,[SHARED SERVICES - 22] Entidade: Rubi - Férias - Parte 2 (Programação) - TAMANHO: P,Story,2026-03-16T10:22:46.831-0300,2026-04-24T14:30:18.731-0300,IN DEVELOPMENT,WAITING CODE REVIEW,gustavo.mendes5,SQUAD_4,2026-04-15,2026-04-20,
BF3E4-4925,[SHARED SERVICES - 22] Entidade: Rubi - Férias - Parte 2 (Programação) - TAMANHO: P,Story,2026-03-16T10:22:46.831-0300,2026-04-14T14:13:42.792-0300,To Do,IN DEVELOPMENT,jose.draszewski,SQUAD_4,2026-04-15,2026-04-20,
BF3E4-4925,[SHARED SERVICES - 22] Entidade: Rubi - Férias - Parte 2 (Programação) - TAMANHO: P,Story,2026-03-16T10:22:46.831-0300,2026-04-14T14:13:40.391-0300,Refined,To Do,jose.draszewski,SQUAD_4,2026-04-15,2026-04-20,
BF3E4-4925,[SHARED SERVICES - 22] Entidade: Rubi - Férias - Parte 2 (Programação) - TAMANHO: P,Story,2026-03-16T10:22:46.831-0300,2026-04-14T14:13:37.848-0300,IN REFINEMENT,Refined,jose.draszewski,SQUAD_4,2026-04-15,2026-04-20,
BF3E4-4925,[SHARED SERVICES - 22] Entidade: Rubi - Férias - Parte 2 (Programação) - TAMANHO: P,Story,2026-03-16T10:22:46.831-0300,2026-04-14T14:13:34.190-0300,WAITING REFINEMENT,IN REFINEMENT,jose.draszewski,SQUAD_4,2026-04-15,2026-04-20,
BF3E4-4925,[SHARED SERVICES - 22] Entidade: Rubi - Férias - Parte 2 (Programação) - TAMANHO: P,Story,2026-03-16T10:22:46.831-0300,2026-04-14T14:13:31.185-0300,Open,WAITING REFINEMENT,jose.draszewski,SQUAD_4,2026-04-15,2026-04-20,
BF3E4-4925,[SHARED SERVICES - 22] Entidade: Rubi - Férias - Parte 2 (Programação) - TAMANHO: P,Story,2026-03-16T10:22:46.831-0300,2026-04-14T14:13:27.354-0300,Canceled,Open,jose.draszewski,SQUAD_4,2026-04-15,2026-04-20,
BF3E4-4925,[SHARED SERVICES - 22] Entidade: Rubi - Férias - Parte 2 (Programação) - TAMANHO: P,Story,2026-03-16T10:22:46.831-0300,2026-04-14T14:13:24.783-0300,WAITING REFINEMENT,Canceled,jose.draszewski,SQUAD_4,2026-04-15,2026-04-20,
BF3E4-4925,[SHARED SERVICES - 22] Entidade: Rubi - Férias - Parte 2 (Programação) - TAMANHO: P,Story,2026-03-16T10:22:46.831-0300,2026-04-14T14:13:18.543-0300,Open,WAITING REFINEMENT,jose.draszewski,SQUAD_4,2026-04-15,2026-04-20,
BF3E4-4925,[SHARED SERVICES - 22] Entidade: Rubi - Férias - Parte 2 (Programação) - TAMANHO: P,Story,2026-03-16T10:22:46.831-0300,2026-04-14T14:13:15.327-0300,Canceled,Open,jose.draszewski,SQUAD_4,2026-04-15,2026-04-20,
BF3E4-4925,[SHARED SERVICES - 22] Entidade: Rubi - Férias - Parte 2 (Programação) - TAMANHO: P,Story,2026-03-16T10:22:46.831-0300,2026-04-14T14:13:12.305-0300,Waiting Test,Canceled,jose.draszewski,SQUAD_4,2026-04-15,2026-04-20,
BF3E4-4925,[SHARED SERVICES - 22] Entidade: Rubi - Férias - Parte 2 (Programação) - TAMANHO: P,Story,2026-03-16T10:22:46.831-0300,2026-04-14T09:38:09.090-0300,In Code Review,Waiting Test,gustavo.mendes5,SQUAD_4,2026-04-15,2026-04-20,
BF3E4-4925,[SHARED SERVICES - 22] Entidade: Rubi - Férias - Parte 2 (Programação) - TAMANHO: P,Story,2026-03-16T10:22:46.831-0300,2026-04-14T09:38:05.902-0300,WAITING CODE REVIEW,In Code Review,gustavo.mendes5,SQUAD_4,2026-04-15,2026-04-20,
BF3E4-4925,[SHARED SERVICES - 22] Entidade: Rubi - Férias - Parte 2 (Programação) - TAMANHO: P,Story,2026-03-16T10:22:46.831-0300,2026-04-14T09:38:02.661-0300,IN DEVELOPMENT,WAITING CODE REVIEW,gustavo.mendes5,SQUAD_4,2026-04-15,2026-04-20,
BF3E4-4925,[SHARED SERVICES - 22] Entidade: Rubi - Férias - Parte 2 (Programação) - TAMANHO: P,Story,2026-03-16T10:22:46.831-0300,2026-04-10T16:35:43.986-0300,To Do,IN DEVELOPMENT,gustavo.mendes5,SQUAD_4,2026-04-15,2026-04-20,
BF3E4-4915,[SHARED SERVICES - 21] Entidade: Rubi - Férias - Parte 1 (Recibos e Períodos) - TAMANHO: M,Story,2026-03-16T10:22:22.051-0300,2026-04-29T16:55:43.995-0300,Test,Done,João Pedro Amaral de Oliveira,SQUAD_4,2026-04-15,2026-04-23,
BF3E4-4915,[SHARED SERVICES - 21] Entidade: Rubi - Férias - Parte 1 (Recibos e Períodos) - TAMANHO: M,Story,2026-03-16T10:22:22.051-0300,2026-04-29T09:28:42.697-0300,Waiting Test,Test,João Pedro Amaral de Oliveira,SQUAD_4,2026-04-15,2026-04-23,
BF3E4-4915,[SHARED SERVICES - 21] Entidade: Rubi - Férias - Parte 1 (Recibos e Períodos) - TAMANHO: M,Story,2026-03-16T10:22:22.051-0300,2026-04-22T10:08:54.140-0300,In Code Review,Waiting Test,igor.eca,SQUAD_4,2026-04-15,2026-04-23,
BF3E4-4915,[SHARED SERVICES - 21] Entidade: Rubi - Férias - Parte 1 (Recibos e Períodos) - TAMANHO: M,Story,2026-03-16T10:22:22.051-0300,2026-04-22T10:08:50.364-0300,WAITING CODE REVIEW,In Code Review,igor.eca,SQUAD_4,2026-04-15,2026-04-23,
BF3E4-4915,[SHARED SERVICES - 21] Entidade: Rubi - Férias - Parte 1 (Recibos e Períodos) - TAMANHO: M,Story,2026-03-16T10:22:22.051-0300,2026-04-22T10:08:44.375-0300,IN DEVELOPMENT,WAITING CODE REVIEW,igor.eca,SQUAD_4,2026-04-15,2026-04-23,
BF3E4-4915,[SHARED SERVICES - 21] Entidade: Rubi - Férias - Parte 1 (Recibos e Períodos) - TAMANHO: M,Story,2026-03-16T10:22:22.051-0300,2026-04-17T09:04:24.160-0300,To Do,IN DEVELOPMENT,igor.eca,SQUAD_4,2026-04-15,2026-04-23,
BF3E4-4915,[SHARED SERVICES - 21] Entidade: Rubi - Férias - Parte 1 (Recibos e Períodos) - TAMANHO: M,Story,2026-03-16T10:22:22.051-0300,2026-03-24T10:32:04.367-0300,Refined,To Do,fabio.bastos,SQUAD_4,2026-04-15,2026-04-23,
BF3E4-4915,[SHARED SERVICES - 21] Entidade: Rubi - Férias - Parte 1 (Recibos e Períodos) - TAMANHO: M,Story,2026-03-16T10:22:22.051-0300,2026-03-18T11:51:54.294-0300,IN REFINEMENT,Refined,fabio.bastos,SQUAD_4,2026-04-15,2026-04-23,
BF3E4-4907,[SHARED SERVICES - 20] Entidade: Rubi - Afastamentos de Colaboradores - TAMANHO: P,Story,2026-03-16T10:22:01.573-0300,2026-04-30T12:08:01.182-0300,Test,Done,João Pedro Amaral de Oliveira,SQUAD_4,2026-04-08,2026-04-13,
BF3E4-4907,[SHARED SERVICES - 20] Entidade: Rubi - Afastamentos de Colaboradores - TAMANHO: P,Story,2026-03-16T10:22:01.573-0300,2026-04-30T08:54:09.996-0300,Waiting Test,Test,João Pedro Amaral de Oliveira,SQUAD_4,2026-04-08,2026-04-13,
BF3E4-4907,[SHARED SERVICES - 20] Entidade: Rubi - Afastamentos de Colaboradores - TAMANHO: P,Story,2026-03-16T10:22:01.573-0300,2026-04-29T18:07:40.923-0300,IN DEVELOPMENT,Waiting Test,marcos.carvalho3,SQUAD_4,2026-04-08,2026-04-13,
BF3E4-4907,[SHARED SERVICES - 20] Entidade: Rubi - Afastamentos de Colaboradores - TAMANHO: P,Story,2026-03-16T10:22:01.573-0300,2026-04-08T17:29:41.306-0300,To Do,IN DEVELOPMENT,fabio.bastos,SQUAD_4,2026-04-08,2026-04-13,
BF3E4-4907,[SHARED SERVICES - 20] Entidade: Rubi - Afastamentos de Colaboradores - TAMANHO: P,Story,2026-03-16T10:22:01.573-0300,2026-03-24T10:32:08.785-0300,Refined,To Do,fabio.bastos,SQUAD_4,2026-04-08,2026-04-13,
BF3E4-4907,[SHARED SERVICES - 20] Entidade: Rubi - Afastamentos de Colaboradores - TAMANHO: P,Story,2026-03-16T10:22:01.573-0300,2026-03-18T11:51:57.311-0300,IN REFINEMENT,Refined,fabio.bastos,SQUAD_4,2026-04-08,2026-04-13,
BF3E4-4907,[SHARED SERVICES - 20] Entidade: Rubi - Afastamentos de Colaboradores - TAMANHO: P,Story,2026-03-16T10:22:01.573-0300,2026-03-18T11:51:41.329-0300,WAITING REFINEMENT,IN REFINEMENT,fabio.bastos,SQUAD_4,2026-04-08,2026-04-13,
BF3E4-4907,[SHARED SERVICES - 20] Entidade: Rubi - Afastamentos de Colaboradores - TAMANHO: P,Story,2026-03-16T10:22:01.573-0300,2026-03-18T11:04:20.891-0300,Open,WAITING REFINEMENT,fabio.bastos,SQUAD_4,2026-04-08,2026-04-13,
BF3E4-4897,[SHARED SERVICES - 19] Entidade: Rubi - Históricos de Colaboradores - Parte 4 - TAMANHO: G,Story,2026-03-16T10:21:37.279-0300,2026-04-30T18:09:48.027-0300,Test,Done,guilherme.freitas2,SQUAD_4,2026-04-14,2026-04-23,
BF3E4-4897,[SHARED SERVICES - 19] Entidade: Rubi - Históricos de Colaboradores - Parte 4 - TAMANHO: G,Story,2026-03-16T10:21:37.279-0300,2026-04-28T15:42:52.235-0300,Waiting Test,Test,guilherme.freitas2,SQUAD_4,2026-04-14,2026-04-23,
BF3E4-4897,[SHARED SERVICES - 19] Entidade: Rubi - Históricos de Colaboradores - Parte 4 - TAMANHO: G,Story,2026-03-16T10:21:37.279-0300,2026-04-14T10:31:21.027-0300,In Code Review,Waiting Test,jose.draszewski,SQUAD_4,2026-04-14,2026-04-23,
BF3E4-4897,[SHARED SERVICES - 19] Entidade: Rubi - Históricos de Colaboradores - Parte 4 - TAMANHO: G,Story,2026-03-16T10:21:37.279-0300,2026-04-14T10:31:17.469-0300,WAITING CODE REVIEW,In Code Review,jose.draszewski,SQUAD_4,2026-04-14,2026-04-23,
BF3E4-4897,[SHARED SERVICES - 19] Entidade: Rubi - Históricos de Colaboradores - Parte 4 - TAMANHO: G,Story,2026-03-16T10:21:37.279-0300,2026-04-14T10:31:14.141-0300,IN DEVELOPMENT,WAITING CODE REVIEW,jose.draszewski,SQUAD_4,2026-04-14,2026-04-23,
BF3E4-4897,[SHARED SERVICES - 19] Entidade: Rubi - Históricos de Colaboradores - Parte 4 - TAMANHO: G,Story,2026-03-16T10:21:37.279-0300,2026-04-14T10:27:57.689-0300,To Do,IN DEVELOPMENT,maria.lacerda2,SQUAD_4,2026-04-14,2026-04-23,
BF3E4-4897,[SHARED SERVICES - 19] Entidade: Rubi - Históricos de Colaboradores - Parte 4 - TAMANHO: G,Story,2026-03-16T10:21:37.279-0300,2026-03-24T10:32:14.016-0300,Refined,To Do,fabio.bastos,SQUAD_4,2026-04-14,2026-04-23,
BF3E4-4897,[SHARED SERVICES - 19] Entidade: Rubi - Históricos de Colaboradores - Parte 4 - TAMANHO: G,Story,2026-03-16T10:21:37.279-0300,2026-03-18T11:52:00.045-0300,IN REFINEMENT,Refined,fabio.bastos,SQUAD_4,2026-04-14,2026-04-23,
BF3E4-4897,[SHARED SERVICES - 19] Entidade: Rubi - Históricos de Colaboradores - Parte 4 - TAMANHO: G,Story,2026-03-16T10:21:37.279-0300,2026-03-18T11:51:44.659-0300,WAITING REFINEMENT,IN REFINEMENT,fabio.bastos,SQUAD_4,2026-04-14,2026-04-23,
BF3E4-4897,[SHARED SERVICES - 19] Entidade: Rubi - Históricos de Colaboradores - Parte 4 - TAMANHO: G,Story,2026-03-16T10:21:37.279-0300,2026-03-18T11:04:17.925-0300,Open,WAITING REFINEMENT,fabio.bastos,SQUAD_4,2026-04-14,2026-04-23,
BF3E4-4883,[SHARED SERVICES - 18] Entidade: Rubi - Históricos de Colaboradores - Parte 3 - TAMANHO: G,Story,2026-03-16T10:21:07.347-0300,2026-04-30T10:52:31.187-0300,Test,Done,artenize.teles,SQUAD_4,2026-04-14,2026-04-28,
BF3E4-4883,[SHARED SERVICES - 18] Entidade: Rubi - Históricos de Colaboradores - Parte 3 - TAMANHO: G,Story,2026-03-16T10:21:07.347-0300,2026-04-29T11:05:42.353-0300,Waiting Test,Test,artenize.teles,SQUAD_4,2026-04-14,2026-04-28,
BF3E4-4883,[SHARED SERVICES - 18] Entidade: Rubi - Históricos de Colaboradores - Parte 3 - TAMANHO: G,Story,2026-03-16T10:21:07.347-0300,2026-04-14T11:36:28.732-0300,In Code Review,Waiting Test,jose.draszewski,SQUAD_4,2026-04-14,2026-04-28,
BF3E4-4883,[SHARED SERVICES - 18] Entidade: Rubi - Históricos de Colaboradores - Parte 3 - TAMANHO: G,Story,2026-03-16T10:21:07.347-0300,2026-04-14T11:36:24.011-0300,WAITING CODE REVIEW,In Code Review,jose.draszewski,SQUAD_4,2026-04-14,2026-04-28,
BF3E4-4883,[SHARED SERVICES - 18] Entidade: Rubi - Históricos de Colaboradores - Parte 3 - TAMANHO: G,Story,2026-03-16T10:21:07.347-0300,2026-04-14T11:21:15.175-0300,IN DEVELOPMENT,WAITING CODE REVIEW,marcos.carvalho3,SQUAD_4,2026-04-14,2026-04-28,
BF3E4-4883,[SHARED SERVICES - 18] Entidade: Rubi - Históricos de Colaboradores - Parte 3 - TAMANHO: G,Story,2026-03-16T10:21:07.347-0300,2026-04-13T13:08:51.609-0300,To Do,IN DEVELOPMENT,marcos.carvalho3,SQUAD_4,2026-04-14,2026-04-28,
BF3E4-4883,[SHARED SERVICES - 18] Entidade: Rubi - Históricos de Colaboradores - Parte 3 - TAMANHO: G,Story,2026-03-16T10:21:07.347-0300,2026-03-24T10:32:16.831-0300,Refined,To Do,fabio.bastos,SQUAD_4,2026-04-14,2026-04-28,
BF3E4-4883,[SHARED SERVICES - 18] Entidade: Rubi - Históricos de Colaboradores - Parte 3 - TAMANHO: G,Story,2026-03-16T10:21:07.347-0300,2026-03-18T11:57:14.442-0300,IN REFINEMENT,Refined,fabio.bastos,SQUAD_4,2026-04-14,2026-04-28,
BF3E4-4883,[SHARED SERVICES - 18] Entidade: Rubi - Históricos de Colaboradores - Parte 3 - TAMANHO: G,Story,2026-03-16T10:21:07.347-0300,2026-03-18T11:52:14.121-0300,WAITING REFINEMENT,IN REFINEMENT,fabio.bastos,SQUAD_4,2026-04-14,2026-04-28,
BF3E4-4883,[SHARED SERVICES - 18] Entidade: Rubi - Históricos de Colaboradores - Parte 3 - TAMANHO: G,Story,2026-03-16T10:21:07.347-0300,2026-03-18T11:04:14.733-0300,Open,WAITING REFINEMENT,fabio.bastos,SQUAD_4,2026-04-14,2026-04-28,
BF3E4-4869,[SHARED SERVICES - 17] Entidade: Rubi - Históricos de Colaboradores - Parte 2 - TAMANHO: G,Story,2026-03-16T10:20:35.926-0300,2026-05-11T13:02:19.832-0300,Test,Done,guilherme.freitas2,SQUAD_4,2026-04-14,2026-04-28,2026-05-08T20:00:00.000-0300
BF3E4-4869,[SHARED SERVICES - 17] Entidade: Rubi - Históricos de Colaboradores - Parte 2 - TAMANHO: G,Story,2026-03-16T10:20:35.926-0300,2026-04-29T14:37:57.865-0300,Waiting Test,Test,guilherme.freitas2,SQUAD_4,2026-04-14,2026-04-28,2026-05-08T20:00:00.000-0300
BF3E4-4869,[SHARED SERVICES - 17] Entidade: Rubi - Históricos de Colaboradores - Parte 2 - TAMANHO: G,Story,2026-03-16T10:20:35.926-0300,2026-04-27T10:24:04.184-0300,IN DEVELOPMENT,Waiting Test,jose.draszewski,SQUAD_4,2026-04-14,2026-04-28,2026-05-08T20:00:00.000-0300
BF3E4-4869,[SHARED SERVICES - 17] Entidade: Rubi - Históricos de Colaboradores - Parte 2 - TAMANHO: G,Story,2026-03-16T10:20:35.926-0300,2026-04-13T13:29:50.770-0300,To Do,IN DEVELOPMENT,matheus.vaula,SQUAD_4,2026-04-14,2026-04-28,2026-05-08T20:00:00.000-0300
BF3E4-4869,[SHARED SERVICES - 17] Entidade: Rubi - Históricos de Colaboradores - Parte 2 - TAMANHO: G,Story,2026-03-16T10:20:35.926-0300,2026-03-24T10:32:20.397-0300,Refined,To Do,fabio.bastos,SQUAD_4,2026-04-14,2026-04-28,2026-05-08T20:00:00.000-0300
BF3E4-4855,[SHARED SERVICES - 16] Entidade: Rubi - Históricos de Colaboradores - Parte 1 - TAMANHO: G,Story,2026-03-16T10:20:04.578-0300,2026-04-30T12:28:41.773-0300,Test,Done,João Pedro Amaral de Oliveira,SQUAD_4,2026-04-13,2026-04-27,
BF3E4-4855,[SHARED SERVICES - 16] Entidade: Rubi - Históricos de Colaboradores - Parte 1 - TAMANHO: G,Story,2026-03-16T10:20:04.578-0300,2026-04-29T10:59:13.163-0300,Waiting Test,Test,João Pedro Amaral de Oliveira,SQUAD_4,2026-04-13,2026-04-27,
BF3E4-4855,[SHARED SERVICES - 16] Entidade: Rubi - Históricos de Colaboradores - Parte 1 - TAMANHO: G,Story,2026-03-16T10:20:04.578-0300,2026-04-24T09:39:41.047-0300,In Code Review,Waiting Test,jose.draszewski,SQUAD_4,2026-04-13,2026-04-27,
BF3E4-4855,[SHARED SERVICES - 16] Entidade: Rubi - Históricos de Colaboradores - Parte 1 - TAMANHO: G,Story,2026-03-16T10:20:04.578-0300,2026-04-24T09:39:38.835-0300,WAITING CODE REVIEW,In Code Review,jose.draszewski,SQUAD_4,2026-04-13,2026-04-27,
BF3E4-4855,[SHARED SERVICES - 16] Entidade: Rubi - Históricos de Colaboradores - Parte 1 - TAMANHO: G,Story,2026-03-16T10:20:04.578-0300,2026-04-24T09:39:36.466-0300,IN DEVELOPMENT,WAITING CODE REVIEW,jose.draszewski,SQUAD_4,2026-04-13,2026-04-27,
BF3E4-4855,[SHARED SERVICES - 16] Entidade: Rubi - Históricos de Colaboradores - Parte 1 - TAMANHO: G,Story,2026-03-16T10:20:04.578-0300,2026-04-13T10:11:37.887-0300,To Do,IN DEVELOPMENT,jose.draszewski,SQUAD_4,2026-04-13,2026-04-27,
BF3E4-4855,[SHARED SERVICES - 16] Entidade: Rubi - Históricos de Colaboradores - Parte 1 - TAMANHO: G,Story,2026-03-16T10:20:04.578-0300,2026-03-24T10:32:24.150-0300,Refined,To Do,fabio.bastos,SQUAD_4,2026-04-13,2026-04-27,
BF3E4-4842,[SHARED SERVICES - 15] Entidade: Rubi - Ficha Básica do Colaborador - TAMANHO: G,Story,2026-03-16T10:19:39.643-0300,2026-05-01T15:13:20.284-0300,Test,Done,maria.lacerda2,SQUAD_4,2026-04-10,2026-04-23,
BF3E4-4842,[SHARED SERVICES - 15] Entidade: Rubi - Ficha Básica do Colaborador - TAMANHO: G,Story,2026-03-16T10:19:39.643-0300,2026-04-28T15:44:21.880-0300,Waiting Test,Test,maria.lacerda2,SQUAD_4,2026-04-10,2026-04-23,
BF3E4-4842,[SHARED SERVICES - 15] Entidade: Rubi - Ficha Básica do Colaborador - TAMANHO: G,Story,2026-03-16T10:19:39.643-0300,2026-04-22T09:29:33.995-0300,In Code Review,Waiting Test,marcos.carvalho3,SQUAD_4,2026-04-10,2026-04-23,
BF3E4-4842,[SHARED SERVICES - 15] Entidade: Rubi - Ficha Básica do Colaborador - TAMANHO: G,Story,2026-03-16T10:19:39.643-0300,2026-04-22T09:29:31.734-0300,WAITING CODE REVIEW,In Code Review,marcos.carvalho3,SQUAD_4,2026-04-10,2026-04-23,
BF3E4-4842,[SHARED SERVICES - 15] Entidade: Rubi - Ficha Básica do Colaborador - TAMANHO: G,Story,2026-03-16T10:19:39.643-0300,2026-04-22T09:29:27.722-0300,IN DEVELOPMENT,WAITING CODE REVIEW,marcos.carvalho3,SQUAD_4,2026-04-10,2026-04-23,
BF3E4-4835,[SHARED SERVICES - 14] Entidade: Rubi - Percentuais Livres do Empregado - TAMANHO: P,Story,2026-03-16T10:19:22.474-0300,2026-04-30T10:19:51.501-0300,Test,Done,maria.lacerda2,SQUAD_4,2026-04-09,2026-04-13,
BF3E4-4835,[SHARED SERVICES - 14] Entidade: Rubi - Percentuais Livres do Empregado - TAMANHO: P,Story,2026-03-16T10:19:22.474-0300,2026-04-22T11:41:15.121-0300,Waiting Test,Test,isabela.romeu,SQUAD_4,2026-04-09,2026-04-13,
BF3E4-4835,[SHARED SERVICES - 14] Entidade: Rubi - Percentuais Livres do Empregado - TAMANHO: P,Story,2026-03-16T10:19:22.474-0300,2026-04-13T10:03:12.304-0300,In Code Review,Waiting Test,matheus.vaula,SQUAD_4,2026-04-09,2026-04-13,
BF3E4-4835,[SHARED SERVICES - 14] Entidade: Rubi - Percentuais Livres do Empregado - TAMANHO: P,Story,2026-03-16T10:19:22.474-0300,2026-04-13T10:03:08.649-0300,WAITING CODE REVIEW,In Code Review,matheus.vaula,SQUAD_4,2026-04-09,2026-04-13,
BF3E4-4835,[SHARED SERVICES - 14] Entidade: Rubi - Percentuais Livres do Empregado - TAMANHO: P,Story,2026-03-16T10:19:22.474-0300,2026-04-13T10:03:03.974-0300,IN DEVELOPMENT,WAITING CODE REVIEW,matheus.vaula,SQUAD_4,2026-04-09,2026-04-13,
BF3E4-4835,[SHARED SERVICES - 14] Entidade: Rubi - Percentuais Livres do Empregado - TAMANHO: P,Story,2026-03-16T10:19:22.474-0300,2026-04-01T11:23:02.807-0300,To Do,IN DEVELOPMENT,matheus.vaula,SQUAD_4,2026-04-09,2026-04-13,
BF3E4-4835,[SHARED SERVICES - 14] Entidade: Rubi - Percentuais Livres do Empregado - TAMANHO: P,Story,2026-03-16T10:19:22.474-0300,2026-03-24T10:32:33.689-0300,Refined,To Do,fabio.bastos,SQUAD_4,2026-04-09,2026-04-13,
BF3E4-4835,[SHARED SERVICES - 14] Entidade: Rubi - Percentuais Livres do Empregado - TAMANHO: P,Story,2026-03-16T10:19:22.474-0300,2026-03-18T11:56:37.738-0300,IN REFINEMENT,Refined,fabio.bastos,SQUAD_4,2026-04-09,2026-04-13,
BF3E4-4835,[SHARED SERVICES - 14] Entidade: Rubi - Percentuais Livres do Empregado - TAMANHO: P,Story,2026-03-16T10:19:22.474-0300,2026-03-18T11:52:27.948-0300,WAITING REFINEMENT,IN REFINEMENT,fabio.bastos,SQUAD_4,2026-04-09,2026-04-13,
BF3E4-4835,[SHARED SERVICES - 14] Entidade: Rubi - Percentuais Livres do Empregado - TAMANHO: P,Story,2026-03-16T10:19:22.474-0300,2026-03-18T11:03:59.512-0300,Open,WAITING REFINEMENT,fabio.bastos,SQUAD_4,2026-04-09,2026-04-13,
BF3E4-4823,[SHARED SERVICES - 13] Entidade: Rubi - Ficha Complementar e Informações de Estágio - TAMANHO: M,Story,2026-03-16T10:18:55.941-0300,2026-04-28T15:33:50.332-0300,Test,Done,guilherme.freitas2,SQUAD_4,2026-04-08,2026-04-17,
BF3E4-4823,[SHARED SERVICES - 13] Entidade: Rubi - Ficha Complementar e Informações de Estágio - TAMANHO: M,Story,2026-03-16T10:18:55.941-0300,2026-04-27T09:55:19.507-0300,Waiting Test,Test,guilherme.freitas2,SQUAD_4,2026-04-08,2026-04-17,
BF3E4-4823,[SHARED SERVICES - 13] Entidade: Rubi - Ficha Complementar e Informações de Estágio - TAMANHO: M,Story,2026-03-16T10:18:55.941-0300,2026-04-15T10:09:10.353-0300,In Code Review,Waiting Test,jose.draszewski,SQUAD_4,2026-04-08,2026-04-17,
BF3E4-4823,[SHARED SERVICES - 13] Entidade: Rubi - Ficha Complementar e Informações de Estágio - TAMANHO: M,Story,2026-03-16T10:18:55.941-0300,2026-04-15T10:09:08.417-0300,WAITING CODE REVIEW,In Code Review,jose.draszewski,SQUAD_4,2026-04-08,2026-04-17,
BF3E4-4823,[SHARED SERVICES - 13] Entidade: Rubi - Ficha Complementar e Informações de Estágio - TAMANHO: M,Story,2026-03-16T10:18:55.941-0300,2026-04-14T18:05:20.612-0300,IN DEVELOPMENT,WAITING CODE REVIEW,igor.eca,SQUAD_4,2026-04-08,2026-04-17,
BF3E4-4823,[SHARED SERVICES - 13] Entidade: Rubi - Ficha Complementar e Informações de Estágio - TAMANHO: M,Story,2026-03-16T10:18:55.941-0300,2026-04-09T11:55:25.690-0300,To Do,IN DEVELOPMENT,igor.eca,SQUAD_4,2026-04-08,2026-04-17,
BF3E4-4823,[SHARED SERVICES - 13] Entidade: Rubi - Ficha Complementar e Informações de Estágio - TAMANHO: M,Story,2026-03-16T10:18:55.941-0300,2026-03-24T10:32:38.777-0300,Refined,To Do,fabio.bastos,SQUAD_4,2026-04-08,2026-04-17,
BF3E4-4823,[SHARED SERVICES - 13] Entidade: Rubi - Ficha Complementar e Informações de Estágio - TAMANHO: M,Story,2026-03-16T10:18:55.941-0300,2026-03-18T11:56:34.667-0300,IN REFINEMENT,Refined,fabio.bastos,SQUAD_4,2026-04-08,2026-04-17,
BF3E4-4823,[SHARED SERVICES - 13] Entidade: Rubi - Ficha Complementar e Informações de Estágio - TAMANHO: M,Story,2026-03-16T10:18:55.941-0300,2026-03-18T11:52:31.525-0300,WAITING REFINEMENT,IN REFINEMENT,fabio.bastos,SQUAD_4,2026-04-08,2026-04-17,
BF3E4-4823,[SHARED SERVICES - 13] Entidade: Rubi - Ficha Complementar e Informações de Estágio - TAMANHO: M,Story,2026-03-16T10:18:55.941-0300,2026-03-18T11:03:54.745-0300,Open,WAITING REFINEMENT,fabio.bastos,SQUAD_4,2026-04-08,2026-04-17,
BF3E4-4813,[SHARED SERVICES - 12] Entidade: Rubi - Outras Empresas e Anuidades de Colaboradores - TAMANHO: M,Story,2026-03-16T10:18:30.362-0300,2026-04-28T09:22:43.569-0300,Test,Done,maria.lacerda2,SQUAD_4,2026-04-07,2026-04-14,
BF3E4-4813,[SHARED SERVICES - 12] Entidade: Rubi - Outras Empresas e Anuidades de Colaboradores - TAMANHO: M,Story,2026-03-16T10:18:30.362-0300,2026-04-27T09:12:02.351-0300,Waiting Test,Test,maria.lacerda2,SQUAD_4,2026-04-07,2026-04-14,
BF3E4-4813,[SHARED SERVICES - 12] Entidade: Rubi - Outras Empresas e Anuidades de Colaboradores - TAMANHO: M,Story,2026-03-16T10:18:30.362-0300,2026-04-10T15:37:04.296-0300,In Code Review,Waiting Test,jose.draszewski,SQUAD_4,2026-04-07,2026-04-14,
BF3E4-4813,[SHARED SERVICES - 12] Entidade: Rubi - Outras Empresas e Anuidades de Colaboradores - TAMANHO: M,Story,2026-03-16T10:18:30.362-0300,2026-04-10T15:36:57.118-0300,WAITING CODE REVIEW,In Code Review,jose.draszewski,SQUAD_4,2026-04-07,2026-04-14,
BF3E4-4813,[SHARED SERVICES - 12] Entidade: Rubi - Outras Empresas e Anuidades de Colaboradores - TAMANHO: M,Story,2026-03-16T10:18:30.362-0300,2026-04-10T15:36:53.279-0300,IN DEVELOPMENT,WAITING CODE REVIEW,jose.draszewski,SQUAD_4,2026-04-07,2026-04-14,
BF3E4-4813,[SHARED SERVICES - 12] Entidade: Rubi - Outras Empresas e Anuidades de Colaboradores - TAMANHO: M,Story,2026-03-16T10:18:30.362-0300,2026-04-01T09:34:54.447-0300,To Do,IN DEVELOPMENT,João Pedro Amaral de Oliveira,SQUAD_4,2026-04-07,2026-04-14,
BF3E4-4813,[SHARED SERVICES - 12] Entidade: Rubi - Outras Empresas e Anuidades de Colaboradores - TAMANHO: M,Story,2026-03-16T10:18:30.362-0300,2026-03-24T10:32:41.557-0300,Refined,To Do,fabio.bastos,SQUAD_4,2026-04-07,2026-04-14,
BF3E4-4813,[SHARED SERVICES - 12] Entidade: Rubi - Outras Empresas e Anuidades de Colaboradores - TAMANHO: M,Story,2026-03-16T10:18:30.362-0300,2026-03-18T11:56:30.636-0300,IN REFINEMENT,Refined,fabio.bastos,SQUAD_4,2026-04-07,2026-04-14,
BF3E4-4813,[SHARED SERVICES - 12] Entidade: Rubi - Outras Empresas e Anuidades de Colaboradores - TAMANHO: M,Story,2026-03-16T10:18:30.362-0300,2026-03-18T11:52:34.830-0300,WAITING REFINEMENT,IN REFINEMENT,fabio.bastos,SQUAD_4,2026-04-07,2026-04-14,
BF3E4-4813,[SHARED SERVICES - 12] Entidade: Rubi - Outras Empresas e Anuidades de Colaboradores - TAMANHO: M,Story,2026-03-16T10:18:30.362-0300,2026-03-18T10:57:01.237-0300,Open,WAITING REFINEMENT,fabio.bastos,SQUAD_4,2026-04-07,2026-04-14,
BF3E4-4806,[SHARED SERVICES - 11] Entidade: Rubi - Empresas e Filiais - Parte 3 (Views Analíticas Restantes) - TAMANHO: M,Story,2026-03-16T10:18:10.881-0300,2026-04-24T09:15:23.316-0300,Test,Done,igor.eca,SQUAD_4,2026-04-06,2026-04-09,
BF3E4-4806,[SHARED SERVICES - 11] Entidade: Rubi - Empresas e Filiais - Parte 3 (Views Analíticas Restantes) - TAMANHO: M,Story,2026-03-16T10:18:10.881-0300,2026-04-22T09:19:37.856-0300,Waiting Test,Test,igor.eca,SQUAD_4,2026-04-06,2026-04-09,
BF3E4-4806,[SHARED SERVICES - 11] Entidade: Rubi - Empresas e Filiais - Parte 3 (Views Analíticas Restantes) - TAMANHO: M,Story,2026-03-16T10:18:10.881-0300,2026-04-15T10:12:38.009-0300,In Code Review,Waiting Test,jose.draszewski,SQUAD_4,2026-04-06,2026-04-09,
BF3E4-4806,[SHARED SERVICES - 11] Entidade: Rubi - Empresas e Filiais - Parte 3 (Views Analíticas Restantes) - TAMANHO: M,Story,2026-03-16T10:18:10.881-0300,2026-04-15T10:12:34.491-0300,WAITING CODE REVIEW,In Code Review,jose.draszewski,SQUAD_4,2026-04-06,2026-04-09,
BF3E4-4806,[SHARED SERVICES - 11] Entidade: Rubi - Empresas e Filiais - Parte 3 (Views Analíticas Restantes) - TAMANHO: M,Story,2026-03-16T10:18:10.881-0300,2026-04-15T10:12:29.639-0300,IN DEVELOPMENT,WAITING CODE REVIEW,jose.draszewski,SQUAD_4,2026-04-06,2026-04-09,
BF3E4-4806,[SHARED SERVICES - 11] Entidade: Rubi - Empresas e Filiais - Parte 3 (Views Analíticas Restantes) - TAMANHO: M,Story,2026-03-16T10:18:10.881-0300,2026-04-09T11:04:55.801-0300,To Do,IN DEVELOPMENT,jose.draszewski,SQUAD_4,2026-04-06,2026-04-09,
BF3E4-4806,[SHARED SERVICES - 11] Entidade: Rubi - Empresas e Filiais - Parte 3 (Views Analíticas Restantes) - TAMANHO: M,Story,2026-03-16T10:18:10.881-0300,2026-03-24T10:32:45.165-0300,Refined,To Do,fabio.bastos,SQUAD_4,2026-04-06,2026-04-09,
BF3E4-4806,[SHARED SERVICES - 11] Entidade: Rubi - Empresas e Filiais - Parte 3 (Views Analíticas Restantes) - TAMANHO: M,Story,2026-03-16T10:18:10.881-0300,2026-03-18T11:56:26.428-0300,IN REFINEMENT,Refined,fabio.bastos,SQUAD_4,2026-04-06,2026-04-09,
BF3E4-4806,[SHARED SERVICES - 11] Entidade: Rubi - Empresas e Filiais - Parte 3 (Views Analíticas Restantes) - TAMANHO: M,Story,2026-03-16T10:18:10.881-0300,2026-03-18T11:52:37.816-0300,WAITING REFINEMENT,IN REFINEMENT,fabio.bastos,SQUAD_4,2026-04-06,2026-04-09,
BF3E4-4806,[SHARED SERVICES - 11] Entidade: Rubi - Empresas e Filiais - Parte 3 (Views Analíticas Restantes) - TAMANHO: M,Story,2026-03-16T10:18:10.881-0300,2026-03-18T10:56:52.486-0300,Open,WAITING REFINEMENT,fabio.bastos,SQUAD_4,2026-04-06,2026-04-09,
BF3E4-4792,[SHARED SERVICES - 10] Entidade: Rubi - Empresas e Filiais - Parte 2 (Liminares) - TAMANHO: G,Story,2026-03-16T10:17:34.697-0300,2026-04-29T10:04:14.265-0300,Test,Done,artenize.teles,SQUAD_4,2026-04-01,2026-04-15,
BF3E4-4792,[SHARED SERVICES - 10] Entidade: Rubi - Empresas e Filiais - Parte 2 (Liminares) - TAMANHO: G,Story,2026-03-16T10:17:34.697-0300,2026-04-27T09:19:23.677-0300,Waiting Test,Test,artenize.teles,SQUAD_4,2026-04-01,2026-04-15,
BF3E4-4792,[SHARED SERVICES - 10] Entidade: Rubi - Empresas e Filiais - Parte 2 (Liminares) - TAMANHO: G,Story,2026-03-16T10:17:34.697-0300,2026-04-10T15:36:26.611-0300,In Code Review,Waiting Test,jose.draszewski,SQUAD_4,2026-04-01,2026-04-15,
BF3E4-4792,[SHARED SERVICES - 10] Entidade: Rubi - Empresas e Filiais - Parte 2 (Liminares) - TAMANHO: G,Story,2026-03-16T10:17:34.697-0300,2026-04-10T15:36:21.493-0300,WAITING CODE REVIEW,In Code Review,jose.draszewski,SQUAD_4,2026-04-01,2026-04-15,
BF3E4-4792,[SHARED SERVICES - 10] Entidade: Rubi - Empresas e Filiais - Parte 2 (Liminares) - TAMANHO: G,Story,2026-03-16T10:17:34.697-0300,2026-04-10T15:36:16.656-0300,IN DEVELOPMENT,WAITING CODE REVIEW,jose.draszewski,SQUAD_4,2026-04-01,2026-04-15,
BF3E4-4792,[SHARED SERVICES - 10] Entidade: Rubi - Empresas e Filiais - Parte 2 (Liminares) - TAMANHO: G,Story,2026-03-16T10:17:34.697-0300,2026-04-01T10:22:20.909-0300,To Do,IN DEVELOPMENT,fabio.bastos,SQUAD_4,2026-04-01,2026-04-15,
BF3E4-4792,[SHARED SERVICES - 10] Entidade: Rubi - Empresas e Filiais - Parte 2 (Liminares) - TAMANHO: G,Story,2026-03-16T10:17:34.697-0300,2026-03-24T10:25:17.337-0300,Refined,To Do,fabio.bastos,SQUAD_4,2026-04-01,2026-04-15,
BF3E4-4792,[SHARED SERVICES - 10] Entidade: Rubi - Empresas e Filiais - Parte 2 (Liminares) - TAMANHO: G,Story,2026-03-16T10:17:34.697-0300,2026-03-18T11:56:22.590-0300,IN REFINEMENT,Refined,fabio.bastos,SQUAD_4,2026-04-01,2026-04-15,
BF3E4-4792,[SHARED SERVICES - 10] Entidade: Rubi - Empresas e Filiais - Parte 2 (Liminares) - TAMANHO: G,Story,2026-03-16T10:17:34.697-0300,2026-03-18T11:52:41.674-0300,WAITING REFINEMENT,IN REFINEMENT,fabio.bastos,SQUAD_4,2026-04-01,2026-04-15,
BF3E4-4783,[SHARED SERVICES - 9] Entidade: Rubi - FPAS e Terceiros (Previdência Social) - TAMANHO: G,Story,2026-03-16T10:17:11.592-0300,2026-04-28T15:42:14.202-0300,Test,Done,igor.eca,SQUAD_4,2026-04-13,2026-04-17,
BF3E4-4783,[SHARED SERVICES - 9] Entidade: Rubi - FPAS e Terceiros (Previdência Social) - TAMANHO: G,Story,2026-03-16T10:17:11.592-0300,2026-04-27T09:22:35.181-0300,Waiting Test,Test,igor.eca,SQUAD_4,2026-04-13,2026-04-17,
BF3E4-4783,[SHARED SERVICES - 9] Entidade: Rubi - FPAS e Terceiros (Previdência Social) - TAMANHO: G,Story,2026-03-16T10:17:11.592-0300,2026-04-10T15:38:08.117-0300,In Code Review,Waiting Test,jose.draszewski,SQUAD_4,2026-04-13,2026-04-17,
BF3E4-4783,[SHARED SERVICES - 9] Entidade: Rubi - FPAS e Terceiros (Previdência Social) - TAMANHO: G,Story,2026-03-16T10:17:11.592-0300,2026-04-10T15:38:01.942-0300,WAITING CODE REVIEW,In Code Review,jose.draszewski,SQUAD_4,2026-04-13,2026-04-17,
BF3E4-4783,[SHARED SERVICES - 9] Entidade: Rubi - FPAS e Terceiros (Previdência Social) - TAMANHO: G,Story,2026-03-16T10:17:11.592-0300,2026-04-10T15:37:58.201-0300,IN DEVELOPMENT,WAITING CODE REVIEW,jose.draszewski,SQUAD_4,2026-04-13,2026-04-17,
BF3E4-4783,[SHARED SERVICES - 9] Entidade: Rubi - FPAS e Terceiros (Previdência Social) - TAMANHO: G,Story,2026-03-16T10:17:11.592-0300,2026-04-09T15:11:02.930-0300,To Do,IN DEVELOPMENT,fabio.bastos,SQUAD_4,2026-04-13,2026-04-17,
BF3E4-4783,[SHARED SERVICES - 9] Entidade: Rubi - FPAS e Terceiros (Previdência Social) - TAMANHO: G,Story,2026-03-16T10:17:11.592-0300,2026-03-24T10:25:12.658-0300,Refined,To Do,fabio.bastos,SQUAD_4,2026-04-13,2026-04-17,
BF3E4-4783,[SHARED SERVICES - 9] Entidade: Rubi - FPAS e Terceiros (Previdência Social) - TAMANHO: G,Story,2026-03-16T10:17:11.592-0300,2026-03-18T11:56:18.824-0300,IN REFINEMENT,Refined,fabio.bastos,SQUAD_4,2026-04-13,2026-04-17,
BF3E4-4783,[SHARED SERVICES - 9] Entidade: Rubi - FPAS e Terceiros (Previdência Social) - TAMANHO: G,Story,2026-03-16T10:17:11.592-0300,2026-03-18T11:52:44.720-0300,WAITING REFINEMENT,IN REFINEMENT,fabio.bastos,SQUAD_4,2026-04-13,2026-04-17,
BF3E4-4783,[SHARED SERVICES - 9] Entidade: Rubi - FPAS e Terceiros (Previdência Social) - TAMANHO: G,Story,2026-03-16T10:17:11.592-0300,2026-03-18T10:56:47.714-0300,Open,WAITING REFINEMENT,fabio.bastos,SQUAD_4,2026-04-13,2026-04-17,
BF3E4-4775,[SHARED SERVICES - 8] Entidade: Rubi - Cargos e CBO (Classificação Brasileira de Ocupações) - TAMANHO: M,Story,2026-03-16T10:16:52.079-0300,2026-04-16T16:55:08.795-0300,Test,Done,artenize.teles,SQUAD_4,2026-04-01,2026-04-07,
BF3E4-4775,[SHARED SERVICES - 8] Entidade: Rubi - Cargos e CBO (Classificação Brasileira de Ocupações) - TAMANHO: M,Story,2026-03-16T10:16:52.079-0300,2026-04-13T10:06:05.586-0300,Waiting Test,Test,jose.draszewski,SQUAD_4,2026-04-01,2026-04-07,
BF3E4-4775,[SHARED SERVICES - 8] Entidade: Rubi - Cargos e CBO (Classificação Brasileira de Ocupações) - TAMANHO: M,Story,2026-03-16T10:16:52.079-0300,2026-04-10T15:35:55.014-0300,In Code Review,Waiting Test,jose.draszewski,SQUAD_4,2026-04-01,2026-04-07,
BF3E4-4775,[SHARED SERVICES - 8] Entidade: Rubi - Cargos e CBO (Classificação Brasileira de Ocupações) - TAMANHO: M,Story,2026-03-16T10:16:52.079-0300,2026-04-10T15:35:51.630-0300,WAITING CODE REVIEW,In Code Review,jose.draszewski,SQUAD_4,2026-04-01,2026-04-07,
BF3E4-4775,[SHARED SERVICES - 8] Entidade: Rubi - Cargos e CBO (Classificação Brasileira de Ocupações) - TAMANHO: M,Story,2026-03-16T10:16:52.079-0300,2026-04-10T15:35:45.459-0300,IN DEVELOPMENT,WAITING CODE REVIEW,jose.draszewski,SQUAD_4,2026-04-01,2026-04-07,
BF3E4-4775,[SHARED SERVICES - 8] Entidade: Rubi - Cargos e CBO (Classificação Brasileira de Ocupações) - TAMANHO: M,Story,2026-03-16T10:16:52.079-0300,2026-03-31T17:03:25.428-0300,To Do,IN DEVELOPMENT,igor.eca,SQUAD_4,2026-04-01,2026-04-07,
BF3E4-4775,[SHARED SERVICES - 8] Entidade: Rubi - Cargos e CBO (Classificação Brasileira de Ocupações) - TAMANHO: M,Story,2026-03-16T10:16:52.079-0300,2026-03-24T10:25:11.045-0300,Refined,To Do,fabio.bastos,SQUAD_4,2026-04-01,2026-04-07,
BF3E4-4775,[SHARED SERVICES - 8] Entidade: Rubi - Cargos e CBO (Classificação Brasileira de Ocupações) - TAMANHO: M,Story,2026-03-16T10:16:52.079-0300,2026-03-18T11:56:15.594-0300,IN REFINEMENT,Refined,fabio.bastos,SQUAD_4,2026-04-01,2026-04-07,
BF3E4-4775,[SHARED SERVICES - 8] Entidade: Rubi - Cargos e CBO (Classificação Brasileira de Ocupações) - TAMANHO: M,Story,2026-03-16T10:16:52.079-0300,2026-03-18T11:52:47.172-0300,WAITING REFINEMENT,IN REFINEMENT,fabio.bastos,SQUAD_4,2026-04-01,2026-04-07,
BF3E4-4775,[SHARED SERVICES - 8] Entidade: Rubi - Cargos e CBO (Classificação Brasileira de Ocupações) - TAMANHO: M,Story,2026-03-16T10:16:52.079-0300,2026-03-18T10:56:43.611-0300,Open,WAITING REFINEMENT,fabio.bastos,SQUAD_4,2026-04-01,2026-04-07,
BF3E4-4762,"[SHARED SERVICES - 7] Entidade: Rubi - Cadastros de Grau de Instrução, Vínculos e Nacionalidades - TAMANHO: G",Story,2026-03-16T10:16:27.638-0300,2026-04-24T17:35:42.349-0300,Test,Done,artenize.teles,SQUAD_4,2026-04-01,2026-04-14,
BF3E4-4762,"[SHARED SERVICES - 7] Entidade: Rubi - Cadastros de Grau de Instrução, Vínculos e Nacionalidades - TAMANHO: G",Story,2026-03-16T10:16:27.638-0300,2026-04-24T10:57:21.398-0300,Waiting Test,Test,artenize.teles,SQUAD_4,2026-04-01,2026-04-14,
BF3E4-4762,"[SHARED SERVICES - 7] Entidade: Rubi - Cadastros de Grau de Instrução, Vínculos e Nacionalidades - TAMANHO: G",Story,2026-03-16T10:16:27.638-0300,2026-04-10T15:35:23.368-0300,In Code Review,Waiting Test,jose.draszewski,SQUAD_4,2026-04-01,2026-04-14,
BF3E4-4762,"[SHARED SERVICES - 7] Entidade: Rubi - Cadastros de Grau de Instrução, Vínculos e Nacionalidades - TAMANHO: G",Story,2026-03-16T10:16:27.638-0300,2026-04-10T15:35:20.049-0300,WAITING CODE REVIEW,In Code Review,jose.draszewski,SQUAD_4,2026-04-01,2026-04-14,
BF3E4-4762,"[SHARED SERVICES - 7] Entidade: Rubi - Cadastros de Grau de Instrução, Vínculos e Nacionalidades - TAMANHO: G",Story,2026-03-16T10:16:27.638-0300,2026-04-10T15:35:16.298-0300,IN DEVELOPMENT,WAITING CODE REVIEW,jose.draszewski,SQUAD_4,2026-04-01,2026-04-14,
BF3E4-4762,"[SHARED SERVICES - 7] Entidade: Rubi - Cadastros de Grau de Instrução, Vínculos e Nacionalidades - TAMANHO: G",Story,2026-03-16T10:16:27.638-0300,2026-03-31T15:25:29.131-0300,To Do,IN DEVELOPMENT,marcos.carvalho3,SQUAD_4,2026-04-01,2026-04-14,
BF3E4-4762,"[SHARED SERVICES - 7] Entidade: Rubi - Cadastros de Grau de Instrução, Vínculos e Nacionalidades - TAMANHO: G",Story,2026-03-16T10:16:27.638-0300,2026-03-24T10:25:09.162-0300,Refined,To Do,fabio.bastos,SQUAD_4,2026-04-01,2026-04-14,
BF3E4-4762,"[SHARED SERVICES - 7] Entidade: Rubi - Cadastros de Grau de Instrução, Vínculos e Nacionalidades - TAMANHO: G",Story,2026-03-16T10:16:27.638-0300,2026-03-18T11:55:57.681-0300,IN REFINEMENT,Refined,fabio.bastos,SQUAD_4,2026-04-01,2026-04-14,
BF3E4-4762,"[SHARED SERVICES - 7] Entidade: Rubi - Cadastros de Grau de Instrução, Vínculos e Nacionalidades - TAMANHO: G",Story,2026-03-16T10:16:27.638-0300,2026-03-18T11:52:50.236-0300,WAITING REFINEMENT,IN REFINEMENT,fabio.bastos,SQUAD_4,2026-04-01,2026-04-14,
BF3E4-4762,"[SHARED SERVICES - 7] Entidade: Rubi - Cadastros de Grau de Instrução, Vínculos e Nacionalidades - TAMANHO: G",Story,2026-03-16T10:16:27.638-0300,2026-03-18T10:56:40.614-0300,Open,WAITING REFINEMENT,fabio.bastos,SQUAD_4,2026-04-01,2026-04-14,
BF3E4-4750,"[SHARED SERVICES - 6] Entidade: Rubi - Postos de Trabalho, Centros de Custo e Deficiências - TAMANHO: G",Story,2026-03-16T10:16:06.708-0300,2026-04-28T14:03:40.665-0300,Test,Done,João Pedro Amaral de Oliveira,SQUAD_4,2026-04-01,2026-04-13,
BF3E4-4750,"[SHARED SERVICES - 6] Entidade: Rubi - Postos de Trabalho, Centros de Custo e Deficiências - TAMANHO: G",Story,2026-03-16T10:16:06.708-0300,2026-04-27T16:09:44.965-0300,Waiting Test,Test,João Pedro Amaral de Oliveira,SQUAD_4,2026-04-01,2026-04-13,
BF3E4-4750,"[SHARED SERVICES - 6] Entidade: Rubi - Postos de Trabalho, Centros de Custo e Deficiências - TAMANHO: G",Story,2026-03-16T10:16:06.708-0300,2026-04-27T10:15:24.683-0300,IN DEVELOPMENT,Waiting Test,jose.draszewski,SQUAD_4,2026-04-01,2026-04-13,
BF3E4-4750,"[SHARED SERVICES - 6] Entidade: Rubi - Postos de Trabalho, Centros de Custo e Deficiências - TAMANHO: G",Story,2026-03-16T10:16:06.708-0300,2026-04-01T10:21:50.346-0300,To Do,IN DEVELOPMENT,fabio.bastos,SQUAD_4,2026-04-01,2026-04-13,
BF3E4-4750,"[SHARED SERVICES - 6] Entidade: Rubi - Postos de Trabalho, Centros de Custo e Deficiências - TAMANHO: G",Story,2026-03-16T10:16:06.708-0300,2026-03-24T10:24:50.198-0300,Refined,To Do,fabio.bastos,SQUAD_4,2026-04-01,2026-04-13,
BF3E4-4750,"[SHARED SERVICES - 6] Entidade: Rubi - Postos de Trabalho, Centros de Custo e Deficiências - TAMANHO: G",Story,2026-03-16T10:16:06.708-0300,2026-03-18T11:55:53.914-0300,IN REFINEMENT,Refined,fabio.bastos,SQUAD_4,2026-04-01,2026-04-13,
BF3E4-4750,"[SHARED SERVICES - 6] Entidade: Rubi - Postos de Trabalho, Centros de Custo e Deficiências - TAMANHO: G",Story,2026-03-16T10:16:06.708-0300,2026-03-18T11:52:53.237-0300,WAITING REFINEMENT,IN REFINEMENT,fabio.bastos,SQUAD_4,2026-04-01,2026-04-13,
BF3E4-4750,"[SHARED SERVICES - 6] Entidade: Rubi - Postos de Trabalho, Centros de Custo e Deficiências - TAMANHO: G",Story,2026-03-16T10:16:06.708-0300,2026-03-18T10:56:29.041-0300,Open,WAITING REFINEMENT,fabio.bastos,SQUAD_4,2026-04-01,2026-04-13,
BF3E4-4737,[SHARED SERVICES - 5] Entidade: Rubi - Estrutura Organizacional (Organograma) - TAMANHO: G,Story,2026-03-16T10:15:44.222-0300,2026-04-27T15:38:03.010-0300,Test,Done,maria.lacerda2,SQUAD_4,2026-04-01,2026-04-14,
BF3E4-4737,[SHARED SERVICES - 5] Entidade: Rubi - Estrutura Organizacional (Organograma) - TAMANHO: G,Story,2026-03-16T10:15:44.222-0300,2026-04-24T10:00:12.529-0300,Waiting Test,Test,igor.eca,SQUAD_4,2026-04-01,2026-04-14,
BF3E4-4737,[SHARED SERVICES - 5] Entidade: Rubi - Estrutura Organizacional (Organograma) - TAMANHO: G,Story,2026-03-16T10:15:44.222-0300,2026-04-14T10:33:58.099-0300,In Code Review,Waiting Test,jose.draszewski,SQUAD_4,2026-04-01,2026-04-14,
BF3E4-4737,[SHARED SERVICES - 5] Entidade: Rubi - Estrutura Organizacional (Organograma) - TAMANHO: G,Story,2026-03-16T10:15:44.222-0300,2026-04-14T10:33:55.000-0300,WAITING CODE REVIEW,In Code Review,jose.draszewski,SQUAD_4,2026-04-01,2026-04-14,
BF3E4-4737,[SHARED SERVICES - 5] Entidade: Rubi - Estrutura Organizacional (Organograma) - TAMANHO: G,Story,2026-03-16T10:15:44.222-0300,2026-04-14T10:33:51.877-0300,IN DEVELOPMENT,WAITING CODE REVIEW,jose.draszewski,SQUAD_4,2026-04-01,2026-04-14,
BF3E4-4737,[SHARED SERVICES - 5] Entidade: Rubi - Estrutura Organizacional (Organograma) - TAMANHO: G,Story,2026-03-16T10:15:44.222-0300,2026-04-01T10:19:41.669-0300,To Do,IN DEVELOPMENT,fabio.bastos,SQUAD_4,2026-04-01,2026-04-14,
BF3E4-4737,[SHARED SERVICES - 5] Entidade: Rubi - Estrutura Organizacional (Organograma) - TAMANHO: G,Story,2026-03-16T10:15:44.222-0300,2026-03-24T10:24:39.158-0300,Refined,To Do,fabio.bastos,SQUAD_4,2026-04-01,2026-04-14,
BF3E4-4737,[SHARED SERVICES - 5] Entidade: Rubi - Estrutura Organizacional (Organograma) - TAMANHO: G,Story,2026-03-16T10:15:44.222-0300,2026-03-18T11:55:25.896-0300,IN REFINEMENT,Refined,fabio.bastos,SQUAD_4,2026-04-01,2026-04-14,
BF3E4-4737,[SHARED SERVICES - 5] Entidade: Rubi - Estrutura Organizacional (Organograma) - TAMANHO: G,Story,2026-03-16T10:15:44.222-0300,2026-03-18T11:52:55.916-0300,WAITING REFINEMENT,IN REFINEMENT,fabio.bastos,SQUAD_4,2026-04-01,2026-04-14,
BF3E4-4737,[SHARED SERVICES - 5] Entidade: Rubi - Estrutura Organizacional (Organograma) - TAMANHO: G,Story,2026-03-16T10:15:44.222-0300,2026-03-18T10:56:22.440-0300,Open,WAITING REFINEMENT,fabio.bastos,SQUAD_4,2026-04-01,2026-04-14,
BF3E4-4726,[SHARED SERVICES - 4] Entidade: Rubi - Situações e Sindicatos - TAMANHO: G,Story,2026-03-16T10:15:24.767-0300,2026-04-24T10:41:00.508-0300,Test,Done,artenize.teles,SQUAD_4,2026-04-01,2026-04-10,
BF3E4-4726,[SHARED SERVICES - 4] Entidade: Rubi - Situações e Sindicatos - TAMANHO: G,Story,2026-03-16T10:15:24.767-0300,2026-04-10T15:34:15.961-0300,Waiting Test,Test,jose.draszewski,SQUAD_4,2026-04-01,2026-04-10,
BF3E4-4726,[SHARED SERVICES - 4] Entidade: Rubi - Situações e Sindicatos - TAMANHO: G,Story,2026-03-16T10:15:24.767-0300,2026-04-10T15:34:09.095-0300,In Code Review,Waiting Test,jose.draszewski,SQUAD_4,2026-04-01,2026-04-10,
BF3E4-4726,[SHARED SERVICES - 4] Entidade: Rubi - Situações e Sindicatos - TAMANHO: G,Story,2026-03-16T10:15:24.767-0300,2026-04-10T15:34:04.879-0300,WAITING CODE REVIEW,In Code Review,jose.draszewski,SQUAD_4,2026-04-01,2026-04-10,
BF3E4-4726,[SHARED SERVICES - 4] Entidade: Rubi - Situações e Sindicatos - TAMANHO: G,Story,2026-03-16T10:15:24.767-0300,2026-04-10T15:34:01.075-0300,IN DEVELOPMENT,WAITING CODE REVIEW,jose.draszewski,SQUAD_4,2026-04-01,2026-04-10,
BF3E4-4726,[SHARED SERVICES - 4] Entidade: Rubi - Situações e Sindicatos - TAMANHO: G,Story,2026-03-16T10:15:24.767-0300,2026-04-01T10:06:13.041-0300,To Do,IN DEVELOPMENT,gustavo.mendes5,SQUAD_4,2026-04-01,2026-04-10,
BF3E4-4726,[SHARED SERVICES - 4] Entidade: Rubi - Situações e Sindicatos - TAMANHO: G,Story,2026-03-16T10:15:24.767-0300,2026-03-24T10:24:34.476-0300,Refined,To Do,fabio.bastos,SQUAD_4,2026-04-01,2026-04-10,
BF3E4-4726,[SHARED SERVICES - 4] Entidade: Rubi - Situações e Sindicatos - TAMANHO: G,Story,2026-03-16T10:15:24.767-0300,2026-03-18T11:54:59.367-0300,IN REFINEMENT,Refined,fabio.bastos,SQUAD_4,2026-04-01,2026-04-10,
BF3E4-4726,[SHARED SERVICES - 4] Entidade: Rubi - Situações e Sindicatos - TAMANHO: G,Story,2026-03-16T10:15:24.767-0300,2026-03-18T11:52:59.718-0300,WAITING REFINEMENT,IN REFINEMENT,fabio.bastos,SQUAD_4,2026-04-01,2026-04-10,
BF3E4-4726,[SHARED SERVICES - 4] Entidade: Rubi - Situações e Sindicatos - TAMANHO: G,Story,2026-03-16T10:15:24.767-0300,2026-03-18T10:56:18.141-0300,Open,WAITING REFINEMENT,fabio.bastos,SQUAD_4,2026-04-01,2026-04-10,
BF3E4-4714,[SHARED SERVICES - 3] Entidade: Rubi - Escalas e Eventos de Folha - TAMANHO: G,Story,2026-03-16T10:15:02.444-0300,2026-04-24T17:38:26.120-0300,Test,Done,maria.lacerda2,SQUAD_4,2026-04-01,2026-04-13,
BF3E4-4714,[SHARED SERVICES - 3] Entidade: Rubi - Escalas e Eventos de Folha - TAMANHO: G,Story,2026-03-16T10:15:02.444-0300,2026-04-22T14:04:16.929-0300,Waiting Test,Test,jose.draszewski,SQUAD_4,2026-04-01,2026-04-13,
BF3E4-4714,[SHARED SERVICES - 3] Entidade: Rubi - Escalas e Eventos de Folha - TAMANHO: G,Story,2026-03-16T10:15:02.444-0300,2026-04-10T15:33:40.107-0300,In Code Review,Waiting Test,jose.draszewski,SQUAD_4,2026-04-01,2026-04-13,
BF3E4-4714,[SHARED SERVICES - 3] Entidade: Rubi - Escalas e Eventos de Folha - TAMANHO: G,Story,2026-03-16T10:15:02.444-0300,2026-04-10T15:33:36.488-0300,WAITING CODE REVIEW,In Code Review,jose.draszewski,SQUAD_4,2026-04-01,2026-04-13,
BF3E4-4714,[SHARED SERVICES - 3] Entidade: Rubi - Escalas e Eventos de Folha - TAMANHO: G,Story,2026-03-16T10:15:02.444-0300,2026-04-10T15:33:29.645-0300,IN DEVELOPMENT,WAITING CODE REVIEW,jose.draszewski,SQUAD_4,2026-04-01,2026-04-13,
BF3E4-4714,[SHARED SERVICES - 3] Entidade: Rubi - Escalas e Eventos de Folha - TAMANHO: G,Story,2026-03-16T10:15:02.444-0300,2026-03-30T15:48:31.753-0300,To Do,IN DEVELOPMENT,matheus.vaula,SQUAD_4,2026-04-01,2026-04-13,
BF3E4-4714,[SHARED SERVICES - 3] Entidade: Rubi - Escalas e Eventos de Folha - TAMANHO: G,Story,2026-03-16T10:15:02.444-0300,2026-03-24T10:24:31.766-0300,Refined,To Do,fabio.bastos,SQUAD_4,2026-04-01,2026-04-13,
BF3E4-4714,[SHARED SERVICES - 3] Entidade: Rubi - Escalas e Eventos de Folha - TAMANHO: G,Story,2026-03-16T10:15:02.444-0300,2026-03-18T11:53:17.166-0300,IN REFINEMENT,Refined,fabio.bastos,SQUAD_4,2026-04-01,2026-04-13,
BF3E4-4714,[SHARED SERVICES - 3] Entidade: Rubi - Escalas e Eventos de Folha - TAMANHO: G,Story,2026-03-16T10:15:02.444-0300,2026-03-18T11:53:02.887-0300,WAITING REFINEMENT,IN REFINEMENT,fabio.bastos,SQUAD_4,2026-04-01,2026-04-13,
BF3E4-4714,[SHARED SERVICES - 3] Entidade: Rubi - Escalas e Eventos de Folha - TAMANHO: G,Story,2026-03-16T10:15:02.444-0300,2026-03-18T10:56:04.960-0300,Open,WAITING REFINEMENT,fabio.bastos,SQUAD_4,2026-04-01,2026-04-13,
BF3E4-4709,[SHARED SERVICES - 2] Entidade: Rubi - Calendário e Feriados - TAMANHO: P,Story,2026-03-16T10:14:51.430-0300,2026-04-10T09:54:23.894-0300,IN DEVELOPMENT,Done,fabio.bastos,SQUAD_4,2026-04-01,2026-04-02,
BF3E4-4709,[SHARED SERVICES - 2] Entidade: Rubi - Calendário e Feriados - TAMANHO: P,Story,2026-03-16T10:14:51.430-0300,2026-04-01T10:01:12.442-0300,To Do,IN DEVELOPMENT,fabio.bastos,SQUAD_4,2026-04-01,2026-04-02,
BF3E4-4709,[SHARED SERVICES - 2] Entidade: Rubi - Calendário e Feriados - TAMANHO: P,Story,2026-03-16T10:14:51.430-0300,2026-03-24T10:24:27.518-0300,Refined,To Do,fabio.bastos,SQUAD_4,2026-04-01,2026-04-02,
BF3E4-4709,[SHARED SERVICES - 2] Entidade: Rubi - Calendário e Feriados - TAMANHO: P,Story,2026-03-16T10:14:51.430-0300,2026-03-18T09:36:43.924-0300,IN REFINEMENT,Refined,fabio.bastos,SQUAD_4,2026-04-01,2026-04-02,
BF3E4-4709,[SHARED SERVICES - 2] Entidade: Rubi - Calendário e Feriados - TAMANHO: P,Story,2026-03-16T10:14:51.430-0300,2026-03-18T09:36:40.119-0300,WAITING REFINEMENT,IN REFINEMENT,fabio.bastos,SQUAD_4,2026-04-01,2026-04-02,
BF3E4-4709,[SHARED SERVICES - 2] Entidade: Rubi - Calendário e Feriados - TAMANHO: P,Story,2026-03-16T10:14:51.430-0300,2026-03-18T09:36:33.079-0300,Open,WAITING REFINEMENT,fabio.bastos,SQUAD_4,2026-04-01,2026-04-02,
BF3E4-4694,[SHARED SERVICES - 1] Entidade: Rubi - Empresas e Filiais - Parte 1 (Cadastros Principais) - TAMANHO: G,Story,2026-03-16T10:04:02.998-0300,2026-04-23T13:31:09.036-0300,Test,Done,igor.eca,SQUAD_4,2026-03-23,2026-04-06,
BF3E4-4694,[SHARED SERVICES - 1] Entidade: Rubi - Empresas e Filiais - Parte 1 (Cadastros Principais) - TAMANHO: G,Story,2026-03-16T10:04:02.998-0300,2026-04-17T09:58:50.583-0300,Waiting Test,Test,artenize.teles,SQUAD_4,2026-03-23,2026-04-06,
BF3E4-4694,[SHARED SERVICES - 1] Entidade: Rubi - Empresas e Filiais - Parte 1 (Cadastros Principais) - TAMANHO: G,Story,2026-03-16T10:04:02.998-0300,2026-04-14T10:13:21.687-0300,In Code Review,Waiting Test,jose.draszewski,SQUAD_4,2026-03-23,2026-04-06,
BF3E4-4694,[SHARED SERVICES - 1] Entidade: Rubi - Empresas e Filiais - Parte 1 (Cadastros Principais) - TAMANHO: G,Story,2026-03-16T10:04:02.998-0300,2026-04-14T10:13:14.931-0300,WAITING CODE REVIEW,In Code Review,jose.draszewski,SQUAD_4,2026-03-23,2026-04-06,
BF3E4-4694,[SHARED SERVICES - 1] Entidade: Rubi - Empresas e Filiais - Parte 1 (Cadastros Principais) - TAMANHO: G,Story,2026-03-16T10:04:02.998-0300,2026-04-14T10:13:07.685-0300,IN DEVELOPMENT,WAITING CODE REVIEW,jose.draszewski,SQUAD_4,2026-03-23,2026-04-06,
BF3E4-4694,[SHARED SERVICES - 1] Entidade: Rubi - Empresas e Filiais - Parte 1 (Cadastros Principais) - TAMANHO: G,Story,2026-03-16T10:04:02.998-0300,2026-03-24T10:25:31.259-0300,To Do,IN DEVELOPMENT,fabio.bastos,SQUAD_4,2026-03-23,2026-04-06,
BF3E4-4694,[SHARED SERVICES - 1] Entidade: Rubi - Empresas e Filiais - Parte 1 (Cadastros Principais) - TAMANHO: G,Story,2026-03-16T10:04:02.998-0300,2026-03-24T10:20:20.233-0300,Refined,To Do,fabio.bastos,SQUAD_4,2026-03-23,2026-04-06,
BF3E4-6211,[SUPPLY CHAIN - 31] Entidade: Giro Mensal de Consumo de Peças (SSOLQ130) - TAMANHO: G,Story,2026-03-23T21:05:16.835-0300,2026-05-08T14:14:33.205-0300,Test,Done,marcio.benetasso,SQUAD_5,2026-04-23,2026-05-05,2026-05-08T23:30:00.000-0300
BF3E4-6211,[SUPPLY CHAIN - 31] Entidade: Giro Mensal de Consumo de Peças (SSOLQ130) - TAMANHO: G,Story,2026-03-23T21:05:16.835-0300,2026-05-07T19:16:28.931-0300,Waiting Test,Test,marcio.benetasso,SQUAD_5,2026-04-23,2026-05-05,2026-05-08T23:30:00.000-0300
BF3E4-6211,[SUPPLY CHAIN - 31] Entidade: Giro Mensal de Consumo de Peças (SSOLQ130) - TAMANHO: G,Story,2026-03-23T21:05:16.835-0300,2026-05-07T09:49:11.934-0300,IN DEVELOPMENT,Waiting Test,icaro.coelho,SQUAD_5,2026-04-23,2026-05-05,2026-05-08T23:30:00.000-0300
BF3E4-6211,[SUPPLY CHAIN - 31] Entidade: Giro Mensal de Consumo de Peças (SSOLQ130) - TAMANHO: G,Story,2026-03-23T21:05:16.835-0300,2026-05-04T10:22:45.752-0300,To Do,IN DEVELOPMENT,olivia.diniz,SQUAD_5,2026-04-23,2026-05-05,2026-05-08T23:30:00.000-0300
BF3E4-6211,[SUPPLY CHAIN - 31] Entidade: Giro Mensal de Consumo de Peças (SSOLQ130) - TAMANHO: G,Story,2026-03-23T21:05:16.835-0300,2026-05-04T10:22:42.638-0300,Refined,To Do,olivia.diniz,SQUAD_5,2026-04-23,2026-05-05,2026-05-08T23:30:00.000-0300
BF3E4-6211,[SUPPLY CHAIN - 31] Entidade: Giro Mensal de Consumo de Peças (SSOLQ130) - TAMANHO: G,Story,2026-03-23T21:05:16.835-0300,2026-05-04T10:22:40.099-0300,IN REFINEMENT,Refined,olivia.diniz,SQUAD_5,2026-04-23,2026-05-05,2026-05-08T23:30:00.000-0300
BF3E4-6211,[SUPPLY CHAIN - 31] Entidade: Giro Mensal de Consumo de Peças (SSOLQ130) - TAMANHO: G,Story,2026-03-23T21:05:16.835-0300,2026-05-04T10:22:35.902-0300,WAITING REFINEMENT,IN REFINEMENT,olivia.diniz,SQUAD_5,2026-04-23,2026-05-05,2026-05-08T23:30:00.000-0300
BF3E4-6211,[SUPPLY CHAIN - 31] Entidade: Giro Mensal de Consumo de Peças (SSOLQ130) - TAMANHO: G,Story,2026-03-23T21:05:16.835-0300,2026-05-04T10:22:30.353-0300,Open,WAITING REFINEMENT,olivia.diniz,SQUAD_5,2026-04-23,2026-05-05,2026-05-08T23:30:00.000-0300
BF3E4-4685,[SUPPLY CHAIN - 85] Entidade: KPIs de Vendas e Produção - TAMANHO: M,Story,2026-03-12T18:23:50.807-0300,2026-05-19T17:24:40.844-0300,To Do,IN DEVELOPMENT,olivia.diniz,SQUAD_5,2026-05-20,2026-05-25,2026-05-22T23:30:00.000-0300
BF3E4-4685,[SUPPLY CHAIN - 85] Entidade: KPIs de Vendas e Produção - TAMANHO: M,Story,2026-03-12T18:23:50.807-0300,2026-05-18T10:37:35.476-0300,Refined,To Do,olivia.diniz,SQUAD_5,2026-05-20,2026-05-25,2026-05-22T23:30:00.000-0300
BF3E4-4685,[SUPPLY CHAIN - 85] Entidade: KPIs de Vendas e Produção - TAMANHO: M,Story,2026-03-12T18:23:50.807-0300,2026-03-19T10:59:17.460-0300,IN REFINEMENT,Refined,roger.ramos,SQUAD_5,2026-05-20,2026-05-25,2026-05-22T23:30:00.000-0300
BF3E4-4685,[SUPPLY CHAIN - 85] Entidade: KPIs de Vendas e Produção - TAMANHO: M,Story,2026-03-12T18:23:50.807-0300,2026-03-19T10:59:15.078-0300,WAITING REFINEMENT,IN REFINEMENT,roger.ramos,SQUAD_5,2026-05-20,2026-05-25,2026-05-22T23:30:00.000-0300
BF3E4-4685,[SUPPLY CHAIN - 85] Entidade: KPIs de Vendas e Produção - TAMANHO: M,Story,2026-03-12T18:23:50.807-0300,2026-03-19T10:59:12.032-0300,Open,WAITING REFINEMENT,roger.ramos,SQUAD_5,2026-05-20,2026-05-25,2026-05-22T23:30:00.000-0300
BF3E4-4674,[SUPPLY CHAIN - 84] Entidade: Estoque OEM e Dealer - TAMANHO: G,Story,2026-03-12T18:23:30.152-0300,2026-03-19T10:59:06.057-0300,IN REFINEMENT,Refined,roger.ramos,SQUAD_5,2026-05-27,2026-06-05,
BF3E4-4674,[SUPPLY CHAIN - 84] Entidade: Estoque OEM e Dealer - TAMANHO: G,Story,2026-03-12T18:23:30.152-0300,2026-03-19T10:59:03.900-0300,WAITING REFINEMENT,IN REFINEMENT,roger.ramos,SQUAD_5,2026-05-27,2026-06-05,
BF3E4-4674,[SUPPLY CHAIN - 84] Entidade: Estoque OEM e Dealer - TAMANHO: G,Story,2026-03-12T18:23:30.152-0300,2026-03-19T10:58:58.361-0300,Open,WAITING REFINEMENT,roger.ramos,SQUAD_5,2026-05-27,2026-06-05,
BF3E4-4666,[SUPPLY CHAIN - 83] Entidade: Indicadores FCO - TAMANHO: M,Story,2026-03-12T18:23:10.356-0300,2026-05-16T08:45:39.205-0300,To Do,IN DEVELOPMENT,filipe.freitas,SQUAD_5,2026-05-20,2026-05-25,2026-05-22T23:30:00.000-0300
BF3E4-4666,[SUPPLY CHAIN - 83] Entidade: Indicadores FCO - TAMANHO: M,Story,2026-03-12T18:23:10.356-0300,2026-05-16T08:21:55.660-0300,Refined,To Do,filipe.freitas,SQUAD_5,2026-05-20,2026-05-25,2026-05-22T23:30:00.000-0300
BF3E4-4666,[SUPPLY CHAIN - 83] Entidade: Indicadores FCO - TAMANHO: M,Story,2026-03-12T18:23:10.356-0300,2026-03-19T10:58:45.357-0300,IN REFINEMENT,Refined,roger.ramos,SQUAD_5,2026-05-20,2026-05-25,2026-05-22T23:30:00.000-0300
BF3E4-4666,[SUPPLY CHAIN - 83] Entidade: Indicadores FCO - TAMANHO: M,Story,2026-03-12T18:23:10.356-0300,2026-03-19T10:58:42.880-0300,WAITING REFINEMENT,IN REFINEMENT,roger.ramos,SQUAD_5,2026-05-20,2026-05-25,2026-05-22T23:30:00.000-0300
BF3E4-4666,[SUPPLY CHAIN - 83] Entidade: Indicadores FCO - TAMANHO: M,Story,2026-03-12T18:23:10.356-0300,2026-03-19T10:58:40.194-0300,Open,WAITING REFINEMENT,roger.ramos,SQUAD_5,2026-05-20,2026-05-25,2026-05-22T23:30:00.000-0300
BF3E4-4660,[SUPPLY CHAIN - 82] Entidade: Eventos e Pedidos Comerciais - TAMANHO: P,Story,2026-03-12T18:22:58.945-0300,2026-05-18T08:15:14.805-0300,To Do,IN DEVELOPMENT,luiz.martineli,SQUAD_5,2026-05-27,2026-05-28,2026-05-22T23:30:00.000-0300
BF3E4-4660,[SUPPLY CHAIN - 82] Entidade: Eventos e Pedidos Comerciais - TAMANHO: P,Story,2026-03-12T18:22:58.945-0300,2026-05-18T08:15:10.906-0300,Refined,To Do,luiz.martineli,SQUAD_5,2026-05-27,2026-05-28,2026-05-22T23:30:00.000-0300
BF3E4-4660,[SUPPLY CHAIN - 82] Entidade: Eventos e Pedidos Comerciais - TAMANHO: P,Story,2026-03-12T18:22:58.945-0300,2026-03-19T10:58:32.201-0300,IN REFINEMENT,Refined,roger.ramos,SQUAD_5,2026-05-27,2026-05-28,2026-05-22T23:30:00.000-0300
BF3E4-4660,[SUPPLY CHAIN - 82] Entidade: Eventos e Pedidos Comerciais - TAMANHO: P,Story,2026-03-12T18:22:58.945-0300,2026-03-19T10:58:29.903-0300,WAITING REFINEMENT,IN REFINEMENT,roger.ramos,SQUAD_5,2026-05-27,2026-05-28,2026-05-22T23:30:00.000-0300
BF3E4-4660,[SUPPLY CHAIN - 82] Entidade: Eventos e Pedidos Comerciais - TAMANHO: P,Story,2026-03-12T18:22:58.945-0300,2026-03-19T10:58:27.110-0300,Open,WAITING REFINEMENT,roger.ramos,SQUAD_5,2026-05-27,2026-05-28,2026-05-22T23:30:00.000-0300
BF3E4-4650,[SUPPLY CHAIN - 81] Entidade: Stock History Regional - TAMANHO: M,Story,2026-03-12T18:22:42.245-0300,2026-05-19T16:49:11.924-0300,IN REFINEMENT,Refined,olivia.diniz,SQUAD_5,2026-05-20,2026-05-26,
BF3E4-4650,[SUPPLY CHAIN - 81] Entidade: Stock History Regional - TAMANHO: M,Story,2026-03-12T18:22:42.245-0300,2026-05-19T16:49:08.889-0300,WAITING REFINEMENT,IN REFINEMENT,olivia.diniz,SQUAD_5,2026-05-20,2026-05-26,
BF3E4-4650,[SUPPLY CHAIN - 81] Entidade: Stock History Regional - TAMANHO: M,Story,2026-03-12T18:22:42.245-0300,2026-05-19T16:49:04.472-0300,Open,WAITING REFINEMENT,olivia.diniz,SQUAD_5,2026-05-20,2026-05-26,
BF3E4-4650,[SUPPLY CHAIN - 81] Entidade: Stock History Regional - TAMANHO: M,Story,2026-03-12T18:22:42.245-0300,2026-05-19T16:49:01.824-0300,Canceled,Open,olivia.diniz,SQUAD_5,2026-05-20,2026-05-26,
BF3E4-4650,[SUPPLY CHAIN - 81] Entidade: Stock History Regional - TAMANHO: M,Story,2026-03-12T18:22:42.245-0300,2026-05-19T16:48:58.704-0300,To Do,Canceled,olivia.diniz,SQUAD_5,2026-05-20,2026-05-26,
BF3E4-4650,[SUPPLY CHAIN - 81] Entidade: Stock History Regional - TAMANHO: M,Story,2026-03-12T18:22:42.245-0300,2026-05-18T10:04:47.517-0300,Refined,To Do,olivia.diniz,SQUAD_5,2026-05-20,2026-05-26,
BF3E4-4650,[SUPPLY CHAIN - 81] Entidade: Stock History Regional - TAMANHO: M,Story,2026-03-12T18:22:42.245-0300,2026-03-19T10:57:51.050-0300,IN REFINEMENT,Refined,roger.ramos,SQUAD_5,2026-05-20,2026-05-26,
BF3E4-4650,[SUPPLY CHAIN - 81] Entidade: Stock History Regional - TAMANHO: M,Story,2026-03-12T18:22:42.245-0300,2026-03-19T10:57:48.877-0300,WAITING REFINEMENT,IN REFINEMENT,roger.ramos,SQUAD_5,2026-05-20,2026-05-26,
BF3E4-4650,[SUPPLY CHAIN - 81] Entidade: Stock History Regional - TAMANHO: M,Story,2026-03-12T18:22:42.245-0300,2026-03-19T10:57:42.294-0300,Open,WAITING REFINEMENT,roger.ramos,SQUAD_5,2026-05-20,2026-05-26,
BF3E4-4644,[SUPPLY CHAIN - 80] Entidade: Views NAFTA - Dimensões Veículos e Produtos - TAMANHO: M,Story,2026-03-12T18:22:31.112-0300,2026-05-22T14:35:43.824-0300,Waiting Test,Test,igor.simim,SQUAD_5,2026-05-20,2026-05-25,2026-05-19T23:30:00.000-0300
BF3E4-4644,[SUPPLY CHAIN - 80] Entidade: Views NAFTA - Dimensões Veículos e Produtos - TAMANHO: M,Story,2026-03-12T18:22:31.112-0300,2026-05-19T15:43:41.107-0300,IN DEVELOPMENT,Waiting Test,ricky.burgos,SQUAD_5,2026-05-20,2026-05-25,2026-05-19T23:30:00.000-0300
BF3E4-4644,[SUPPLY CHAIN - 80] Entidade: Views NAFTA - Dimensões Veículos e Produtos - TAMANHO: M,Story,2026-03-12T18:22:31.112-0300,2026-05-18T10:11:18.473-0300,To Do,IN DEVELOPMENT,ricky.burgos,SQUAD_5,2026-05-20,2026-05-25,2026-05-19T23:30:00.000-0300
BF3E4-4644,[SUPPLY CHAIN - 80] Entidade: Views NAFTA - Dimensões Veículos e Produtos - TAMANHO: M,Story,2026-03-12T18:22:31.112-0300,2026-05-18T10:00:39.175-0300,Refined,To Do,olivia.diniz,SQUAD_5,2026-05-20,2026-05-25,2026-05-19T23:30:00.000-0300
BF3E4-4644,[SUPPLY CHAIN - 80] Entidade: Views NAFTA - Dimensões Veículos e Produtos - TAMANHO: M,Story,2026-03-12T18:22:31.112-0300,2026-03-19T10:57:31.605-0300,IN REFINEMENT,Refined,roger.ramos,SQUAD_5,2026-05-20,2026-05-25,2026-05-19T23:30:00.000-0300
BF3E4-4644,[SUPPLY CHAIN - 80] Entidade: Views NAFTA - Dimensões Veículos e Produtos - TAMANHO: M,Story,2026-03-12T18:22:31.112-0300,2026-03-19T10:57:29.001-0300,WAITING REFINEMENT,IN REFINEMENT,roger.ramos,SQUAD_5,2026-05-20,2026-05-25,2026-05-19T23:30:00.000-0300
BF3E4-4644,[SUPPLY CHAIN - 80] Entidade: Views NAFTA - Dimensões Veículos e Produtos - TAMANHO: M,Story,2026-03-12T18:22:31.112-0300,2026-03-19T10:57:14.670-0300,Open,WAITING REFINEMENT,roger.ramos,SQUAD_5,2026-05-20,2026-05-25,2026-05-19T23:30:00.000-0300
BF3E4-4635,[SUPPLY CHAIN - 79] Entidade: Views Planejamento - Budget Forecast e Estimativas - TAMANHO: M,Story,2026-03-12T18:22:15.138-0300,2026-05-18T10:37:26.686-0300,Refined,To Do,olivia.diniz,SQUAD_5,2026-05-29,2026-06-04,
BF3E4-4635,[SUPPLY CHAIN - 79] Entidade: Views Planejamento - Budget Forecast e Estimativas - TAMANHO: M,Story,2026-03-12T18:22:15.138-0300,2026-03-19T10:57:09.576-0300,IN REFINEMENT,Refined,roger.ramos,SQUAD_5,2026-05-29,2026-06-04,
BF3E4-4635,[SUPPLY CHAIN - 79] Entidade: Views Planejamento - Budget Forecast e Estimativas - TAMANHO: M,Story,2026-03-12T18:22:15.138-0300,2026-03-19T10:57:07.330-0300,WAITING REFINEMENT,IN REFINEMENT,roger.ramos,SQUAD_5,2026-05-29,2026-06-04,
BF3E4-4635,[SUPPLY CHAIN - 79] Entidade: Views Planejamento - Budget Forecast e Estimativas - TAMANHO: M,Story,2026-03-12T18:22:15.138-0300,2026-03-19T10:57:04.895-0300,Open,WAITING REFINEMENT,roger.ramos,SQUAD_5,2026-05-29,2026-06-04,
BF3E4-4628,[SUPPLY CHAIN - 78] Entidade: Wholesales NAFTA ROL - Carga Delta e Views - TAMANHO: P,Story,2026-03-12T18:22:03.144-0300,2026-05-23T12:56:46.034-0300,Test,Done,jefferson.souza4,SQUAD_5,2026-05-27,2026-05-29,2026-05-22T23:30:00.000-0300
BF3E4-4628,[SUPPLY CHAIN - 78] Entidade: Wholesales NAFTA ROL - Carga Delta e Views - TAMANHO: P,Story,2026-03-12T18:22:03.144-0300,2026-05-21T20:16:19.920-0300,Waiting Test,Test,jefferson.souza4,SQUAD_5,2026-05-27,2026-05-29,2026-05-22T23:30:00.000-0300
BF3E4-4628,[SUPPLY CHAIN - 78] Entidade: Wholesales NAFTA ROL - Carga Delta e Views - TAMANHO: P,Story,2026-03-12T18:22:03.144-0300,2026-05-20T17:23:42.488-0300,IN DEVELOPMENT,Waiting Test,mylena.nunes,SQUAD_5,2026-05-27,2026-05-29,2026-05-22T23:30:00.000-0300
BF3E4-4628,[SUPPLY CHAIN - 78] Entidade: Wholesales NAFTA ROL - Carga Delta e Views - TAMANHO: P,Story,2026-03-12T18:22:03.144-0300,2026-05-19T15:39:09.742-0300,To Do,IN DEVELOPMENT,mylena.nunes,SQUAD_5,2026-05-27,2026-05-29,2026-05-22T23:30:00.000-0300
BF3E4-4628,[SUPPLY CHAIN - 78] Entidade: Wholesales NAFTA ROL - Carga Delta e Views - TAMANHO: P,Story,2026-03-12T18:22:03.144-0300,2026-05-18T10:02:15.262-0300,Refined,To Do,olivia.diniz,SQUAD_5,2026-05-27,2026-05-29,2026-05-22T23:30:00.000-0300
BF3E4-4628,[SUPPLY CHAIN - 78] Entidade: Wholesales NAFTA ROL - Carga Delta e Views - TAMANHO: P,Story,2026-03-12T18:22:03.144-0300,2026-03-19T10:56:38.286-0300,IN REFINEMENT,Refined,roger.ramos,SQUAD_5,2026-05-27,2026-05-29,2026-05-22T23:30:00.000-0300
BF3E4-4628,[SUPPLY CHAIN - 78] Entidade: Wholesales NAFTA ROL - Carga Delta e Views - TAMANHO: P,Story,2026-03-12T18:22:03.144-0300,2026-03-19T10:56:36.039-0300,WAITING REFINEMENT,IN REFINEMENT,roger.ramos,SQUAD_5,2026-05-27,2026-05-29,2026-05-22T23:30:00.000-0300
BF3E4-4628,[SUPPLY CHAIN - 78] Entidade: Wholesales NAFTA ROL - Carga Delta e Views - TAMANHO: P,Story,2026-03-12T18:22:03.144-0300,2026-03-19T10:56:33.214-0300,Open,WAITING REFINEMENT,roger.ramos,SQUAD_5,2026-05-27,2026-05-29,2026-05-22T23:30:00.000-0300
BF3E4-4621,[SUPPLY CHAIN - 77] Entidade: Consolidação Principal - tb_actual e View Base - TAMANHO: P,Story,2026-03-12T18:21:45.285-0300,2026-05-18T14:04:36.731-0300,To Do,IN DEVELOPMENT,joao.bosco2,SQUAD_5,2026-05-27,2026-05-28,2026-05-21T23:30:00.000-0300
BF3E4-4621,[SUPPLY CHAIN - 77] Entidade: Consolidação Principal - tb_actual e View Base - TAMANHO: P,Story,2026-03-12T18:21:45.285-0300,2026-05-18T09:49:55.137-0300,Refined,To Do,joao.bosco2,SQUAD_5,2026-05-27,2026-05-28,2026-05-21T23:30:00.000-0300
BF3E4-4621,[SUPPLY CHAIN - 77] Entidade: Consolidação Principal - tb_actual e View Base - TAMANHO: P,Story,2026-03-12T18:21:45.285-0300,2026-03-19T10:56:14.441-0300,IN REFINEMENT,Refined,roger.ramos,SQUAD_5,2026-05-27,2026-05-28,2026-05-21T23:30:00.000-0300
BF3E4-4621,[SUPPLY CHAIN - 77] Entidade: Consolidação Principal - tb_actual e View Base - TAMANHO: P,Story,2026-03-12T18:21:45.285-0300,2026-03-19T10:56:11.977-0300,WAITING REFINEMENT,IN REFINEMENT,roger.ramos,SQUAD_5,2026-05-27,2026-05-28,2026-05-21T23:30:00.000-0300
BF3E4-4621,[SUPPLY CHAIN - 77] Entidade: Consolidação Principal - tb_actual e View Base - TAMANHO: P,Story,2026-03-12T18:21:45.285-0300,2026-03-19T10:56:09.668-0300,Open,WAITING REFINEMENT,roger.ramos,SQUAD_5,2026-05-27,2026-05-28,2026-05-21T23:30:00.000-0300
BF3E4-4612,[SUPPLY CHAIN - 76] Entidade: Carga Física Wholesales e Planejamento - TAMANHO: M,Story,2026-03-12T18:21:26.465-0300,2026-05-20T17:16:38.066-0300,To Do,Canceled,olivia.diniz,SQUAD_5,2026-05-26,2026-06-01,
BF3E4-4612,[SUPPLY CHAIN - 76] Entidade: Carga Física Wholesales e Planejamento - TAMANHO: M,Story,2026-03-12T18:21:26.465-0300,2026-05-18T10:37:12.944-0300,Refined,To Do,olivia.diniz,SQUAD_5,2026-05-26,2026-06-01,
BF3E4-4612,[SUPPLY CHAIN - 76] Entidade: Carga Física Wholesales e Planejamento - TAMANHO: M,Story,2026-03-12T18:21:26.465-0300,2026-03-19T10:56:04.739-0300,IN REFINEMENT,Refined,roger.ramos,SQUAD_5,2026-05-26,2026-06-01,
BF3E4-4612,[SUPPLY CHAIN - 76] Entidade: Carga Física Wholesales e Planejamento - TAMANHO: M,Story,2026-03-12T18:21:26.465-0300,2026-03-19T10:56:02.638-0300,WAITING REFINEMENT,IN REFINEMENT,roger.ramos,SQUAD_5,2026-05-26,2026-06-01,
BF3E4-4612,[SUPPLY CHAIN - 76] Entidade: Carga Física Wholesales e Planejamento - TAMANHO: M,Story,2026-03-12T18:21:26.465-0300,2026-03-19T10:55:59.561-0300,Open,WAITING REFINEMENT,roger.ramos,SQUAD_5,2026-05-26,2026-06-01,
BF3E4-4606,[SUPPLY CHAIN - 75] Entidade: Carga Física Retail e Volume Argentina - TAMANHO: P,Story,2026-03-12T18:21:11.855-0300,2026-05-20T17:14:43.660-0300,To Do,Canceled,olivia.diniz,SQUAD_5,2026-05-27,2026-05-29,
BF3E4-4606,[SUPPLY CHAIN - 75] Entidade: Carga Física Retail e Volume Argentina - TAMANHO: P,Story,2026-03-12T18:21:11.855-0300,2026-05-18T10:37:07.131-0300,Refined,To Do,olivia.diniz,SQUAD_5,2026-05-27,2026-05-29,
BF3E4-4606,[SUPPLY CHAIN - 75] Entidade: Carga Física Retail e Volume Argentina - TAMANHO: P,Story,2026-03-12T18:21:11.855-0300,2026-03-19T10:55:47.684-0300,IN REFINEMENT,Refined,roger.ramos,SQUAD_5,2026-05-27,2026-05-29,
BF3E4-4606,[SUPPLY CHAIN - 75] Entidade: Carga Física Retail e Volume Argentina - TAMANHO: P,Story,2026-03-12T18:21:11.855-0300,2026-03-19T10:55:45.689-0300,WAITING REFINEMENT,IN REFINEMENT,roger.ramos,SQUAD_5,2026-05-27,2026-05-29,
BF3E4-4606,[SUPPLY CHAIN - 75] Entidade: Carga Física Retail e Volume Argentina - TAMANHO: P,Story,2026-03-12T18:21:11.855-0300,2026-03-19T10:55:42.581-0300,Open,WAITING REFINEMENT,roger.ramos,SQUAD_5,2026-05-27,2026-05-29,
BF3E4-4597,"[SUPPLY CHAIN - 74] Entidade: Carga Física Stocks - Dealer, OEM e Viajantes - TAMANHO: M",Story,2026-03-12T18:20:51.966-0300,2026-05-20T17:10:00.354-0300,To Do,Canceled,olivia.diniz,SQUAD_5,2026-05-23,2026-05-29,
BF3E4-4597,"[SUPPLY CHAIN - 74] Entidade: Carga Física Stocks - Dealer, OEM e Viajantes - TAMANHO: M",Story,2026-03-12T18:20:51.966-0300,2026-05-18T10:36:40.681-0300,Refined,To Do,olivia.diniz,SQUAD_5,2026-05-23,2026-05-29,
BF3E4-4597,"[SUPPLY CHAIN - 74] Entidade: Carga Física Stocks - Dealer, OEM e Viajantes - TAMANHO: M",Story,2026-03-12T18:20:51.966-0300,2026-03-19T10:55:20.692-0300,IN REFINEMENT,Refined,roger.ramos,SQUAD_5,2026-05-23,2026-05-29,
BF3E4-4597,"[SUPPLY CHAIN - 74] Entidade: Carga Física Stocks - Dealer, OEM e Viajantes - TAMANHO: M",Story,2026-03-12T18:20:51.966-0300,2026-03-19T10:54:50.537-0300,WAITING REFINEMENT,IN REFINEMENT,roger.ramos,SQUAD_5,2026-05-23,2026-05-29,
BF3E4-4597,"[SUPPLY CHAIN - 74] Entidade: Carga Física Stocks - Dealer, OEM e Viajantes - TAMANHO: M",Story,2026-03-12T18:20:51.966-0300,2026-03-19T10:54:36.072-0300,Open,WAITING REFINEMENT,roger.ramos,SQUAD_5,2026-05-23,2026-05-29,
BF3E4-4597,"[SUPPLY CHAIN - 74] Entidade: Carga Física Stocks - Dealer, OEM e Viajantes - TAMANHO: M",Story,2026-03-12T18:20:51.966-0300,2026-03-19T10:54:32.596-0300,Canceled,Open,roger.ramos,SQUAD_5,2026-05-23,2026-05-29,
BF3E4-4597,"[SUPPLY CHAIN - 74] Entidade: Carga Física Stocks - Dealer, OEM e Viajantes - TAMANHO: M",Story,2026-03-12T18:20:51.966-0300,2026-03-19T10:54:28.759-0300,WAITING REFINEMENT,Canceled,roger.ramos,SQUAD_5,2026-05-23,2026-05-29,
BF3E4-4597,"[SUPPLY CHAIN - 74] Entidade: Carga Física Stocks - Dealer, OEM e Viajantes - TAMANHO: M",Story,2026-03-12T18:20:51.966-0300,2026-03-19T10:54:25.961-0300,Open,WAITING REFINEMENT,roger.ramos,SQUAD_5,2026-05-23,2026-05-29,
BF3E4-4589,[SUPPLY CHAIN - 73] Entidade: Carga Física Delivery EMEA e NAFTA - TAMANHO: M,Story,2026-03-12T18:20:34.561-0300,2026-05-20T16:45:00.199-0300,To Do,Canceled,olivia.diniz,SQUAD_5,2026-05-22,2026-05-27,
BF3E4-4589,[SUPPLY CHAIN - 73] Entidade: Carga Física Delivery EMEA e NAFTA - TAMANHO: M,Story,2026-03-12T18:20:34.561-0300,2026-05-18T10:36:34.825-0300,Refined,To Do,olivia.diniz,SQUAD_5,2026-05-22,2026-05-27,
BF3E4-4589,[SUPPLY CHAIN - 73] Entidade: Carga Física Delivery EMEA e NAFTA - TAMANHO: M,Story,2026-03-12T18:20:34.561-0300,2026-03-19T10:54:19.615-0300,IN REFINEMENT,Refined,roger.ramos,SQUAD_5,2026-05-22,2026-05-27,
BF3E4-4589,[SUPPLY CHAIN - 73] Entidade: Carga Física Delivery EMEA e NAFTA - TAMANHO: M,Story,2026-03-12T18:20:34.561-0300,2026-03-19T10:54:16.839-0300,WAITING REFINEMENT,IN REFINEMENT,roger.ramos,SQUAD_5,2026-05-22,2026-05-27,
BF3E4-4589,[SUPPLY CHAIN - 73] Entidade: Carga Física Delivery EMEA e NAFTA - TAMANHO: M,Story,2026-03-12T18:20:34.561-0300,2026-03-19T10:54:08.817-0300,Open,WAITING REFINEMENT,roger.ramos,SQUAD_5,2026-05-22,2026-05-27,
BF3E4-4581,[SUPPLY CHAIN - 72] Entidade: Carga Física De-Para e Mapeamentos - TAMANHO: M,Story,2026-03-12T18:20:19.536-0300,2026-05-20T16:42:51.384-0300,To Do,Canceled,olivia.diniz,SQUAD_5,2026-05-23,2026-05-29,
BF3E4-4581,[SUPPLY CHAIN - 72] Entidade: Carga Física De-Para e Mapeamentos - TAMANHO: M,Story,2026-03-12T18:20:19.536-0300,2026-05-18T10:36:27.472-0300,Refined,To Do,olivia.diniz,SQUAD_5,2026-05-23,2026-05-29,
BF3E4-4581,[SUPPLY CHAIN - 72] Entidade: Carga Física De-Para e Mapeamentos - TAMANHO: M,Story,2026-03-12T18:20:19.536-0300,2026-03-19T10:53:43.421-0300,IN REFINEMENT,Refined,roger.ramos,SQUAD_5,2026-05-23,2026-05-29,
BF3E4-4581,[SUPPLY CHAIN - 72] Entidade: Carga Física De-Para e Mapeamentos - TAMANHO: M,Story,2026-03-12T18:20:19.536-0300,2026-03-19T10:53:40.968-0300,WAITING REFINEMENT,IN REFINEMENT,roger.ramos,SQUAD_5,2026-05-23,2026-05-29,
BF3E4-4581,[SUPPLY CHAIN - 72] Entidade: Carga Física De-Para e Mapeamentos - TAMANHO: M,Story,2026-03-12T18:20:19.536-0300,2026-03-19T10:53:38.722-0300,Open,WAITING REFINEMENT,roger.ramos,SQUAD_5,2026-05-23,2026-05-29,
BF3E4-4568,[SUPPLY CHAIN - 71] Entidade: External Tables Google Sheets - Histórico e Volumes Globais - TAMANHO: G,Story,2026-03-12T18:19:57.340-0300,2026-05-20T16:38:53.262-0300,To Do,Canceled,olivia.diniz,SQUAD_5,2026-05-15,2026-05-29,
BF3E4-4568,[SUPPLY CHAIN - 71] Entidade: External Tables Google Sheets - Histórico e Volumes Globais - TAMANHO: G,Story,2026-03-12T18:19:57.340-0300,2026-05-18T10:36:21.579-0300,Refined,To Do,olivia.diniz,SQUAD_5,2026-05-15,2026-05-29,
BF3E4-4568,[SUPPLY CHAIN - 71] Entidade: External Tables Google Sheets - Histórico e Volumes Globais - TAMANHO: G,Story,2026-03-12T18:19:57.340-0300,2026-03-19T10:53:28.556-0300,IN REFINEMENT,Refined,roger.ramos,SQUAD_5,2026-05-15,2026-05-29,
BF3E4-4568,[SUPPLY CHAIN - 71] Entidade: External Tables Google Sheets - Histórico e Volumes Globais - TAMANHO: G,Story,2026-03-12T18:19:57.340-0300,2026-03-19T10:53:26.214-0300,WAITING REFINEMENT,IN REFINEMENT,roger.ramos,SQUAD_5,2026-05-15,2026-05-29,
BF3E4-4568,[SUPPLY CHAIN - 71] Entidade: External Tables Google Sheets - Histórico e Volumes Globais - TAMANHO: G,Story,2026-03-12T18:19:57.340-0300,2026-03-19T10:53:23.354-0300,Open,WAITING REFINEMENT,roger.ramos,SQUAD_5,2026-05-15,2026-05-29,
BF3E4-4555,[SUPPLY CHAIN - 70] Entidade: External Tables Google Sheets - Mapeamentos De-Para Parte 1 - TAMANHO: G,Story,2026-03-12T18:19:35.179-0300,2026-05-20T16:33:44.744-0300,To Do,Canceled,olivia.diniz,SQUAD_5,2026-05-15,2026-05-29,
BF3E4-4555,[SUPPLY CHAIN - 70] Entidade: External Tables Google Sheets - Mapeamentos De-Para Parte 1 - TAMANHO: G,Story,2026-03-12T18:19:35.179-0300,2026-05-18T10:36:14.649-0300,Refined,To Do,olivia.diniz,SQUAD_5,2026-05-15,2026-05-29,
BF3E4-4555,[SUPPLY CHAIN - 70] Entidade: External Tables Google Sheets - Mapeamentos De-Para Parte 1 - TAMANHO: G,Story,2026-03-12T18:19:35.179-0300,2026-03-19T10:53:15.973-0300,IN REFINEMENT,Refined,roger.ramos,SQUAD_5,2026-05-15,2026-05-29,
BF3E4-4555,[SUPPLY CHAIN - 70] Entidade: External Tables Google Sheets - Mapeamentos De-Para Parte 1 - TAMANHO: G,Story,2026-03-12T18:19:35.179-0300,2026-03-19T10:53:10.590-0300,WAITING REFINEMENT,IN REFINEMENT,roger.ramos,SQUAD_5,2026-05-15,2026-05-29,
BF3E4-4555,[SUPPLY CHAIN - 70] Entidade: External Tables Google Sheets - Mapeamentos De-Para Parte 1 - TAMANHO: G,Story,2026-03-12T18:19:35.179-0300,2026-03-19T10:53:08.183-0300,Open,WAITING REFINEMENT,roger.ramos,SQUAD_5,2026-05-15,2026-05-29,
BF3E4-4540,[SUPPLY CHAIN - 69] Entidade: Processamento Final - Cálculo de Mix e Volume Accuracy - TAMANHO: P,Story,2026-03-11T19:20:32.904-0300,2026-05-21T10:06:54.756-0300,To Do,Canceled,olivia.diniz,SQUAD_5,2026-05-22,2026-05-25,
BF3E4-4540,[SUPPLY CHAIN - 69] Entidade: Processamento Final - Cálculo de Mix e Volume Accuracy - TAMANHO: P,Story,2026-03-11T19:20:32.904-0300,2026-05-18T09:58:59.465-0300,Refined,To Do,olivia.diniz,SQUAD_5,2026-05-22,2026-05-25,
BF3E4-4540,[SUPPLY CHAIN - 69] Entidade: Processamento Final - Cálculo de Mix e Volume Accuracy - TAMANHO: P,Story,2026-03-11T19:20:32.904-0300,2026-03-19T10:53:01.126-0300,IN REFINEMENT,Refined,roger.ramos,SQUAD_5,2026-05-22,2026-05-25,
BF3E4-4540,[SUPPLY CHAIN - 69] Entidade: Processamento Final - Cálculo de Mix e Volume Accuracy - TAMANHO: P,Story,2026-03-11T19:20:32.904-0300,2026-03-19T10:52:58.968-0300,WAITING REFINEMENT,IN REFINEMENT,roger.ramos,SQUAD_5,2026-05-22,2026-05-25,
BF3E4-4540,[SUPPLY CHAIN - 69] Entidade: Processamento Final - Cálculo de Mix e Volume Accuracy - TAMANHO: P,Story,2026-03-11T19:20:32.904-0300,2026-03-19T10:52:56.695-0300,Open,WAITING REFINEMENT,roger.ramos,SQUAD_5,2026-05-22,2026-05-25,
BF3E4-4528,[SUPPLY CHAIN - 68] Entidade: Ingestão de Dados Base - Volume Accuracy - TAMANHO: M,Story,2026-03-11T19:20:08.018-0300,2026-05-20T11:22:00.646-0300,Waiting Test,Canceled,olivia.diniz,SQUAD_5,2026-05-18,2026-05-29,2026-05-15T23:30:00.000-0300
BF3E4-4528,[SUPPLY CHAIN - 68] Entidade: Ingestão de Dados Base - Volume Accuracy - TAMANHO: M,Story,2026-03-11T19:20:08.018-0300,2026-05-16T10:03:09.137-0300,IN DEVELOPMENT,Waiting Test,bruno.teles,SQUAD_5,2026-05-18,2026-05-29,2026-05-15T23:30:00.000-0300
BF3E4-4528,[SUPPLY CHAIN - 68] Entidade: Ingestão de Dados Base - Volume Accuracy - TAMANHO: M,Story,2026-03-11T19:20:08.018-0300,2026-05-12T17:08:30.303-0300,To Do,IN DEVELOPMENT,mylena.nunes,SQUAD_5,2026-05-18,2026-05-29,2026-05-15T23:30:00.000-0300
BF3E4-4528,[SUPPLY CHAIN - 68] Entidade: Ingestão de Dados Base - Volume Accuracy - TAMANHO: M,Story,2026-03-11T19:20:08.018-0300,2026-05-11T09:30:27.085-0300,Refined,To Do,olivia.diniz,SQUAD_5,2026-05-18,2026-05-29,2026-05-15T23:30:00.000-0300
BF3E4-4515,[SUPPLY CHAIN - 67] Entidade: Comprovação Eletrônica de Entrega - EPOD Completo - TAMANHO: G,Story,2026-03-11T19:19:45.535-0300,2026-05-20T08:15:54.608-0300,To Do,IN DEVELOPMENT,ricky.burgos,SQUAD_5,2026-05-17,2026-05-29,2026-05-22T18:00:00.000-0300
BF3E4-4515,[SUPPLY CHAIN - 67] Entidade: Comprovação Eletrônica de Entrega - EPOD Completo - TAMANHO: G,Story,2026-03-11T19:19:45.535-0300,2026-05-18T09:58:18.817-0300,Refined,To Do,olivia.diniz,SQUAD_5,2026-05-17,2026-05-29,2026-05-22T18:00:00.000-0300
BF3E4-4515,[SUPPLY CHAIN - 67] Entidade: Comprovação Eletrônica de Entrega - EPOD Completo - TAMANHO: G,Story,2026-03-11T19:19:45.535-0300,2026-03-19T10:52:30.539-0300,IN REFINEMENT,Refined,roger.ramos,SQUAD_5,2026-05-17,2026-05-29,2026-05-22T18:00:00.000-0300
BF3E4-4515,[SUPPLY CHAIN - 67] Entidade: Comprovação Eletrônica de Entrega - EPOD Completo - TAMANHO: G,Story,2026-03-11T19:19:45.535-0300,2026-03-19T10:52:27.880-0300,WAITING REFINEMENT,IN REFINEMENT,roger.ramos,SQUAD_5,2026-05-17,2026-05-29,2026-05-22T18:00:00.000-0300
BF3E4-4515,[SUPPLY CHAIN - 67] Entidade: Comprovação Eletrônica de Entrega - EPOD Completo - TAMANHO: G,Story,2026-03-11T19:19:45.535-0300,2026-03-19T10:52:25.179-0300,Open,WAITING REFINEMENT,roger.ramos,SQUAD_5,2026-05-17,2026-05-29,2026-05-22T18:00:00.000-0300
BF3E4-4503,[SUPPLY CHAIN - 66] Entidade: Dados Atuais e Emissão CO2 - Export Files - TAMANHO: M,Story,2026-03-11T19:19:21.440-0300,2026-03-19T10:52:17.862-0300,IN REFINEMENT,Refined,roger.ramos,SQUAD_5,2026-05-21,2026-05-28,
BF3E4-4503,[SUPPLY CHAIN - 66] Entidade: Dados Atuais e Emissão CO2 - Export Files - TAMANHO: M,Story,2026-03-11T19:19:21.440-0300,2026-03-19T10:52:15.371-0300,WAITING REFINEMENT,IN REFINEMENT,roger.ramos,SQUAD_5,2026-05-21,2026-05-28,
BF3E4-4503,[SUPPLY CHAIN - 66] Entidade: Dados Atuais e Emissão CO2 - Export Files - TAMANHO: M,Story,2026-03-11T19:19:21.440-0300,2026-03-19T10:52:12.531-0300,Open,WAITING REFINEMENT,roger.ramos,SQUAD_5,2026-05-21,2026-05-28,
BF3E4-4488,[SUPPLY CHAIN - 65] Entidade: Lista Mestre Pokey e Produto A13 - TAMANHO: M,Story,2026-03-11T19:18:54.986-0300,2026-03-19T10:51:58.555-0300,IN REFINEMENT,Refined,roger.ramos,SQUAD_5,2026-05-20,2026-05-27,
BF3E4-4488,[SUPPLY CHAIN - 65] Entidade: Lista Mestre Pokey e Produto A13 - TAMANHO: M,Story,2026-03-11T19:18:54.986-0300,2026-03-19T10:51:53.641-0300,WAITING REFINEMENT,IN REFINEMENT,roger.ramos,SQUAD_5,2026-05-20,2026-05-27,
BF3E4-4488,[SUPPLY CHAIN - 65] Entidade: Lista Mestre Pokey e Produto A13 - TAMANHO: M,Story,2026-03-11T19:18:54.986-0300,2026-03-19T10:51:32.357-0300,Open,WAITING REFINEMENT,roger.ramos,SQUAD_5,2026-05-20,2026-05-27,
BF3E4-4473,[SUPPLY CHAIN - 64] Entidade: Planejamento Assegnazione e Emplacamento - TAMANHO: M,Story,2026-03-11T19:18:30.065-0300,2026-03-19T10:51:15.668-0300,IN REFINEMENT,Refined,roger.ramos,SQUAD_5,2026-05-19,2026-05-26,
BF3E4-4473,[SUPPLY CHAIN - 64] Entidade: Planejamento Assegnazione e Emplacamento - TAMANHO: M,Story,2026-03-11T19:18:30.065-0300,2026-03-19T10:51:13.315-0300,WAITING REFINEMENT,IN REFINEMENT,roger.ramos,SQUAD_5,2026-05-19,2026-05-26,
BF3E4-4473,[SUPPLY CHAIN - 64] Entidade: Planejamento Assegnazione e Emplacamento - TAMANHO: M,Story,2026-03-11T19:18:30.065-0300,2026-03-19T10:51:10.798-0300,Open,WAITING REFINEMENT,roger.ramos,SQUAD_5,2026-05-19,2026-05-26,
BF3E4-4458,[SUPPLY CHAIN - 63] Entidade: Planejamento Operacional - Parte 2 (Geral e Volume Indústria) - TAMANHO: M,Story,2026-03-11T19:18:06.495-0300,2026-03-19T10:50:35.190-0300,IN REFINEMENT,Refined,roger.ramos,SQUAD_5,2026-05-19,2026-05-26,
BF3E4-4458,[SUPPLY CHAIN - 63] Entidade: Planejamento Operacional - Parte 2 (Geral e Volume Indústria) - TAMANHO: M,Story,2026-03-11T19:18:06.495-0300,2026-03-19T10:50:32.660-0300,WAITING REFINEMENT,IN REFINEMENT,roger.ramos,SQUAD_5,2026-05-19,2026-05-26,
BF3E4-4458,[SUPPLY CHAIN - 63] Entidade: Planejamento Operacional - Parte 2 (Geral e Volume Indústria) - TAMANHO: M,Story,2026-03-11T19:18:06.495-0300,2026-03-19T10:50:29.949-0300,Open,WAITING REFINEMENT,roger.ramos,SQUAD_5,2026-05-19,2026-05-26,
BF3E4-4437,"[SUPPLY CHAIN - 62] Entidade: Planejamento Operacional - Parte 1 (OSS, PSA, Confirmado) - TAMANHO: G",Story,2026-03-11T19:17:35.096-0300,2026-03-19T10:50:20.282-0300,IN REFINEMENT,Refined,roger.ramos,SQUAD_5,2026-05-18,2026-05-28,
BF3E4-4437,"[SUPPLY CHAIN - 62] Entidade: Planejamento Operacional - Parte 1 (OSS, PSA, Confirmado) - TAMANHO: G",Story,2026-03-11T19:17:35.096-0300,2026-03-19T10:50:17.698-0300,WAITING REFINEMENT,IN REFINEMENT,roger.ramos,SQUAD_5,2026-05-18,2026-05-28,
BF3E4-4437,"[SUPPLY CHAIN - 62] Entidade: Planejamento Operacional - Parte 1 (OSS, PSA, Confirmado) - TAMANHO: G",Story,2026-03-11T19:17:35.096-0300,2026-03-19T10:50:15.747-0300,Open,WAITING REFINEMENT,roger.ramos,SQUAD_5,2026-05-18,2026-05-28,
BF3E4-4430,[SUPPLY CHAIN - 61] Entidade: Cadastros de Canais e Subcanais - TAMANHO: M,Story,2026-03-11T19:17:22.701-0300,2026-03-19T10:49:31.047-0300,IN REFINEMENT,Refined,roger.ramos,SQUAD_5,2026-05-18,2026-05-21,
BF3E4-4430,[SUPPLY CHAIN - 61] Entidade: Cadastros de Canais e Subcanais - TAMANHO: M,Story,2026-03-11T19:17:22.701-0300,2026-03-19T10:49:28.275-0300,WAITING REFINEMENT,IN REFINEMENT,roger.ramos,SQUAD_5,2026-05-18,2026-05-21,
BF3E4-4430,[SUPPLY CHAIN - 61] Entidade: Cadastros de Canais e Subcanais - TAMANHO: M,Story,2026-03-11T19:17:22.701-0300,2026-03-19T10:49:25.939-0300,Open,WAITING REFINEMENT,roger.ramos,SQUAD_5,2026-05-18,2026-05-21,
BF3E4-4417,[SUPPLY CHAIN - 60] Entidade: Carga Base RapidResponse - Hierarquias e Descrições - TAMANHO: G,Story,2026-03-11T19:17:01.747-0300,2026-03-19T10:49:19.435-0300,IN REFINEMENT,Refined,roger.ramos,SQUAD_5,2026-05-18,2026-05-29,
BF3E4-4417,[SUPPLY CHAIN - 60] Entidade: Carga Base RapidResponse - Hierarquias e Descrições - TAMANHO: G,Story,2026-03-11T19:17:01.747-0300,2026-03-19T10:49:16.590-0300,WAITING REFINEMENT,IN REFINEMENT,roger.ramos,SQUAD_5,2026-05-18,2026-05-29,
BF3E4-4417,[SUPPLY CHAIN - 60] Entidade: Carga Base RapidResponse - Hierarquias e Descrições - TAMANHO: G,Story,2026-03-11T19:17:01.747-0300,2026-03-19T10:49:13.513-0300,Open,WAITING REFINEMENT,roger.ramos,SQUAD_5,2026-05-18,2026-05-29,
BF3E4-4409,[SUPPLY CHAIN - 59] Entidade: Processamento Delta Chegadas e Views Especializadas - TAMANHO: M,Story,2026-03-11T19:16:48.206-0300,2026-05-23T12:36:53.278-0300,Waiting Test,Test,lucineia.souza,SQUAD_5,2026-05-18,2026-05-21,2026-05-18T23:30:00.000-0300
BF3E4-4409,[SUPPLY CHAIN - 59] Entidade: Processamento Delta Chegadas e Views Especializadas - TAMANHO: M,Story,2026-03-11T19:16:48.206-0300,2026-05-19T09:26:25.334-0300,IN DEVELOPMENT,Waiting Test,patrick.goncalves,SQUAD_5,2026-05-18,2026-05-21,2026-05-18T23:30:00.000-0300
BF3E4-4409,[SUPPLY CHAIN - 59] Entidade: Processamento Delta Chegadas e Views Especializadas - TAMANHO: M,Story,2026-03-11T19:16:48.206-0300,2026-05-13T09:25:36.611-0300,To Do,IN DEVELOPMENT,patrick.goncalves,SQUAD_5,2026-05-18,2026-05-21,2026-05-18T23:30:00.000-0300
BF3E4-4409,[SUPPLY CHAIN - 59] Entidade: Processamento Delta Chegadas e Views Especializadas - TAMANHO: M,Story,2026-03-11T19:16:48.206-0300,2026-05-11T09:31:32.776-0300,Refined,To Do,olivia.diniz,SQUAD_5,2026-05-18,2026-05-21,2026-05-18T23:30:00.000-0300
BF3E4-4409,[SUPPLY CHAIN - 59] Entidade: Processamento Delta Chegadas e Views Especializadas - TAMANHO: M,Story,2026-03-11T19:16:48.206-0300,2026-03-19T10:48:59.718-0300,IN REFINEMENT,Refined,roger.ramos,SQUAD_5,2026-05-18,2026-05-21,2026-05-18T23:30:00.000-0300
BF3E4-4409,[SUPPLY CHAIN - 59] Entidade: Processamento Delta Chegadas e Views Especializadas - TAMANHO: M,Story,2026-03-11T19:16:48.206-0300,2026-03-19T10:48:57.251-0300,WAITING REFINEMENT,IN REFINEMENT,roger.ramos,SQUAD_5,2026-05-18,2026-05-21,2026-05-18T23:30:00.000-0300
BF3E4-4402,[SUPPLY CHAIN - 58] Entidade: Outbound Transporte Batch via DataStage - TAMANHO: P,Story,2026-03-11T19:16:33.547-0300,2026-05-12T09:19:17.532-0300,To Do,IN DEVELOPMENT,icaro.coelho,SQUAD_5,2026-05-15,2026-05-19,2026-05-28T23:30:00.000-0300
BF3E4-4402,[SUPPLY CHAIN - 58] Entidade: Outbound Transporte Batch via DataStage - TAMANHO: P,Story,2026-03-11T19:16:33.547-0300,2026-05-11T09:30:50.956-0300,Refined,To Do,olivia.diniz,SQUAD_5,2026-05-15,2026-05-19,2026-05-28T23:30:00.000-0300
BF3E4-4402,[SUPPLY CHAIN - 58] Entidade: Outbound Transporte Batch via DataStage - TAMANHO: P,Story,2026-03-11T19:16:33.547-0300,2026-03-19T10:48:35.521-0300,IN REFINEMENT,Refined,roger.ramos,SQUAD_5,2026-05-15,2026-05-19,2026-05-28T23:30:00.000-0300
BF3E4-4402,[SUPPLY CHAIN - 58] Entidade: Outbound Transporte Batch via DataStage - TAMANHO: P,Story,2026-03-11T19:16:33.547-0300,2026-03-19T10:48:32.039-0300,WAITING REFINEMENT,IN REFINEMENT,roger.ramos,SQUAD_5,2026-05-15,2026-05-19,2026-05-28T23:30:00.000-0300
BF3E4-4402,[SUPPLY CHAIN - 58] Entidade: Outbound Transporte Batch via DataStage - TAMANHO: P,Story,2026-03-11T19:16:33.547-0300,2026-03-19T10:48:22.416-0300,Open,WAITING REFINEMENT,roger.ramos,SQUAD_5,2026-05-15,2026-05-19,2026-05-28T23:30:00.000-0300
BF3E4-4392,[SUPPLY CHAIN - 57] Entidade: Rastreamento Real-Time via Pub/Sub - TAMANHO: M,Story,2026-03-11T19:16:15.204-0300,2026-05-13T18:48:43.519-0300,Waiting Test,Test,marcio.benetasso,SQUAD_5,2026-05-15,2026-05-22,2026-05-23T23:30:00.000-0300
BF3E4-4392,[SUPPLY CHAIN - 57] Entidade: Rastreamento Real-Time via Pub/Sub - TAMANHO: M,Story,2026-03-11T19:16:15.204-0300,2026-05-13T09:25:45.611-0300,IN DEVELOPMENT,Waiting Test,patrick.goncalves,SQUAD_5,2026-05-15,2026-05-22,2026-05-23T23:30:00.000-0300
BF3E4-4392,[SUPPLY CHAIN - 57] Entidade: Rastreamento Real-Time via Pub/Sub - TAMANHO: M,Story,2026-03-11T19:16:15.204-0300,2026-05-12T09:47:44.741-0300,To Do,IN DEVELOPMENT,patrick.goncalves,SQUAD_5,2026-05-15,2026-05-22,2026-05-23T23:30:00.000-0300
BF3E4-4392,[SUPPLY CHAIN - 57] Entidade: Rastreamento Real-Time via Pub/Sub - TAMANHO: M,Story,2026-03-11T19:16:15.204-0300,2026-05-11T16:48:25.246-0300,Refined,To Do,olivia.diniz,SQUAD_5,2026-05-15,2026-05-22,2026-05-23T23:30:00.000-0300
BF3E4-4386,[SUPPLY CHAIN - 56] Entidade: Yard Truck - Movimentação de Veículos - TAMANHO: P,Story,2026-03-11T19:16:02.563-0300,2026-05-20T17:46:18.806-0300,Test,Done,igor.simim,SQUAD_5,2026-05-14,2026-05-15,2026-05-20T23:30:00.000-0300
BF3E4-4386,[SUPPLY CHAIN - 56] Entidade: Yard Truck - Movimentação de Veículos - TAMANHO: P,Story,2026-03-11T19:16:02.563-0300,2026-05-19T15:17:30.505-0300,Waiting Test,Test,igor.simim,SQUAD_5,2026-05-14,2026-05-15,2026-05-20T23:30:00.000-0300
BF3E4-4386,[SUPPLY CHAIN - 56] Entidade: Yard Truck - Movimentação de Veículos - TAMANHO: P,Story,2026-03-11T19:16:02.563-0300,2026-05-16T15:06:53.711-0300,IN DEVELOPMENT,Waiting Test,filipe.freitas,SQUAD_5,2026-05-14,2026-05-15,2026-05-20T23:30:00.000-0300
BF3E4-4386,[SUPPLY CHAIN - 56] Entidade: Yard Truck - Movimentação de Veículos - TAMANHO: P,Story,2026-03-11T19:16:02.563-0300,2026-05-12T10:11:39.594-0300,To Do,IN DEVELOPMENT,olivia.diniz,SQUAD_5,2026-05-14,2026-05-15,2026-05-20T23:30:00.000-0300
BF3E4-4386,[SUPPLY CHAIN - 56] Entidade: Yard Truck - Movimentação de Veículos - TAMANHO: P,Story,2026-03-11T19:16:02.563-0300,2026-05-12T10:10:57.596-0300,Refined,To Do,olivia.diniz,SQUAD_5,2026-05-14,2026-05-15,2026-05-20T23:30:00.000-0300
BF3E4-4386,[SUPPLY CHAIN - 56] Entidade: Yard Truck - Movimentação de Veículos - TAMANHO: P,Story,2026-03-11T19:16:02.563-0300,2026-03-19T10:47:13.304-0300,IN REFINEMENT,Refined,roger.ramos,SQUAD_5,2026-05-14,2026-05-15,2026-05-20T23:30:00.000-0300
BF3E4-4377,[SUPPLY CHAIN - 55] Entidade: Ativação e Aprovação AVA SPOT - TAMANHO: M,Story,2026-03-11T19:15:46.595-0300,2026-05-24T08:32:57.666-0300,Test,Done,isabela.romeu,SQUAD_5,2026-05-13,2026-05-18,2026-05-24T12:00:00.000-0300
BF3E4-4377,[SUPPLY CHAIN - 55] Entidade: Ativação e Aprovação AVA SPOT - TAMANHO: M,Story,2026-03-11T19:15:46.595-0300,2026-05-22T09:52:23.420-0300,Waiting Test,Test,isabela.romeu,SQUAD_5,2026-05-13,2026-05-18,2026-05-24T12:00:00.000-0300
BF3E4-4377,[SUPPLY CHAIN - 55] Entidade: Ativação e Aprovação AVA SPOT - TAMANHO: M,Story,2026-03-11T19:15:46.595-0300,2026-05-19T09:21:45.361-0300,IN DEVELOPMENT,Waiting Test,mylena.nunes,SQUAD_5,2026-05-13,2026-05-18,2026-05-24T12:00:00.000-0300
BF3E4-4369,[SUPPLY CHAIN - 54] Entidade: Ativação de Transporte DHL - TAMANHO: M,Story,2026-03-11T19:15:32.858-0300,2026-04-27T16:17:44.341-0300,Refined,Canceled,bruno.teles,SQUAD_5,2026-05-13,2026-05-18,
BF3E4-4369,[SUPPLY CHAIN - 54] Entidade: Ativação de Transporte DHL - TAMANHO: M,Story,2026-03-11T19:15:32.858-0300,2026-03-19T10:46:49.479-0300,IN REFINEMENT,Refined,roger.ramos,SQUAD_5,2026-05-13,2026-05-18,
BF3E4-4369,[SUPPLY CHAIN - 54] Entidade: Ativação de Transporte DHL - TAMANHO: M,Story,2026-03-11T19:15:32.858-0300,2026-03-19T10:45:39.177-0300,WAITING REFINEMENT,IN REFINEMENT,roger.ramos,SQUAD_5,2026-05-13,2026-05-18,
BF3E4-4369,[SUPPLY CHAIN - 54] Entidade: Ativação de Transporte DHL - TAMANHO: M,Story,2026-03-11T19:15:32.858-0300,2026-03-19T10:45:36.347-0300,Open,WAITING REFINEMENT,roger.ramos,SQUAD_5,2026-05-13,2026-05-18,
BF3E4-4363,[SUPPLY CHAIN - 53] Entidade: Views Consolidadas e Analíticas Avançadas - TAMANHO: P,Story,2026-03-11T19:15:21.179-0300,2026-05-21T12:51:07.845-0300,Waiting Test,Test,igor.simim,SQUAD_5,2026-05-13,2026-05-15,2026-05-18T23:30:00.000-0300
BF3E4-4363,[SUPPLY CHAIN - 53] Entidade: Views Consolidadas e Analíticas Avançadas - TAMANHO: P,Story,2026-03-11T19:15:21.179-0300,2026-05-18T17:44:15.346-0300,IN DEVELOPMENT,Waiting Test,marconi.sousa,SQUAD_5,2026-05-13,2026-05-15,2026-05-18T23:30:00.000-0300
BF3E4-4363,[SUPPLY CHAIN - 53] Entidade: Views Consolidadas e Analíticas Avançadas - TAMANHO: P,Story,2026-03-11T19:15:21.179-0300,2026-05-13T22:14:52.239-0300,To Do,IN DEVELOPMENT,marconi.sousa,SQUAD_5,2026-05-13,2026-05-15,2026-05-18T23:30:00.000-0300
BF3E4-4363,[SUPPLY CHAIN - 53] Entidade: Views Consolidadas e Analíticas Avançadas - TAMANHO: P,Story,2026-03-11T19:15:21.179-0300,2026-05-11T09:31:00.522-0300,Refined,To Do,olivia.diniz,SQUAD_5,2026-05-13,2026-05-15,2026-05-18T23:30:00.000-0300
BF3E4-4363,[SUPPLY CHAIN - 53] Entidade: Views Consolidadas e Analíticas Avançadas - TAMANHO: P,Story,2026-03-11T19:15:21.179-0300,2026-03-19T10:45:29.490-0300,IN REFINEMENT,Refined,roger.ramos,SQUAD_5,2026-05-13,2026-05-15,2026-05-18T23:30:00.000-0300
BF3E4-4363,[SUPPLY CHAIN - 53] Entidade: Views Consolidadas e Analíticas Avançadas - TAMANHO: P,Story,2026-03-11T19:15:21.179-0300,2026-03-19T10:45:26.722-0300,WAITING REFINEMENT,IN REFINEMENT,roger.ramos,SQUAD_5,2026-05-13,2026-05-15,2026-05-18T23:30:00.000-0300
BF3E4-4363,[SUPPLY CHAIN - 53] Entidade: Views Consolidadas e Analíticas Avançadas - TAMANHO: P,Story,2026-03-11T19:15:21.179-0300,2026-03-19T10:45:24.084-0300,Open,WAITING REFINEMENT,roger.ramos,SQUAD_5,2026-05-13,2026-05-15,2026-05-18T23:30:00.000-0300
BF3E4-4355,[SUPPLY CHAIN - 52] Entidade: Ingestão Flow - Parte 3 (Cadastros Auxiliares e Logistics) - TAMANHO: M,Story,2026-03-11T19:15:05.543-0300,2026-05-15T15:37:27.577-0300,Refined,Canceled,bruno.teles,SQUAD_5,2026-05-12,2026-05-15,
BF3E4-4355,[SUPPLY CHAIN - 52] Entidade: Ingestão Flow - Parte 3 (Cadastros Auxiliares e Logistics) - TAMANHO: M,Story,2026-03-11T19:15:05.543-0300,2026-03-19T10:45:18.353-0300,IN REFINEMENT,Refined,roger.ramos,SQUAD_5,2026-05-12,2026-05-15,
BF3E4-4355,[SUPPLY CHAIN - 52] Entidade: Ingestão Flow - Parte 3 (Cadastros Auxiliares e Logistics) - TAMANHO: M,Story,2026-03-11T19:15:05.543-0300,2026-03-19T10:45:10.130-0300,WAITING REFINEMENT,IN REFINEMENT,roger.ramos,SQUAD_5,2026-05-12,2026-05-15,
BF3E4-4355,[SUPPLY CHAIN - 52] Entidade: Ingestão Flow - Parte 3 (Cadastros Auxiliares e Logistics) - TAMANHO: M,Story,2026-03-11T19:15:05.543-0300,2026-03-19T10:45:08.080-0300,Open,WAITING REFINEMENT,roger.ramos,SQUAD_5,2026-05-12,2026-05-15,
BF3E4-4343,[SUPPLY CHAIN - 51] Entidade: Ingestão Flow - Parte 2 (CBH e Months Rolling) - TAMANHO: G,Story,2026-03-11T19:14:46.645-0300,2026-05-22T10:57:40.090-0300,Waiting Test,Test,olivia.dacosta,SQUAD_5,2026-05-11,2026-05-20,2026-05-15T10:00:00.000-0300
BF3E4-4343,[SUPPLY CHAIN - 51] Entidade: Ingestão Flow - Parte 2 (CBH e Months Rolling) - TAMANHO: G,Story,2026-03-11T19:14:46.645-0300,2026-05-15T20:30:45.084-0300,IN DEVELOPMENT,Waiting Test,ricky.burgos,SQUAD_5,2026-05-11,2026-05-20,2026-05-15T10:00:00.000-0300
BF3E4-4343,[SUPPLY CHAIN - 51] Entidade: Ingestão Flow - Parte 2 (CBH e Months Rolling) - TAMANHO: G,Story,2026-03-11T19:14:46.645-0300,2026-05-13T10:58:16.736-0300,To Do,IN DEVELOPMENT,olivia.diniz,SQUAD_5,2026-05-11,2026-05-20,2026-05-15T10:00:00.000-0300
BF3E4-4343,[SUPPLY CHAIN - 51] Entidade: Ingestão Flow - Parte 2 (CBH e Months Rolling) - TAMANHO: G,Story,2026-03-11T19:14:46.645-0300,2026-05-11T09:29:40.166-0300,Refined,To Do,olivia.diniz,SQUAD_5,2026-05-11,2026-05-20,2026-05-15T10:00:00.000-0300
BF3E4-4343,[SUPPLY CHAIN - 51] Entidade: Ingestão Flow - Parte 2 (CBH e Months Rolling) - TAMANHO: G,Story,2026-03-11T19:14:46.645-0300,2026-03-19T10:45:03.195-0300,IN REFINEMENT,Refined,roger.ramos,SQUAD_5,2026-05-11,2026-05-20,2026-05-15T10:00:00.000-0300
BF3E4-4343,[SUPPLY CHAIN - 51] Entidade: Ingestão Flow - Parte 2 (CBH e Months Rolling) - TAMANHO: G,Story,2026-03-11T19:14:46.645-0300,2026-03-19T10:45:01.347-0300,WAITING REFINEMENT,IN REFINEMENT,roger.ramos,SQUAD_5,2026-05-11,2026-05-20,2026-05-15T10:00:00.000-0300
BF3E4-4343,[SUPPLY CHAIN - 51] Entidade: Ingestão Flow - Parte 2 (CBH e Months Rolling) - TAMANHO: G,Story,2026-03-11T19:14:46.645-0300,2026-03-19T10:44:58.390-0300,Open,WAITING REFINEMENT,roger.ramos,SQUAD_5,2026-05-11,2026-05-20,2026-05-15T10:00:00.000-0300
BF3E4-4331,[SUPPLY CHAIN - 50] Entidade: Ingestão Flow - Parte 1 (Cálculo Previsional e CBA) - TAMANHO: G,Story,2026-03-11T19:14:25.983-0300,2026-05-11T18:25:04.302-0300,To Do,IN DEVELOPMENT,kenia.braga2,SQUAD_5,2026-05-11,2026-05-20,2026-05-21T12:30:00.000-0300
BF3E4-4331,[SUPPLY CHAIN - 50] Entidade: Ingestão Flow - Parte 1 (Cálculo Previsional e CBA) - TAMANHO: G,Story,2026-03-11T19:14:25.983-0300,2026-05-11T09:29:29.349-0300,Refined,To Do,olivia.diniz,SQUAD_5,2026-05-11,2026-05-20,2026-05-21T12:30:00.000-0300
BF3E4-4331,[SUPPLY CHAIN - 50] Entidade: Ingestão Flow - Parte 1 (Cálculo Previsional e CBA) - TAMANHO: G,Story,2026-03-11T19:14:25.983-0300,2026-03-19T10:44:42.014-0300,IN REFINEMENT,Refined,roger.ramos,SQUAD_5,2026-05-11,2026-05-20,2026-05-21T12:30:00.000-0300
BF3E4-4331,[SUPPLY CHAIN - 50] Entidade: Ingestão Flow - Parte 1 (Cálculo Previsional e CBA) - TAMANHO: G,Story,2026-03-11T19:14:25.983-0300,2026-03-19T10:44:39.828-0300,WAITING REFINEMENT,IN REFINEMENT,roger.ramos,SQUAD_5,2026-05-11,2026-05-20,2026-05-21T12:30:00.000-0300
BF3E4-4323,[SUPPLY CHAIN - 49] Entidade: Ingestão Part Dump A9 - Orchestrated DataStage - TAMANHO: M,Story,2026-03-11T19:14:10.144-0300,2026-05-08T10:27:53.931-0300,Test,Done,marcio.benetasso,SQUAD_5,2026-05-11,2026-05-14,2026-05-08T16:00:00.000-0300
BF3E4-4323,[SUPPLY CHAIN - 49] Entidade: Ingestão Part Dump A9 - Orchestrated DataStage - TAMANHO: M,Story,2026-03-11T19:14:10.144-0300,2026-05-07T15:40:08.098-0300,Waiting Test,Test,marcio.benetasso,SQUAD_5,2026-05-11,2026-05-14,2026-05-08T16:00:00.000-0300
BF3E4-4323,[SUPPLY CHAIN - 49] Entidade: Ingestão Part Dump A9 - Orchestrated DataStage - TAMANHO: M,Story,2026-03-11T19:14:10.144-0300,2026-05-07T12:17:56.359-0300,IN DEVELOPMENT,Waiting Test,mylena.nunes,SQUAD_5,2026-05-11,2026-05-14,2026-05-08T16:00:00.000-0300
BF3E4-4323,[SUPPLY CHAIN - 49] Entidade: Ingestão Part Dump A9 - Orchestrated DataStage - TAMANHO: M,Story,2026-03-11T19:14:10.144-0300,2026-04-27T09:15:04.000-0300,To Do,IN DEVELOPMENT,mylena.nunes,SQUAD_5,2026-05-11,2026-05-14,2026-05-08T16:00:00.000-0300
BF3E4-4323,[SUPPLY CHAIN - 49] Entidade: Ingestão Part Dump A9 - Orchestrated DataStage - TAMANHO: M,Story,2026-03-11T19:14:10.144-0300,2026-04-27T09:12:51.396-0300,Refined,To Do,mylena.nunes,SQUAD_5,2026-05-11,2026-05-14,2026-05-08T16:00:00.000-0300
BF3E4-4313,[SUPPLY CHAIN - 48] Entidade: Ingestão RTM e LTP - Event-Driven - TAMANHO: M,Story,2026-03-11T19:13:50.769-0300,2026-05-21T20:08:37.058-0300,Test,Done,jefferson.souza4,SQUAD_5,2026-05-08,2026-05-15,2026-05-21T23:30:00.000-0300
BF3E4-4313,[SUPPLY CHAIN - 48] Entidade: Ingestão RTM e LTP - Event-Driven - TAMANHO: M,Story,2026-03-11T19:13:50.769-0300,2026-05-18T11:01:37.197-0300,Waiting Test,Test,jefferson.souza4,SQUAD_5,2026-05-08,2026-05-15,2026-05-21T23:30:00.000-0300
BF3E4-4313,[SUPPLY CHAIN - 48] Entidade: Ingestão RTM e LTP - Event-Driven - TAMANHO: M,Story,2026-03-11T19:13:50.769-0300,2026-05-16T11:51:30.286-0300,IN DEVELOPMENT,Waiting Test,luiz.martineli,SQUAD_5,2026-05-08,2026-05-15,2026-05-21T23:30:00.000-0300
BF3E4-4313,[SUPPLY CHAIN - 48] Entidade: Ingestão RTM e LTP - Event-Driven - TAMANHO: M,Story,2026-03-11T19:13:50.769-0300,2026-05-09T10:11:29.306-0300,To Do,IN DEVELOPMENT,olivia.diniz,SQUAD_5,2026-05-08,2026-05-15,2026-05-21T23:30:00.000-0300
BF3E4-4313,[SUPPLY CHAIN - 48] Entidade: Ingestão RTM e LTP - Event-Driven - TAMANHO: M,Story,2026-03-11T19:13:50.769-0300,2026-05-08T10:33:50.630-0300,Refined,To Do,marconi.sousa,SQUAD_5,2026-05-08,2026-05-15,2026-05-21T23:30:00.000-0300
BF3E4-4300,[SUPPLY CHAIN - 47] Entidade: Ingestão TM1 - Tabelas Auxiliares e Produto - TAMANHO: M,Story,2026-03-11T19:13:27.041-0300,2026-03-25T15:16:52.113-0300,Refined,Canceled,bruno.teles,SQUAD_5,2026-05-07,2026-05-14,
BF3E4-4300,[SUPPLY CHAIN - 47] Entidade: Ingestão TM1 - Tabelas Auxiliares e Produto - TAMANHO: M,Story,2026-03-11T19:13:27.041-0300,2026-03-19T10:44:01.896-0300,IN REFINEMENT,Refined,roger.ramos,SQUAD_5,2026-05-07,2026-05-14,
BF3E4-4300,[SUPPLY CHAIN - 47] Entidade: Ingestão TM1 - Tabelas Auxiliares e Produto - TAMANHO: M,Story,2026-03-11T19:13:27.041-0300,2026-03-19T10:43:59.647-0300,WAITING REFINEMENT,IN REFINEMENT,roger.ramos,SQUAD_5,2026-05-07,2026-05-14,
BF3E4-4300,[SUPPLY CHAIN - 47] Entidade: Ingestão TM1 - Tabelas Auxiliares e Produto - TAMANHO: M,Story,2026-03-11T19:13:27.041-0300,2026-03-19T10:43:57.223-0300,Open,WAITING REFINEMENT,roger.ramos,SQUAD_5,2026-05-07,2026-05-14,
BF3E4-4291,[SUPPLY CHAIN - 46] Entidade: Itens de Nota Fiscal e Movimentação - TAMANHO: M,Story,2026-03-11T19:13:10.287-0300,2026-05-14T09:32:33.321-0300,Test,Done,marcio.benetasso,SQUAD_5,2026-05-07,2026-05-13,2026-05-13T23:30:00.000-0300
BF3E4-4291,[SUPPLY CHAIN - 46] Entidade: Itens de Nota Fiscal e Movimentação - TAMANHO: M,Story,2026-03-11T19:13:10.287-0300,2026-05-11T20:21:02.263-0300,Waiting Test,Test,marcio.benetasso,SQUAD_5,2026-05-07,2026-05-13,2026-05-13T23:30:00.000-0300
BF3E4-4291,[SUPPLY CHAIN - 46] Entidade: Itens de Nota Fiscal e Movimentação - TAMANHO: M,Story,2026-03-11T19:13:10.287-0300,2026-05-11T15:10:04.452-0300,IN DEVELOPMENT,Waiting Test,joao.bosco2,SQUAD_5,2026-05-07,2026-05-13,2026-05-13T23:30:00.000-0300
BF3E4-4285,[SUPPLY CHAIN - 45] Entidade: Estoque de Embalagens Retornáveis - TAMANHO: P,Story,2026-03-11T19:12:57.965-0300,2026-04-27T16:10:07.576-0300,IN DEVELOPMENT,Canceled,bruno.teles,SQUAD_5,2026-05-06,2026-05-07,
BF3E4-4285,[SUPPLY CHAIN - 45] Entidade: Estoque de Embalagens Retornáveis - TAMANHO: P,Story,2026-03-11T19:12:57.965-0300,2026-04-24T12:32:11.446-0300,To Do,IN DEVELOPMENT,kenia.braga2,SQUAD_5,2026-05-06,2026-05-07,
BF3E4-4285,[SUPPLY CHAIN - 45] Entidade: Estoque de Embalagens Retornáveis - TAMANHO: P,Story,2026-03-11T19:12:57.965-0300,2026-04-24T12:32:07.895-0300,Refined,To Do,kenia.braga2,SQUAD_5,2026-05-06,2026-05-07,
BF3E4-4285,[SUPPLY CHAIN - 45] Entidade: Estoque de Embalagens Retornáveis - TAMANHO: P,Story,2026-03-11T19:12:57.965-0300,2026-03-19T10:43:14.075-0300,IN REFINEMENT,Refined,roger.ramos,SQUAD_5,2026-05-06,2026-05-07,
BF3E4-4285,[SUPPLY CHAIN - 45] Entidade: Estoque de Embalagens Retornáveis - TAMANHO: P,Story,2026-03-11T19:12:57.965-0300,2026-03-19T10:43:10.811-0300,WAITING REFINEMENT,IN REFINEMENT,roger.ramos,SQUAD_5,2026-05-06,2026-05-07,
BF3E4-4285,[SUPPLY CHAIN - 45] Entidade: Estoque de Embalagens Retornáveis - TAMANHO: P,Story,2026-03-11T19:12:57.965-0300,2026-03-19T10:43:07.810-0300,Open,WAITING REFINEMENT,roger.ramos,SQUAD_5,2026-05-06,2026-05-07,
BF3E4-4276,[SUPPLY CHAIN - 44] Entidade: Transporte e Frete - Staging e Consolidação - TAMANHO: M,Story,2026-03-11T19:12:41.629-0300,2026-04-28T09:40:54.302-0300,Refined,Canceled,bruno.teles,SQUAD_5,2026-05-06,2026-05-12,
BF3E4-4276,[SUPPLY CHAIN - 44] Entidade: Transporte e Frete - Staging e Consolidação - TAMANHO: M,Story,2026-03-11T19:12:41.629-0300,2026-03-19T10:43:01.873-0300,IN REFINEMENT,Refined,roger.ramos,SQUAD_5,2026-05-06,2026-05-12,
BF3E4-4276,[SUPPLY CHAIN - 44] Entidade: Transporte e Frete - Staging e Consolidação - TAMANHO: M,Story,2026-03-11T19:12:41.629-0300,2026-03-19T10:42:58.735-0300,WAITING REFINEMENT,IN REFINEMENT,roger.ramos,SQUAD_5,2026-05-06,2026-05-12,
BF3E4-4276,[SUPPLY CHAIN - 44] Entidade: Transporte e Frete - Staging e Consolidação - TAMANHO: M,Story,2026-03-11T19:12:41.629-0300,2026-03-19T10:42:56.535-0300,Open,WAITING REFINEMENT,roger.ramos,SQUAD_5,2026-05-06,2026-05-12,
BF3E4-4270,"[SUPPLY CHAIN - 43] Entidade: Cadastros Base - Incoterms, Meios de Transporte e Saturação - TAMANHO: P",Story,2026-03-11T19:12:29.724-0300,2026-04-28T09:39:37.461-0300,Refined,Canceled,bruno.teles,SQUAD_5,2026-05-06,2026-05-08,
BF3E4-4270,"[SUPPLY CHAIN - 43] Entidade: Cadastros Base - Incoterms, Meios de Transporte e Saturação - TAMANHO: P",Story,2026-03-11T19:12:29.724-0300,2026-03-19T10:42:49.576-0300,IN REFINEMENT,Refined,roger.ramos,SQUAD_5,2026-05-06,2026-05-08,
BF3E4-4270,"[SUPPLY CHAIN - 43] Entidade: Cadastros Base - Incoterms, Meios de Transporte e Saturação - TAMANHO: P",Story,2026-03-11T19:12:29.724-0300,2026-03-19T10:42:47.509-0300,WAITING REFINEMENT,IN REFINEMENT,roger.ramos,SQUAD_5,2026-05-06,2026-05-08,
BF3E4-4270,"[SUPPLY CHAIN - 43] Entidade: Cadastros Base - Incoterms, Meios de Transporte e Saturação - TAMANHO: P",Story,2026-03-11T19:12:29.724-0300,2026-03-19T10:42:44.836-0300,Open,WAITING REFINEMENT,roger.ramos,SQUAD_5,2026-05-06,2026-05-08,
BF3E4-4263,[SUPPLY CHAIN - 42] Entidade: Estoque Viajante e Views Consolidadas - TAMANHO: P,Story,2026-03-11T19:12:14.660-0300,2026-05-09T11:02:13.377-0300,Test,Done,marcio.benetasso,SQUAD_5,2026-05-06,2026-05-08,2026-05-09T23:30:00.000-0300
BF3E4-4263,[SUPPLY CHAIN - 42] Entidade: Estoque Viajante e Views Consolidadas - TAMANHO: P,Story,2026-03-11T19:12:14.660-0300,2026-05-07T12:15:37.899-0300,Waiting Test,Test,marconi.sousa,SQUAD_5,2026-05-06,2026-05-08,2026-05-09T23:30:00.000-0300
BF3E4-4263,[SUPPLY CHAIN - 42] Entidade: Estoque Viajante e Views Consolidadas - TAMANHO: P,Story,2026-03-11T19:12:14.660-0300,2026-05-07T12:15:34.067-0300,IN DEVELOPMENT,Waiting Test,marconi.sousa,SQUAD_5,2026-05-06,2026-05-08,2026-05-09T23:30:00.000-0300
BF3E4-4263,[SUPPLY CHAIN - 42] Entidade: Estoque Viajante e Views Consolidadas - TAMANHO: P,Story,2026-03-11T19:12:14.660-0300,2026-04-24T11:07:02.501-0300,To Do,IN DEVELOPMENT,marconi.sousa,SQUAD_5,2026-05-06,2026-05-08,2026-05-09T23:30:00.000-0300
BF3E4-4263,[SUPPLY CHAIN - 42] Entidade: Estoque Viajante e Views Consolidadas - TAMANHO: P,Story,2026-03-11T19:12:14.660-0300,2026-04-24T11:06:57.250-0300,Refined,To Do,marconi.sousa,SQUAD_5,2026-05-06,2026-05-08,2026-05-09T23:30:00.000-0300
BF3E4-4252,[SUPPLY CHAIN - 41] Entidade: Apontamentos e Material em Trânsito - TAMANHO: M,Story,2026-03-11T19:11:52.543-0300,2026-05-20T09:57:05.162-0300,To Do,IN DEVELOPMENT,olivia.diniz,SQUAD_5,2026-05-05,2026-05-12,2026-05-21T23:30:00.000-0300
BF3E4-4252,[SUPPLY CHAIN - 41] Entidade: Apontamentos e Material em Trânsito - TAMANHO: M,Story,2026-03-11T19:11:52.543-0300,2026-05-14T09:57:00.371-0300,Refined,To Do,olivia.diniz,SQUAD_5,2026-05-05,2026-05-12,2026-05-21T23:30:00.000-0300
BF3E4-4252,[SUPPLY CHAIN - 41] Entidade: Apontamentos e Material em Trânsito - TAMANHO: M,Story,2026-03-11T19:11:52.543-0300,2026-03-19T10:42:25.505-0300,IN REFINEMENT,Refined,roger.ramos,SQUAD_5,2026-05-05,2026-05-12,2026-05-21T23:30:00.000-0300
BF3E4-4252,[SUPPLY CHAIN - 41] Entidade: Apontamentos e Material em Trânsito - TAMANHO: M,Story,2026-03-11T19:11:52.543-0300,2026-03-19T10:42:23.361-0300,WAITING REFINEMENT,IN REFINEMENT,roger.ramos,SQUAD_5,2026-05-05,2026-05-12,2026-05-21T23:30:00.000-0300
BF3E4-4252,[SUPPLY CHAIN - 41] Entidade: Apontamentos e Material em Trânsito - TAMANHO: M,Story,2026-03-11T19:11:52.543-0300,2026-03-19T10:42:19.142-0300,Open,WAITING REFINEMENT,roger.ramos,SQUAD_5,2026-05-05,2026-05-12,2026-05-21T23:30:00.000-0300
BF3E4-4241,[SUPPLY CHAIN - 40] Entidade: Estoque Material e Saldo SAP - TAMANHO: M,Story,2026-03-11T19:11:34.443-0300,2026-05-11T15:47:05.926-0300,Test,Done,marcio.benetasso,SQUAD_5,2026-05-04,2026-05-11,2026-05-09T23:30:00.000-0300
BF3E4-4241,[SUPPLY CHAIN - 40] Entidade: Estoque Material e Saldo SAP - TAMANHO: M,Story,2026-03-11T19:11:34.443-0300,2026-05-08T19:57:50.116-0300,Waiting Test,Test,marcio.benetasso,SQUAD_5,2026-05-04,2026-05-11,2026-05-09T23:30:00.000-0300
BF3E4-4241,[SUPPLY CHAIN - 40] Entidade: Estoque Material e Saldo SAP - TAMANHO: M,Story,2026-03-11T19:11:34.443-0300,2026-05-08T17:24:08.149-0300,IN DEVELOPMENT,Waiting Test,filipe.freitas,SQUAD_5,2026-05-04,2026-05-11,2026-05-09T23:30:00.000-0300
BF3E4-4241,[SUPPLY CHAIN - 40] Entidade: Estoque Material e Saldo SAP - TAMANHO: M,Story,2026-03-11T19:11:34.443-0300,2026-05-07T12:17:06.925-0300,To Do,IN DEVELOPMENT,filipe.freitas,SQUAD_5,2026-05-04,2026-05-11,2026-05-09T23:30:00.000-0300
BF3E4-4241,[SUPPLY CHAIN - 40] Entidade: Estoque Material e Saldo SAP - TAMANHO: M,Story,2026-03-11T19:11:34.443-0300,2026-05-06T13:36:20.684-0300,Refined,To Do,filipe.freitas,SQUAD_5,2026-05-04,2026-05-11,2026-05-09T23:30:00.000-0300
BF3E4-4241,[SUPPLY CHAIN - 40] Entidade: Estoque Material e Saldo SAP - TAMANHO: M,Story,2026-03-11T19:11:34.443-0300,2026-03-19T10:42:09.879-0300,IN REFINEMENT,Refined,roger.ramos,SQUAD_5,2026-05-04,2026-05-11,2026-05-09T23:30:00.000-0300
BF3E4-4241,[SUPPLY CHAIN - 40] Entidade: Estoque Material e Saldo SAP - TAMANHO: M,Story,2026-03-11T19:11:34.443-0300,2026-03-19T10:42:07.665-0300,WAITING REFINEMENT,IN REFINEMENT,roger.ramos,SQUAD_5,2026-05-04,2026-05-11,2026-05-09T23:30:00.000-0300
BF3E4-4241,[SUPPLY CHAIN - 40] Entidade: Estoque Material e Saldo SAP - TAMANHO: M,Story,2026-03-11T19:11:34.443-0300,2026-03-19T10:42:04.954-0300,Open,WAITING REFINEMENT,roger.ramos,SQUAD_5,2026-05-04,2026-05-11,2026-05-09T23:30:00.000-0300
BF3E4-4232,[SUPPLY CHAIN - 39] Entidade: Staging - Dados Brutos SAP e IMS - TAMANHO: M,Story,2026-03-11T19:11:18.518-0300,2026-05-11T20:20:34.998-0300,Test,Done,marcio.benetasso,SQUAD_5,2026-04-30,2026-05-06,2026-05-09T15:00:00.000-0300
BF3E4-4232,[SUPPLY CHAIN - 39] Entidade: Staging - Dados Brutos SAP e IMS - TAMANHO: M,Story,2026-03-11T19:11:18.518-0300,2026-05-11T09:45:09.899-0300,Waiting Test,Test,marcio.benetasso,SQUAD_5,2026-04-30,2026-05-06,2026-05-09T15:00:00.000-0300
BF3E4-4232,[SUPPLY CHAIN - 39] Entidade: Staging - Dados Brutos SAP e IMS - TAMANHO: M,Story,2026-03-11T19:11:18.518-0300,2026-05-11T08:36:06.576-0300,IN DEVELOPMENT,Waiting Test,icaro.coelho,SQUAD_5,2026-04-30,2026-05-06,2026-05-09T15:00:00.000-0300
BF3E4-4232,[SUPPLY CHAIN - 39] Entidade: Staging - Dados Brutos SAP e IMS - TAMANHO: M,Story,2026-03-11T19:11:18.518-0300,2026-05-08T15:26:22.075-0300,To Do,IN DEVELOPMENT,icaro.coelho,SQUAD_5,2026-04-30,2026-05-06,2026-05-09T15:00:00.000-0300
BF3E4-4232,[SUPPLY CHAIN - 39] Entidade: Staging - Dados Brutos SAP e IMS - TAMANHO: M,Story,2026-03-11T19:11:18.518-0300,2026-05-04T13:25:01.888-0300,Refined,To Do,bruno.teles,SQUAD_5,2026-04-30,2026-05-06,2026-05-09T15:00:00.000-0300
BF3E4-4232,[SUPPLY CHAIN - 39] Entidade: Staging - Dados Brutos SAP e IMS - TAMANHO: M,Story,2026-03-11T19:11:18.518-0300,2026-03-19T10:41:58.463-0300,IN REFINEMENT,Refined,roger.ramos,SQUAD_5,2026-04-30,2026-05-06,2026-05-09T15:00:00.000-0300
BF3E4-4232,[SUPPLY CHAIN - 39] Entidade: Staging - Dados Brutos SAP e IMS - TAMANHO: M,Story,2026-03-11T19:11:18.518-0300,2026-03-19T10:41:56.031-0300,WAITING REFINEMENT,IN REFINEMENT,roger.ramos,SQUAD_5,2026-04-30,2026-05-06,2026-05-09T15:00:00.000-0300
BF3E4-4232,[SUPPLY CHAIN - 39] Entidade: Staging - Dados Brutos SAP e IMS - TAMANHO: M,Story,2026-03-11T19:11:18.518-0300,2026-03-19T10:41:50.227-0300,Open,WAITING REFINEMENT,roger.ramos,SQUAD_5,2026-04-30,2026-05-06,2026-05-09T15:00:00.000-0300
BF3E4-4227,[SUPPLY CHAIN - 38] Entidade: Indicadores e Causal - TAMANHO: P,Story,2026-03-11T19:11:07.420-0300,2026-05-09T18:29:19.104-0300,Test,Done,igor.simim,SQUAD_5,2026-04-28,2026-04-29,2026-05-09T23:30:00.000-0300
BF3E4-4227,[SUPPLY CHAIN - 38] Entidade: Indicadores e Causal - TAMANHO: P,Story,2026-03-11T19:11:07.420-0300,2026-05-09T16:24:33.346-0300,Waiting Test,Test,igor.simim,SQUAD_5,2026-04-28,2026-04-29,2026-05-09T23:30:00.000-0300
BF3E4-4227,[SUPPLY CHAIN - 38] Entidade: Indicadores e Causal - TAMANHO: P,Story,2026-03-11T19:11:07.420-0300,2026-05-09T15:08:00.478-0300,IN DEVELOPMENT,Waiting Test,mylena.nunes,SQUAD_5,2026-04-28,2026-04-29,2026-05-09T23:30:00.000-0300
BF3E4-4227,[SUPPLY CHAIN - 38] Entidade: Indicadores e Causal - TAMANHO: P,Story,2026-03-11T19:11:07.420-0300,2026-05-07T14:50:38.575-0300,To Do,IN DEVELOPMENT,mylena.nunes,SQUAD_5,2026-04-28,2026-04-29,2026-05-09T23:30:00.000-0300
BF3E4-4227,[SUPPLY CHAIN - 38] Entidade: Indicadores e Causal - TAMANHO: P,Story,2026-03-11T19:11:07.420-0300,2026-05-04T13:24:50.938-0300,Refined,To Do,bruno.teles,SQUAD_5,2026-04-28,2026-04-29,2026-05-09T23:30:00.000-0300
BF3E4-4227,[SUPPLY CHAIN - 38] Entidade: Indicadores e Causal - TAMANHO: P,Story,2026-03-11T19:11:07.420-0300,2026-03-19T10:41:44.637-0300,IN REFINEMENT,Refined,roger.ramos,SQUAD_5,2026-04-28,2026-04-29,2026-05-09T23:30:00.000-0300
BF3E4-4227,[SUPPLY CHAIN - 38] Entidade: Indicadores e Causal - TAMANHO: P,Story,2026-03-11T19:11:07.420-0300,2026-03-19T10:41:42.389-0300,WAITING REFINEMENT,IN REFINEMENT,roger.ramos,SQUAD_5,2026-04-28,2026-04-29,2026-05-09T23:30:00.000-0300
BF3E4-4227,[SUPPLY CHAIN - 38] Entidade: Indicadores e Causal - TAMANHO: P,Story,2026-03-11T19:11:07.420-0300,2026-03-19T10:41:39.243-0300,Open,WAITING REFINEMENT,roger.ramos,SQUAD_5,2026-04-28,2026-04-29,2026-05-09T23:30:00.000-0300
BF3E4-4221,[SUPPLY CHAIN - 37] Entidade: Dimensões Básicas de Estoque - TAMANHO: P,Story,2026-03-11T19:10:54.986-0300,2026-05-08T19:41:56.584-0300,Test,Done,marcio.benetasso,SQUAD_5,2026-04-28,2026-04-30,2026-05-11T00:00:00.000-0300
BF3E4-4221,[SUPPLY CHAIN - 37] Entidade: Dimensões Básicas de Estoque - TAMANHO: P,Story,2026-03-11T19:10:54.986-0300,2026-05-08T16:22:49.692-0300,Waiting Test,Test,marcio.benetasso,SQUAD_5,2026-04-28,2026-04-30,2026-05-11T00:00:00.000-0300
BF3E4-4221,[SUPPLY CHAIN - 37] Entidade: Dimensões Básicas de Estoque - TAMANHO: P,Story,2026-03-11T19:10:54.986-0300,2026-05-08T16:08:21.838-0300,IN DEVELOPMENT,Waiting Test,vinicius.silva4,SQUAD_5,2026-04-28,2026-04-30,2026-05-11T00:00:00.000-0300
BF3E4-4221,[SUPPLY CHAIN - 37] Entidade: Dimensões Básicas de Estoque - TAMANHO: P,Story,2026-03-11T19:10:54.986-0300,2026-05-06T16:23:30.592-0300,To Do,IN DEVELOPMENT,vinicius.silva4,SQUAD_5,2026-04-28,2026-04-30,2026-05-11T00:00:00.000-0300
BF3E4-4221,[SUPPLY CHAIN - 37] Entidade: Dimensões Básicas de Estoque - TAMANHO: P,Story,2026-03-11T19:10:54.986-0300,2026-05-04T13:21:36.058-0300,Refined,To Do,bruno.teles,SQUAD_5,2026-04-28,2026-04-30,2026-05-11T00:00:00.000-0300
BF3E4-4221,[SUPPLY CHAIN - 37] Entidade: Dimensões Básicas de Estoque - TAMANHO: P,Story,2026-03-11T19:10:54.986-0300,2026-03-19T10:41:17.491-0300,IN REFINEMENT,Refined,roger.ramos,SQUAD_5,2026-04-28,2026-04-30,2026-05-11T00:00:00.000-0300
BF3E4-4221,[SUPPLY CHAIN - 37] Entidade: Dimensões Básicas de Estoque - TAMANHO: P,Story,2026-03-11T19:10:54.986-0300,2026-03-19T10:41:15.301-0300,WAITING REFINEMENT,IN REFINEMENT,roger.ramos,SQUAD_5,2026-04-28,2026-04-30,2026-05-11T00:00:00.000-0300
BF3E4-4221,[SUPPLY CHAIN - 37] Entidade: Dimensões Básicas de Estoque - TAMANHO: P,Story,2026-03-11T19:10:54.986-0300,2026-03-19T10:41:10.407-0300,Open,WAITING REFINEMENT,roger.ramos,SQUAD_5,2026-04-28,2026-04-30,2026-05-11T00:00:00.000-0300
BF3E4-4207,"[SUPPLY CHAIN - 36] Entidade: Data Mestre e Números de Peça (SSOLQ500, SSOLQ501) - TAMANHO: G",Story,2026-03-11T19:10:31.500-0300,2026-04-28T09:38:05.736-0300,Refined,Canceled,bruno.teles,SQUAD_5,2026-04-28,2026-05-12,
BF3E4-4207,"[SUPPLY CHAIN - 36] Entidade: Data Mestre e Números de Peça (SSOLQ500, SSOLQ501) - TAMANHO: G",Story,2026-03-11T19:10:31.500-0300,2026-03-19T10:41:02.988-0300,IN REFINEMENT,Refined,roger.ramos,SQUAD_5,2026-04-28,2026-05-12,
BF3E4-4207,"[SUPPLY CHAIN - 36] Entidade: Data Mestre e Números de Peça (SSOLQ500, SSOLQ501) - TAMANHO: G",Story,2026-03-11T19:10:31.500-0300,2026-03-19T10:40:58.755-0300,WAITING REFINEMENT,IN REFINEMENT,roger.ramos,SQUAD_5,2026-04-28,2026-05-12,
BF3E4-4207,"[SUPPLY CHAIN - 36] Entidade: Data Mestre e Números de Peça (SSOLQ500, SSOLQ501) - TAMANHO: G",Story,2026-03-11T19:10:31.500-0300,2026-03-19T10:40:56.080-0300,Open,WAITING REFINEMENT,roger.ramos,SQUAD_5,2026-04-28,2026-05-12,
BF3E4-4190,[SUPPLY CHAIN - 35] Entidade: Desenhos Calculados por Seção (SSOLQ150) - TAMANHO: P,Story,2026-03-11T19:09:58.283-0300,2026-05-21T11:47:28.090-0300,Waiting Test,Test,igor.simim,SQUAD_5,2026-04-27,2026-05-05,2026-05-15T23:30:00.000-0300
BF3E4-4190,[SUPPLY CHAIN - 35] Entidade: Desenhos Calculados por Seção (SSOLQ150) - TAMANHO: P,Story,2026-03-11T19:09:58.283-0300,2026-05-15T16:42:08.492-0300,IN DEVELOPMENT,Waiting Test,filipe.freitas,SQUAD_5,2026-04-27,2026-05-05,2026-05-15T23:30:00.000-0300
BF3E4-4190,[SUPPLY CHAIN - 35] Entidade: Desenhos Calculados por Seção (SSOLQ150) - TAMANHO: P,Story,2026-03-11T19:09:58.283-0300,2026-05-12T10:01:46.431-0300,To Do,IN DEVELOPMENT,filipe.freitas,SQUAD_5,2026-04-27,2026-05-05,2026-05-15T23:30:00.000-0300
BF3E4-4190,[SUPPLY CHAIN - 35] Entidade: Desenhos Calculados por Seção (SSOLQ150) - TAMANHO: P,Story,2026-03-11T19:09:58.283-0300,2026-05-11T09:29:35.071-0300,Refined,To Do,olivia.diniz,SQUAD_5,2026-04-27,2026-05-05,2026-05-15T23:30:00.000-0300
BF3E4-4190,[SUPPLY CHAIN - 35] Entidade: Desenhos Calculados por Seção (SSOLQ150) - TAMANHO: P,Story,2026-03-11T19:09:58.283-0300,2026-03-19T10:40:49.764-0300,IN REFINEMENT,Refined,roger.ramos,SQUAD_5,2026-04-27,2026-05-05,2026-05-15T23:30:00.000-0300
BF3E4-4190,[SUPPLY CHAIN - 35] Entidade: Desenhos Calculados por Seção (SSOLQ150) - TAMANHO: P,Story,2026-03-11T19:09:58.283-0300,2026-03-19T10:40:46.835-0300,WAITING REFINEMENT,IN REFINEMENT,roger.ramos,SQUAD_5,2026-04-27,2026-05-05,2026-05-15T23:30:00.000-0300
BF3E4-4190,[SUPPLY CHAIN - 35] Entidade: Desenhos Calculados por Seção (SSOLQ150) - TAMANHO: P,Story,2026-03-11T19:09:58.283-0300,2026-03-19T10:40:44.455-0300,Open,WAITING REFINEMENT,roger.ramos,SQUAD_5,2026-04-27,2026-05-05,2026-05-15T23:30:00.000-0300
BF3E4-4175,"[SUPPLY CHAIN - 34] Entidade: Produtos Acabados e Desenhos - Carga Mensal (SSOLQ146, SSOLQ147) - TAMANHO: G",Story,2026-03-11T19:09:32.685-0300,2026-05-20T22:15:19.389-0300,Test,Done,marcio.benetasso,SQUAD_5,2026-04-24,2026-05-06,2026-05-20T23:30:00.000-0300
BF3E4-4175,"[SUPPLY CHAIN - 34] Entidade: Produtos Acabados e Desenhos - Carga Mensal (SSOLQ146, SSOLQ147) - TAMANHO: G",Story,2026-03-11T19:09:32.685-0300,2026-05-14T18:35:27.498-0300,Waiting Test,Test,maite.willig,SQUAD_5,2026-04-24,2026-05-06,2026-05-20T23:30:00.000-0300
BF3E4-4175,"[SUPPLY CHAIN - 34] Entidade: Produtos Acabados e Desenhos - Carga Mensal (SSOLQ146, SSOLQ147) - TAMANHO: G",Story,2026-03-11T19:09:32.685-0300,2026-05-14T18:35:24.753-0300,IN DEVELOPMENT,Waiting Test,maite.willig,SQUAD_5,2026-04-24,2026-05-06,2026-05-20T23:30:00.000-0300
BF3E4-4175,"[SUPPLY CHAIN - 34] Entidade: Produtos Acabados e Desenhos - Carga Mensal (SSOLQ146, SSOLQ147) - TAMANHO: G",Story,2026-03-11T19:09:32.685-0300,2026-05-14T18:35:22.334-0300,To Do,IN DEVELOPMENT,maite.willig,SQUAD_5,2026-04-24,2026-05-06,2026-05-20T23:30:00.000-0300
BF3E4-4175,"[SUPPLY CHAIN - 34] Entidade: Produtos Acabados e Desenhos - Carga Mensal (SSOLQ146, SSOLQ147) - TAMANHO: G",Story,2026-03-11T19:09:32.685-0300,2026-05-14T18:35:20.047-0300,Refined,To Do,maite.willig,SQUAD_5,2026-04-24,2026-05-06,2026-05-20T23:30:00.000-0300
BF3E4-4175,"[SUPPLY CHAIN - 34] Entidade: Produtos Acabados e Desenhos - Carga Mensal (SSOLQ146, SSOLQ147) - TAMANHO: G",Story,2026-03-11T19:09:32.685-0300,2026-05-14T18:35:17.293-0300,IN REFINEMENT,Refined,maite.willig,SQUAD_5,2026-04-24,2026-05-06,2026-05-20T23:30:00.000-0300
BF3E4-4175,"[SUPPLY CHAIN - 34] Entidade: Produtos Acabados e Desenhos - Carga Mensal (SSOLQ146, SSOLQ147) - TAMANHO: G",Story,2026-03-11T19:09:32.685-0300,2026-05-14T18:35:14.265-0300,WAITING REFINEMENT,IN REFINEMENT,maite.willig,SQUAD_5,2026-04-24,2026-05-06,2026-05-20T23:30:00.000-0300
BF3E4-4175,"[SUPPLY CHAIN - 34] Entidade: Produtos Acabados e Desenhos - Carga Mensal (SSOLQ146, SSOLQ147) - TAMANHO: G",Story,2026-03-11T19:09:32.685-0300,2026-05-14T18:35:11.611-0300,Open,WAITING REFINEMENT,maite.willig,SQUAD_5,2026-04-24,2026-05-06,2026-05-20T23:30:00.000-0300
BF3E4-4175,"[SUPPLY CHAIN - 34] Entidade: Produtos Acabados e Desenhos - Carga Mensal (SSOLQ146, SSOLQ147) - TAMANHO: G",Story,2026-03-11T19:09:32.685-0300,2026-05-14T18:35:09.042-0300,Canceled,Open,maite.willig,SQUAD_5,2026-04-24,2026-05-06,2026-05-20T23:30:00.000-0300
BF3E4-4175,"[SUPPLY CHAIN - 34] Entidade: Produtos Acabados e Desenhos - Carga Mensal (SSOLQ146, SSOLQ147) - TAMANHO: G",Story,2026-03-11T19:09:32.685-0300,2026-05-14T18:35:05.743-0300,Done,Canceled,maite.willig,SQUAD_5,2026-04-24,2026-05-06,2026-05-20T23:30:00.000-0300
BF3E4-4175,"[SUPPLY CHAIN - 34] Entidade: Produtos Acabados e Desenhos - Carga Mensal (SSOLQ146, SSOLQ147) - TAMANHO: G",Story,2026-03-11T19:09:32.685-0300,2026-05-14T18:28:27.253-0300,Test,Done,marcio.benetasso,SQUAD_5,2026-04-24,2026-05-06,2026-05-20T23:30:00.000-0300
BF3E4-4175,"[SUPPLY CHAIN - 34] Entidade: Produtos Acabados e Desenhos - Carga Mensal (SSOLQ146, SSOLQ147) - TAMANHO: G",Story,2026-03-11T19:09:32.685-0300,2026-05-14T16:28:45.083-0300,Waiting Test,Test,marcio.benetasso,SQUAD_5,2026-04-24,2026-05-06,2026-05-20T23:30:00.000-0300
BF3E4-4175,"[SUPPLY CHAIN - 34] Entidade: Produtos Acabados e Desenhos - Carga Mensal (SSOLQ146, SSOLQ147) - TAMANHO: G",Story,2026-03-11T19:09:32.685-0300,2026-05-14T12:50:07.341-0300,IN DEVELOPMENT,Waiting Test,filipe.freitas,SQUAD_5,2026-04-24,2026-05-06,2026-05-20T23:30:00.000-0300
BF3E4-4175,"[SUPPLY CHAIN - 34] Entidade: Produtos Acabados e Desenhos - Carga Mensal (SSOLQ146, SSOLQ147) - TAMANHO: G",Story,2026-03-11T19:09:32.685-0300,2026-05-11T13:41:32.854-0300,To Do,IN DEVELOPMENT,olivia.diniz,SQUAD_5,2026-04-24,2026-05-06,2026-05-20T23:30:00.000-0300
BF3E4-4175,"[SUPPLY CHAIN - 34] Entidade: Produtos Acabados e Desenhos - Carga Mensal (SSOLQ146, SSOLQ147) - TAMANHO: G",Story,2026-03-11T19:09:32.685-0300,2026-05-11T13:41:29.709-0300,Refined,To Do,olivia.diniz,SQUAD_5,2026-04-24,2026-05-06,2026-05-20T23:30:00.000-0300
BF3E4-4175,"[SUPPLY CHAIN - 34] Entidade: Produtos Acabados e Desenhos - Carga Mensal (SSOLQ146, SSOLQ147) - TAMANHO: G",Story,2026-03-11T19:09:32.685-0300,2026-05-11T13:41:26.582-0300,IN REFINEMENT,Refined,olivia.diniz,SQUAD_5,2026-04-24,2026-05-06,2026-05-20T23:30:00.000-0300
BF3E4-4155,"[SUPPLY CHAIN - 33] Entidade: Produtos Acabados e Desenhos - Carga Diária (SSOLQ144, SSOLQ145) - TAMANHO: G",Story,2026-03-11T19:09:00.564-0300,2026-05-07T13:53:20.994-0300,Test,Done,marcio.benetasso,SQUAD_5,2026-04-24,2026-05-08,2026-05-07T23:30:00.000-0300
BF3E4-4155,"[SUPPLY CHAIN - 33] Entidade: Produtos Acabados e Desenhos - Carga Diária (SSOLQ144, SSOLQ145) - TAMANHO: G",Story,2026-03-11T19:09:00.564-0300,2026-05-06T19:30:55.636-0300,Waiting Test,Test,marcio.benetasso,SQUAD_5,2026-04-24,2026-05-08,2026-05-07T23:30:00.000-0300
BF3E4-4155,"[SUPPLY CHAIN - 33] Entidade: Produtos Acabados e Desenhos - Carga Diária (SSOLQ144, SSOLQ145) - TAMANHO: G",Story,2026-03-11T19:09:00.564-0300,2026-05-06T13:33:23.928-0300,IN DEVELOPMENT,Waiting Test,filipe.freitas,SQUAD_5,2026-04-24,2026-05-08,2026-05-07T23:30:00.000-0300
BF3E4-4155,"[SUPPLY CHAIN - 33] Entidade: Produtos Acabados e Desenhos - Carga Diária (SSOLQ144, SSOLQ145) - TAMANHO: G",Story,2026-03-11T19:09:00.564-0300,2026-05-01T12:40:56.955-0300,To Do,IN DEVELOPMENT,filipe.freitas,SQUAD_5,2026-04-24,2026-05-08,2026-05-07T23:30:00.000-0300
BF3E4-4155,"[SUPPLY CHAIN - 33] Entidade: Produtos Acabados e Desenhos - Carga Diária (SSOLQ144, SSOLQ145) - TAMANHO: G",Story,2026-03-11T19:09:00.564-0300,2026-05-01T12:40:51.962-0300,Refined,To Do,filipe.freitas,SQUAD_5,2026-04-24,2026-05-08,2026-05-07T23:30:00.000-0300
BF3E4-4155,"[SUPPLY CHAIN - 33] Entidade: Produtos Acabados e Desenhos - Carga Diária (SSOLQ144, SSOLQ145) - TAMANHO: G",Story,2026-03-11T19:09:00.564-0300,2026-03-19T10:40:25.535-0300,IN REFINEMENT,Refined,roger.ramos,SQUAD_5,2026-04-24,2026-05-08,2026-05-07T23:30:00.000-0300
BF3E4-4155,"[SUPPLY CHAIN - 33] Entidade: Produtos Acabados e Desenhos - Carga Diária (SSOLQ144, SSOLQ145) - TAMANHO: G",Story,2026-03-11T19:09:00.564-0300,2026-03-19T10:40:22.573-0300,WAITING REFINEMENT,IN REFINEMENT,roger.ramos,SQUAD_5,2026-04-24,2026-05-08,2026-05-07T23:30:00.000-0300
BF3E4-4155,"[SUPPLY CHAIN - 33] Entidade: Produtos Acabados e Desenhos - Carga Diária (SSOLQ144, SSOLQ145) - TAMANHO: G",Story,2026-03-11T19:09:00.564-0300,2026-03-19T10:40:19.599-0300,Open,WAITING REFINEMENT,roger.ramos,SQUAD_5,2026-04-24,2026-05-08,2026-05-07T23:30:00.000-0300
BF3E4-4148,[SUPPLY CHAIN - 32] Entidade: Consumos S-1 e Necessidades Brutas (SSOLQ134) - TAMANHO: P,Story,2026-03-11T19:08:45.029-0300,2026-05-06T19:17:14.561-0300,Test,Done,marcio.benetasso,SQUAD_5,2026-04-23,2026-04-27,2026-05-10T00:00:00.000-0300
BF3E4-4148,[SUPPLY CHAIN - 32] Entidade: Consumos S-1 e Necessidades Brutas (SSOLQ134) - TAMANHO: P,Story,2026-03-11T19:08:45.029-0300,2026-05-06T16:32:14.754-0300,Waiting Test,Test,marcio.benetasso,SQUAD_5,2026-04-23,2026-04-27,2026-05-10T00:00:00.000-0300
BF3E4-4148,[SUPPLY CHAIN - 32] Entidade: Consumos S-1 e Necessidades Brutas (SSOLQ134) - TAMANHO: P,Story,2026-03-11T19:08:45.029-0300,2026-05-06T09:56:32.934-0300,IN DEVELOPMENT,Waiting Test,luiz.martineli,SQUAD_5,2026-04-23,2026-04-27,2026-05-10T00:00:00.000-0300
BF3E4-4148,[SUPPLY CHAIN - 32] Entidade: Consumos S-1 e Necessidades Brutas (SSOLQ134) - TAMANHO: P,Story,2026-03-11T19:08:45.029-0300,2026-05-05T09:45:20.635-0300,To Do,IN DEVELOPMENT,luiz.martineli,SQUAD_5,2026-04-23,2026-04-27,2026-05-10T00:00:00.000-0300
BF3E4-4148,[SUPPLY CHAIN - 32] Entidade: Consumos S-1 e Necessidades Brutas (SSOLQ134) - TAMANHO: P,Story,2026-03-11T19:08:45.029-0300,2026-05-04T13:21:15.144-0300,Refined,To Do,bruno.teles,SQUAD_5,2026-04-23,2026-04-27,2026-05-10T00:00:00.000-0300
BF3E4-4148,[SUPPLY CHAIN - 32] Entidade: Consumos S-1 e Necessidades Brutas (SSOLQ134) - TAMANHO: P,Story,2026-03-11T19:08:45.029-0300,2026-03-19T10:39:59.929-0300,IN REFINEMENT,Refined,roger.ramos,SQUAD_5,2026-04-23,2026-04-27,2026-05-10T00:00:00.000-0300
BF3E4-4148,[SUPPLY CHAIN - 32] Entidade: Consumos S-1 e Necessidades Brutas (SSOLQ134) - TAMANHO: P,Story,2026-03-11T19:08:45.029-0300,2026-03-19T10:39:56.889-0300,WAITING REFINEMENT,IN REFINEMENT,roger.ramos,SQUAD_5,2026-04-23,2026-04-27,2026-05-10T00:00:00.000-0300
BF3E4-4148,[SUPPLY CHAIN - 32] Entidade: Consumos S-1 e Necessidades Brutas (SSOLQ134) - TAMANHO: P,Story,2026-03-11T19:08:45.029-0300,2026-03-19T10:39:54.145-0300,Open,WAITING REFINEMENT,roger.ramos,SQUAD_5,2026-04-23,2026-04-27,2026-05-10T00:00:00.000-0300
BF3E4-4133,[SUPPLY CHAIN - 30] Entidade: Giro Diário de Consumo de Peças (SSOLQ110) - TAMANHO: M,Story,2026-03-11T19:07:57.449-0300,2026-05-04T13:39:57.585-0300,Test,Done,kenia.braga2,SQUAD_5,2026-04-23,2026-05-04,2026-05-04T23:30:00.000-0300
BF3E4-4133,[SUPPLY CHAIN - 30] Entidade: Giro Diário de Consumo de Peças (SSOLQ110) - TAMANHO: M,Story,2026-03-11T19:07:57.449-0300,2026-05-02T13:36:57.080-0300,Waiting Test,Test,marcio.benetasso,SQUAD_5,2026-04-23,2026-05-04,2026-05-04T23:30:00.000-0300
BF3E4-4133,[SUPPLY CHAIN - 30] Entidade: Giro Diário de Consumo de Peças (SSOLQ110) - TAMANHO: M,Story,2026-03-11T19:07:57.449-0300,2026-04-30T18:45:33.685-0300,IN DEVELOPMENT,Waiting Test,filipe.freitas,SQUAD_5,2026-04-23,2026-05-04,2026-05-04T23:30:00.000-0300
BF3E4-4133,[SUPPLY CHAIN - 30] Entidade: Giro Diário de Consumo de Peças (SSOLQ110) - TAMANHO: M,Story,2026-03-11T19:07:57.449-0300,2026-04-24T16:40:04.172-0300,To Do,IN DEVELOPMENT,filipe.freitas,SQUAD_5,2026-04-23,2026-05-04,2026-05-04T23:30:00.000-0300
BF3E4-4133,[SUPPLY CHAIN - 30] Entidade: Giro Diário de Consumo de Peças (SSOLQ110) - TAMANHO: M,Story,2026-03-11T19:07:57.449-0300,2026-04-24T16:40:00.700-0300,Refined,To Do,filipe.freitas,SQUAD_5,2026-04-23,2026-05-04,2026-05-04T23:30:00.000-0300
BF3E4-4120,"[SUPPLY CHAIN - 29] Entidade: Ordens e Características por Trecho (SSOLQ072, SSOLQ073, SSOLQ077) - TAMANHO: G",Story,2026-03-11T19:07:31.053-0300,2026-04-27T16:08:02.958-0300,Refined,Canceled,bruno.teles,SQUAD_5,2026-04-22,2026-05-05,
BF3E4-4120,"[SUPPLY CHAIN - 29] Entidade: Ordens e Características por Trecho (SSOLQ072, SSOLQ073, SSOLQ077) - TAMANHO: G",Story,2026-03-11T19:07:31.053-0300,2026-03-19T10:39:27.379-0300,IN REFINEMENT,Refined,roger.ramos,SQUAD_5,2026-04-22,2026-05-05,
BF3E4-4120,"[SUPPLY CHAIN - 29] Entidade: Ordens e Características por Trecho (SSOLQ072, SSOLQ073, SSOLQ077) - TAMANHO: G",Story,2026-03-11T19:07:31.053-0300,2026-03-19T10:39:24.809-0300,WAITING REFINEMENT,IN REFINEMENT,roger.ramos,SQUAD_5,2026-04-22,2026-05-05,
BF3E4-4120,"[SUPPLY CHAIN - 29] Entidade: Ordens e Características por Trecho (SSOLQ072, SSOLQ073, SSOLQ077) - TAMANHO: G",Story,2026-03-11T19:07:31.053-0300,2026-03-19T10:39:21.861-0300,Open,WAITING REFINEMENT,roger.ramos,SQUAD_5,2026-04-22,2026-05-05,
BF3E4-4112,[SUPPLY CHAIN - 28] Entidade: Cadastro de Desenhos por Estabelecimento (SSOLQ068) - TAMANHO: M,Story,2026-03-11T19:07:15.780-0300,2026-05-05T14:42:38.695-0300,Test,Done,marcio.benetasso,SQUAD_5,2026-04-22,2026-04-27,2026-05-04T23:30:00.000-0300
BF3E4-4112,[SUPPLY CHAIN - 28] Entidade: Cadastro de Desenhos por Estabelecimento (SSOLQ068) - TAMANHO: M,Story,2026-03-11T19:07:15.780-0300,2026-05-04T18:16:29.998-0300,Waiting Test,Test,marcio.benetasso,SQUAD_5,2026-04-22,2026-04-27,2026-05-04T23:30:00.000-0300
BF3E4-4112,[SUPPLY CHAIN - 28] Entidade: Cadastro de Desenhos por Estabelecimento (SSOLQ068) - TAMANHO: M,Story,2026-03-11T19:07:15.780-0300,2026-05-04T18:06:09.048-0300,IN DEVELOPMENT,Waiting Test,luiz.martineli,SQUAD_5,2026-04-22,2026-04-27,2026-05-04T23:30:00.000-0300
BF3E4-4112,[SUPPLY CHAIN - 28] Entidade: Cadastro de Desenhos por Estabelecimento (SSOLQ068) - TAMANHO: M,Story,2026-03-11T19:07:15.780-0300,2026-04-28T16:05:39.977-0300,To Do,IN DEVELOPMENT,luiz.martineli,SQUAD_5,2026-04-22,2026-04-27,2026-05-04T23:30:00.000-0300
BF3E4-4112,[SUPPLY CHAIN - 28] Entidade: Cadastro de Desenhos por Estabelecimento (SSOLQ068) - TAMANHO: M,Story,2026-03-11T19:07:15.780-0300,2026-04-28T16:05:36.894-0300,Refined,To Do,luiz.martineli,SQUAD_5,2026-04-22,2026-04-27,2026-05-04T23:30:00.000-0300
BF3E4-4112,[SUPPLY CHAIN - 28] Entidade: Cadastro de Desenhos por Estabelecimento (SSOLQ068) - TAMANHO: M,Story,2026-03-11T19:07:15.780-0300,2026-03-19T10:39:12.138-0300,IN REFINEMENT,Refined,roger.ramos,SQUAD_5,2026-04-22,2026-04-27,2026-05-04T23:30:00.000-0300
BF3E4-4112,[SUPPLY CHAIN - 28] Entidade: Cadastro de Desenhos por Estabelecimento (SSOLQ068) - TAMANHO: M,Story,2026-03-11T19:07:15.780-0300,2026-03-19T10:39:09.285-0300,WAITING REFINEMENT,IN REFINEMENT,roger.ramos,SQUAD_5,2026-04-22,2026-04-27,2026-05-04T23:30:00.000-0300
BF3E4-4112,[SUPPLY CHAIN - 28] Entidade: Cadastro de Desenhos por Estabelecimento (SSOLQ068) - TAMANHO: M,Story,2026-03-11T19:07:15.780-0300,2026-03-19T10:39:06.409-0300,Open,WAITING REFINEMENT,roger.ramos,SQUAD_5,2026-04-22,2026-04-27,2026-05-04T23:30:00.000-0300
BF3E4-4098,"[SUPPLY CHAIN - 27] Entidade: Cadastros Eventuais e Anagrafica (SSOLQ057, SSOLQ060, SSDCE001) - TAMANHO: G",Story,2026-03-11T19:06:48.729-0300,2026-04-27T16:04:24.427-0300,Refined,Canceled,bruno.teles,SQUAD_5,2026-04-22,2026-05-05,
BF3E4-4098,"[SUPPLY CHAIN - 27] Entidade: Cadastros Eventuais e Anagrafica (SSOLQ057, SSOLQ060, SSDCE001) - TAMANHO: G",Story,2026-03-11T19:06:48.729-0300,2026-03-19T10:38:59.568-0300,IN REFINEMENT,Refined,roger.ramos,SQUAD_5,2026-04-22,2026-05-05,
BF3E4-4098,"[SUPPLY CHAIN - 27] Entidade: Cadastros Eventuais e Anagrafica (SSOLQ057, SSOLQ060, SSDCE001) - TAMANHO: G",Story,2026-03-11T19:06:48.729-0300,2026-03-19T10:38:57.158-0300,WAITING REFINEMENT,IN REFINEMENT,roger.ramos,SQUAD_5,2026-04-22,2026-05-05,
BF3E4-4098,"[SUPPLY CHAIN - 27] Entidade: Cadastros Eventuais e Anagrafica (SSOLQ057, SSOLQ060, SSDCE001) - TAMANHO: G",Story,2026-03-11T19:06:48.729-0300,2026-03-19T10:38:54.609-0300,Open,WAITING REFINEMENT,roger.ramos,SQUAD_5,2026-04-22,2026-05-05,
BF3E4-4091,[SUPPLY CHAIN - 26] Entidade: Estado dos Conjuntos (SSOLQ051) - TAMANHO: P,Story,2026-03-11T19:06:34.232-0300,2026-05-05T17:32:56.081-0300,Test,Done,marcio.benetasso,SQUAD_5,2026-04-20,2026-04-23,2026-05-04T23:30:00.000-0300
BF3E4-4091,[SUPPLY CHAIN - 26] Entidade: Estado dos Conjuntos (SSOLQ051) - TAMANHO: P,Story,2026-03-11T19:06:34.232-0300,2026-05-05T15:08:12.262-0300,Waiting Test,Test,marcio.benetasso,SQUAD_5,2026-04-20,2026-04-23,2026-05-04T23:30:00.000-0300
BF3E4-4091,[SUPPLY CHAIN - 26] Entidade: Estado dos Conjuntos (SSOLQ051) - TAMANHO: P,Story,2026-03-11T19:06:34.232-0300,2026-05-04T17:02:57.982-0300,IN DEVELOPMENT,Waiting Test,luiz.martineli,SQUAD_5,2026-04-20,2026-04-23,2026-05-04T23:30:00.000-0300
BF3E4-4091,[SUPPLY CHAIN - 26] Entidade: Estado dos Conjuntos (SSOLQ051) - TAMANHO: P,Story,2026-03-11T19:06:34.232-0300,2026-04-24T10:02:15.494-0300,To Do,IN DEVELOPMENT,luiz.martineli,SQUAD_5,2026-04-20,2026-04-23,2026-05-04T23:30:00.000-0300
BF3E4-4091,[SUPPLY CHAIN - 26] Entidade: Estado dos Conjuntos (SSOLQ051) - TAMANHO: P,Story,2026-03-11T19:06:34.232-0300,2026-04-24T10:02:13.040-0300,Refined,To Do,luiz.martineli,SQUAD_5,2026-04-20,2026-04-23,2026-05-04T23:30:00.000-0300
BF3E4-4091,[SUPPLY CHAIN - 26] Entidade: Estado dos Conjuntos (SSOLQ051) - TAMANHO: P,Story,2026-03-11T19:06:34.232-0300,2026-03-19T10:38:28.123-0300,IN REFINEMENT,Refined,roger.ramos,SQUAD_5,2026-04-20,2026-04-23,2026-05-04T23:30:00.000-0300
BF3E4-4091,[SUPPLY CHAIN - 26] Entidade: Estado dos Conjuntos (SSOLQ051) - TAMANHO: P,Story,2026-03-11T19:06:34.232-0300,2026-03-19T10:38:24.970-0300,WAITING REFINEMENT,IN REFINEMENT,roger.ramos,SQUAD_5,2026-04-20,2026-04-23,2026-05-04T23:30:00.000-0300
BF3E4-4091,[SUPPLY CHAIN - 26] Entidade: Estado dos Conjuntos (SSOLQ051) - TAMANHO: P,Story,2026-03-11T19:06:34.232-0300,2026-03-19T10:38:20.094-0300,Open,WAITING REFINEMENT,roger.ramos,SQUAD_5,2026-04-20,2026-04-23,2026-05-04T23:30:00.000-0300
BF3E4-4078,[SUPPLY CHAIN - 25] Entidade: Troca de Locação - TAMANHO: G,Story,2026-03-11T19:06:07.376-0300,2026-05-20T11:18:14.105-0300,Refined,Canceled,olivia.diniz,SQUAD_5,2026-04-15,2026-04-27,
BF3E4-4078,[SUPPLY CHAIN - 25] Entidade: Troca de Locação - TAMANHO: G,Story,2026-03-11T19:06:07.376-0300,2026-03-19T10:38:08.590-0300,IN REFINEMENT,Refined,roger.ramos,SQUAD_5,2026-04-15,2026-04-27,
BF3E4-4078,[SUPPLY CHAIN - 25] Entidade: Troca de Locação - TAMANHO: G,Story,2026-03-11T19:06:07.376-0300,2026-03-19T10:38:05.004-0300,WAITING REFINEMENT,IN REFINEMENT,roger.ramos,SQUAD_5,2026-04-15,2026-04-27,
BF3E4-4078,[SUPPLY CHAIN - 25] Entidade: Troca de Locação - TAMANHO: G,Story,2026-03-11T19:06:07.376-0300,2026-03-19T10:38:00.342-0300,Open,WAITING REFINEMENT,roger.ramos,SQUAD_5,2026-04-15,2026-04-27,
BF3E4-4065,[SUPPLY CHAIN - 24] Entidade: QRCode e Repicking - TAMANHO: G,Story,2026-03-11T19:05:44.200-0300,2026-05-23T13:18:23.396-0300,Test,Done,marcio.benetasso,SQUAD_5,2026-04-14,2026-04-24,2026-05-22T23:30:00.000-0300
BF3E4-4065,[SUPPLY CHAIN - 24] Entidade: QRCode e Repicking - TAMANHO: G,Story,2026-03-11T19:05:44.200-0300,2026-05-20T22:33:17.879-0300,Waiting Test,Test,marcio.benetasso,SQUAD_5,2026-04-14,2026-04-24,2026-05-22T23:30:00.000-0300
BF3E4-4065,[SUPPLY CHAIN - 24] Entidade: QRCode e Repicking - TAMANHO: G,Story,2026-03-11T19:05:44.200-0300,2026-05-15T15:14:37.673-0300,IN DEVELOPMENT,Waiting Test,mylena.nunes,SQUAD_5,2026-04-14,2026-04-24,2026-05-22T23:30:00.000-0300
BF3E4-4065,[SUPPLY CHAIN - 24] Entidade: QRCode e Repicking - TAMANHO: G,Story,2026-03-11T19:05:44.200-0300,2026-05-11T10:12:52.577-0300,To Do,IN DEVELOPMENT,mylena.nunes,SQUAD_5,2026-04-14,2026-04-24,2026-05-22T23:30:00.000-0300
BF3E4-4065,[SUPPLY CHAIN - 24] Entidade: QRCode e Repicking - TAMANHO: G,Story,2026-03-11T19:05:44.200-0300,2026-05-11T09:31:41.055-0300,Refined,To Do,olivia.diniz,SQUAD_5,2026-04-14,2026-04-24,2026-05-22T23:30:00.000-0300
BF3E4-4056,[SUPPLY CHAIN - 23] Entidade: Volumes de Expedição - TAMANHO: M,Story,2026-03-11T19:05:29.494-0300,2026-04-27T15:51:10.125-0300,IN DEVELOPMENT,Canceled,bruno.teles,SQUAD_5,2026-04-14,2026-04-17,
BF3E4-4056,[SUPPLY CHAIN - 23] Entidade: Volumes de Expedição - TAMANHO: M,Story,2026-03-11T19:05:29.494-0300,2026-04-17T11:38:37.524-0300,To Do,IN DEVELOPMENT,bruno.teles,SQUAD_5,2026-04-14,2026-04-17,
BF3E4-4056,[SUPPLY CHAIN - 23] Entidade: Volumes de Expedição - TAMANHO: M,Story,2026-03-11T19:05:29.494-0300,2026-04-17T11:38:33.195-0300,Refined,To Do,bruno.teles,SQUAD_5,2026-04-14,2026-04-17,
BF3E4-4056,[SUPPLY CHAIN - 23] Entidade: Volumes de Expedição - TAMANHO: M,Story,2026-03-11T19:05:29.494-0300,2026-03-19T10:37:35.716-0300,IN REFINEMENT,Refined,roger.ramos,SQUAD_5,2026-04-14,2026-04-17,
BF3E4-4056,[SUPPLY CHAIN - 23] Entidade: Volumes de Expedição - TAMANHO: M,Story,2026-03-11T19:05:29.494-0300,2026-03-19T10:37:32.830-0300,WAITING REFINEMENT,IN REFINEMENT,roger.ramos,SQUAD_5,2026-04-14,2026-04-17,
BF3E4-4056,[SUPPLY CHAIN - 23] Entidade: Volumes de Expedição - TAMANHO: M,Story,2026-03-11T19:05:29.494-0300,2026-03-19T10:37:29.648-0300,Open,WAITING REFINEMENT,roger.ramos,SQUAD_5,2026-04-14,2026-04-17,
BF3E4-4042,[SUPPLY CHAIN - 22] Entidade: Conferência Física e MDR Part Number - TAMANHO: G,Story,2026-03-11T19:05:04.091-0300,2026-04-27T15:56:05.760-0300,Refined,Canceled,bruno.teles,SQUAD_5,2026-04-10,2026-04-22,
BF3E4-4042,[SUPPLY CHAIN - 22] Entidade: Conferência Física e MDR Part Number - TAMANHO: G,Story,2026-03-11T19:05:04.091-0300,2026-03-19T10:37:22.383-0300,IN REFINEMENT,Refined,roger.ramos,SQUAD_5,2026-04-10,2026-04-22,
BF3E4-4042,[SUPPLY CHAIN - 22] Entidade: Conferência Física e MDR Part Number - TAMANHO: G,Story,2026-03-11T19:05:04.091-0300,2026-03-19T10:37:19.677-0300,WAITING REFINEMENT,IN REFINEMENT,roger.ramos,SQUAD_5,2026-04-10,2026-04-22,
BF3E4-4042,[SUPPLY CHAIN - 22] Entidade: Conferência Física e MDR Part Number - TAMANHO: G,Story,2026-03-11T19:05:04.091-0300,2026-03-19T10:37:16.688-0300,Open,WAITING REFINEMENT,roger.ramos,SQUAD_5,2026-04-10,2026-04-22,
BF3E4-4029,[SUPPLY CHAIN - 21] Entidade: Recebimento e Transmissões - TAMANHO: G,Story,2026-03-11T19:04:40.988-0300,2026-04-27T15:54:32.701-0300,IN DEVELOPMENT,Canceled,bruno.teles,SQUAD_5,2026-04-10,2026-04-22,
BF3E4-4029,[SUPPLY CHAIN - 21] Entidade: Recebimento e Transmissões - TAMANHO: G,Story,2026-03-11T19:04:40.988-0300,2026-04-23T09:32:28.300-0300,To Do,IN DEVELOPMENT,marconi.sousa,SQUAD_5,2026-04-10,2026-04-22,
BF3E4-4029,[SUPPLY CHAIN - 21] Entidade: Recebimento e Transmissões - TAMANHO: G,Story,2026-03-11T19:04:40.988-0300,2026-04-23T09:32:21.862-0300,Refined,To Do,marconi.sousa,SQUAD_5,2026-04-10,2026-04-22,
BF3E4-4029,[SUPPLY CHAIN - 21] Entidade: Recebimento e Transmissões - TAMANHO: G,Story,2026-03-11T19:04:40.988-0300,2026-03-19T10:37:08.400-0300,IN REFINEMENT,Refined,roger.ramos,SQUAD_5,2026-04-10,2026-04-22,
BF3E4-4029,[SUPPLY CHAIN - 21] Entidade: Recebimento e Transmissões - TAMANHO: G,Story,2026-03-11T19:04:40.988-0300,2026-03-19T10:37:05.729-0300,WAITING REFINEMENT,IN REFINEMENT,roger.ramos,SQUAD_5,2026-04-10,2026-04-22,
BF3E4-4029,[SUPPLY CHAIN - 21] Entidade: Recebimento e Transmissões - TAMANHO: G,Story,2026-03-11T19:04:40.988-0300,2026-03-19T10:37:02.941-0300,Open,WAITING REFINEMENT,roger.ramos,SQUAD_5,2026-04-10,2026-04-22,
BF3E4-4016,[SUPPLY CHAIN - 20] Entidade: Inventário - Itens e Leituras - TAMANHO: G,Story,2026-03-11T19:04:15.502-0300,2026-05-19T15:12:09.402-0300,Test,Done,igor.simim,SQUAD_5,2026-04-09,2026-04-20,2026-05-16T23:30:00.000-0300
BF3E4-4016,[SUPPLY CHAIN - 20] Entidade: Inventário - Itens e Leituras - TAMANHO: G,Story,2026-03-11T19:04:15.502-0300,2026-05-19T10:42:15.645-0300,Waiting Test,Test,igor.simim,SQUAD_5,2026-04-09,2026-04-20,2026-05-16T23:30:00.000-0300
BF3E4-4016,[SUPPLY CHAIN - 20] Entidade: Inventário - Itens e Leituras - TAMANHO: G,Story,2026-03-11T19:04:15.502-0300,2026-05-14T18:19:32.827-0300,IN DEVELOPMENT,Waiting Test,luiz.martineli,SQUAD_5,2026-04-09,2026-04-20,2026-05-16T23:30:00.000-0300
BF3E4-4016,[SUPPLY CHAIN - 20] Entidade: Inventário - Itens e Leituras - TAMANHO: G,Story,2026-03-11T19:04:15.502-0300,2026-05-11T12:16:50.145-0300,To Do,IN DEVELOPMENT,luiz.martineli,SQUAD_5,2026-04-09,2026-04-20,2026-05-16T23:30:00.000-0300
BF3E4-4016,[SUPPLY CHAIN - 20] Entidade: Inventário - Itens e Leituras - TAMANHO: G,Story,2026-03-11T19:04:15.502-0300,2026-05-11T09:30:44.486-0300,Refined,To Do,olivia.diniz,SQUAD_5,2026-04-09,2026-04-20,2026-05-16T23:30:00.000-0300
BF3E4-4002,[SUPPLY CHAIN - 19] Entidade: Inventário - Cabeçalho e Lotes - TAMANHO: G,Story,2026-03-11T19:03:47.986-0300,2026-05-18T19:45:56.974-0300,Test,Done,igor.simim,SQUAD_5,2026-04-09,2026-04-20,2026-05-15T14:00:00.000-0300
BF3E4-4002,[SUPPLY CHAIN - 19] Entidade: Inventário - Cabeçalho e Lotes - TAMANHO: G,Story,2026-03-11T19:03:47.986-0300,2026-05-18T15:18:20.616-0300,Waiting Test,Test,igor.simim,SQUAD_5,2026-04-09,2026-04-20,2026-05-15T14:00:00.000-0300
BF3E4-4002,[SUPPLY CHAIN - 19] Entidade: Inventário - Cabeçalho e Lotes - TAMANHO: G,Story,2026-03-11T19:03:47.986-0300,2026-05-15T15:34:36.588-0300,IN DEVELOPMENT,Waiting Test,bruno.teles,SQUAD_5,2026-04-09,2026-04-20,2026-05-15T14:00:00.000-0300
BF3E4-4002,[SUPPLY CHAIN - 19] Entidade: Inventário - Cabeçalho e Lotes - TAMANHO: G,Story,2026-03-11T19:03:47.986-0300,2026-05-06T17:00:52.028-0300,To Do,IN DEVELOPMENT,luiz.martineli,SQUAD_5,2026-04-09,2026-04-20,2026-05-15T14:00:00.000-0300
BF3E4-4002,[SUPPLY CHAIN - 19] Entidade: Inventário - Cabeçalho e Lotes - TAMANHO: G,Story,2026-03-11T19:03:47.986-0300,2026-05-06T17:00:48.512-0300,Refined,To Do,luiz.martineli,SQUAD_5,2026-04-09,2026-04-20,2026-05-15T14:00:00.000-0300
BF3E4-3986,[SUPPLY CHAIN - 18] Entidade: Pedidos Logísticos e Itens - TAMANHO: G,Story,2026-03-11T19:03:21.954-0300,2026-05-19T17:47:12.610-0300,IN DEVELOPMENT,Waiting Test,joao.figueira,SQUAD_5,2026-04-09,2026-04-23,2026-05-24T23:30:00.000-0300
BF3E4-3986,[SUPPLY CHAIN - 18] Entidade: Pedidos Logísticos e Itens - TAMANHO: G,Story,2026-03-11T19:03:21.954-0300,2026-05-18T17:22:06.033-0300,To Do,IN DEVELOPMENT,joao.figueira,SQUAD_5,2026-04-09,2026-04-23,2026-05-24T23:30:00.000-0300
BF3E4-3986,[SUPPLY CHAIN - 18] Entidade: Pedidos Logísticos e Itens - TAMANHO: G,Story,2026-03-11T19:03:21.954-0300,2026-05-11T09:41:40.136-0300,Refined,To Do,bruno.teles,SQUAD_5,2026-04-09,2026-04-23,2026-05-24T23:30:00.000-0300
BF3E4-3971,[SUPPLY CHAIN - 17] Entidade: Rotas e Destinos Logísticos - TAMANHO: G,Story,2026-03-11T19:02:50.681-0300,2026-05-15T15:29:07.564-0300,IN DEVELOPMENT,Canceled,bruno.teles,SQUAD_5,2026-04-08,2026-04-22,2026-05-15T23:30:00.000-0300
BF3E4-3971,[SUPPLY CHAIN - 17] Entidade: Rotas e Destinos Logísticos - TAMANHO: G,Story,2026-03-11T19:02:50.681-0300,2026-04-16T09:41:36.745-0300,To Do,IN DEVELOPMENT,marconi.sousa,SQUAD_5,2026-04-08,2026-04-22,2026-05-15T23:30:00.000-0300
BF3E4-3971,[SUPPLY CHAIN - 17] Entidade: Rotas e Destinos Logísticos - TAMANHO: G,Story,2026-03-11T19:02:50.681-0300,2026-04-14T17:23:40.294-0300,Refined,To Do,bruno.teles,SQUAD_5,2026-04-08,2026-04-22,2026-05-15T23:30:00.000-0300
BF3E4-3957,[SUPPLY CHAIN - 16] Entidade: Tabelas Auxiliares e Views Complementares - TAMANHO: G,Story,2026-03-11T19:02:20.456-0300,2026-05-23T14:47:35.641-0300,Waiting Test,Test,jefferson.souza4,SQUAD_5,2026-04-08,2026-04-20,2026-05-15T12:00:00.000-0300
BF3E4-3957,[SUPPLY CHAIN - 16] Entidade: Tabelas Auxiliares e Views Complementares - TAMANHO: G,Story,2026-03-11T19:02:20.456-0300,2026-05-15T12:02:17.264-0300,IN DEVELOPMENT,Waiting Test,icaro.coelho,SQUAD_5,2026-04-08,2026-04-20,2026-05-15T12:00:00.000-0300
BF3E4-3942,[SUPPLY CHAIN - 15] Entidade: Estoque por Desenho - Parte 4: FIRE e Mecânica - TAMANHO: M,Story,2026-03-11T19:01:48.846-0300,2026-05-01T17:10:17.811-0300,Test,Done,natanael.rabelo,SQUAD_5,2026-04-08,2026-04-13,2026-05-01T22:30:00.000-0300
BF3E4-3942,[SUPPLY CHAIN - 15] Entidade: Estoque por Desenho - Parte 4: FIRE e Mecânica - TAMANHO: M,Story,2026-03-11T19:01:48.846-0300,2026-04-30T12:09:22.464-0300,Waiting Test,Test,natanael.rabelo,SQUAD_5,2026-04-08,2026-04-13,2026-05-01T22:30:00.000-0300
BF3E4-3942,[SUPPLY CHAIN - 15] Entidade: Estoque por Desenho - Parte 4: FIRE e Mecânica - TAMANHO: M,Story,2026-03-11T19:01:48.846-0300,2026-04-23T16:12:51.691-0300,In Code Review,Waiting Test,filipe.freitas,SQUAD_5,2026-04-08,2026-04-13,2026-05-01T22:30:00.000-0300
BF3E4-3942,[SUPPLY CHAIN - 15] Entidade: Estoque por Desenho - Parte 4: FIRE e Mecânica - TAMANHO: M,Story,2026-03-11T19:01:48.846-0300,2026-04-23T16:12:47.946-0300,WAITING CODE REVIEW,In Code Review,filipe.freitas,SQUAD_5,2026-04-08,2026-04-13,2026-05-01T22:30:00.000-0300
BF3E4-3942,[SUPPLY CHAIN - 15] Entidade: Estoque por Desenho - Parte 4: FIRE e Mecânica - TAMANHO: M,Story,2026-03-11T19:01:48.846-0300,2026-04-23T16:12:40.061-0300,IN DEVELOPMENT,WAITING CODE REVIEW,filipe.freitas,SQUAD_5,2026-04-08,2026-04-13,2026-05-01T22:30:00.000-0300
BF3E4-3942,[SUPPLY CHAIN - 15] Entidade: Estoque por Desenho - Parte 4: FIRE e Mecânica - TAMANHO: M,Story,2026-03-11T19:01:48.846-0300,2026-04-16T10:11:42.875-0300,To Do,IN DEVELOPMENT,kenia.braga2,SQUAD_5,2026-04-08,2026-04-13,2026-05-01T22:30:00.000-0300
BF3E4-3942,[SUPPLY CHAIN - 15] Entidade: Estoque por Desenho - Parte 4: FIRE e Mecânica - TAMANHO: M,Story,2026-03-11T19:01:48.846-0300,2026-04-14T13:24:57.224-0300,Refined,To Do,bruno.teles,SQUAD_5,2026-04-08,2026-04-13,2026-05-01T22:30:00.000-0300
BF3E4-3942,[SUPPLY CHAIN - 15] Entidade: Estoque por Desenho - Parte 4: FIRE e Mecânica - TAMANHO: M,Story,2026-03-11T19:01:48.846-0300,2026-03-19T10:34:06.673-0300,IN REFINEMENT,Refined,roger.ramos,SQUAD_5,2026-04-08,2026-04-13,2026-05-01T22:30:00.000-0300
BF3E4-3942,[SUPPLY CHAIN - 15] Entidade: Estoque por Desenho - Parte 4: FIRE e Mecânica - TAMANHO: M,Story,2026-03-11T19:01:48.846-0300,2026-03-19T10:33:55.710-0300,WAITING REFINEMENT,IN REFINEMENT,roger.ramos,SQUAD_5,2026-04-08,2026-04-13,2026-05-01T22:30:00.000-0300
BF3E4-3942,[SUPPLY CHAIN - 15] Entidade: Estoque por Desenho - Parte 4: FIRE e Mecânica - TAMANHO: M,Story,2026-03-11T19:01:48.846-0300,2026-03-19T10:33:52.110-0300,Open,WAITING REFINEMENT,roger.ramos,SQUAD_5,2026-04-08,2026-04-13,2026-05-01T22:30:00.000-0300
BF3E4-3935,[SUPPLY CHAIN - 14] Entidade: Estoque por Desenho - Parte 3: FAASA Histórico e Current - TAMANHO: M,Story,2026-03-11T19:01:35.129-0300,2026-04-29T16:06:51.160-0300,Test,Done,natanael.rabelo,SQUAD_5,2026-04-08,2026-04-09,2026-04-29T23:30:00.000-0300
BF3E4-3935,[SUPPLY CHAIN - 14] Entidade: Estoque por Desenho - Parte 3: FAASA Histórico e Current - TAMANHO: M,Story,2026-03-11T19:01:35.129-0300,2026-04-28T14:48:25.019-0300,Waiting Test,Test,natanael.rabelo,SQUAD_5,2026-04-08,2026-04-09,2026-04-29T23:30:00.000-0300
BF3E4-3935,[SUPPLY CHAIN - 14] Entidade: Estoque por Desenho - Parte 3: FAASA Histórico e Current - TAMANHO: M,Story,2026-03-11T19:01:35.129-0300,2026-04-20T18:30:24.168-0300,In Code Review,Waiting Test,filipe.freitas,SQUAD_5,2026-04-08,2026-04-09,2026-04-29T23:30:00.000-0300
BF3E4-3935,[SUPPLY CHAIN - 14] Entidade: Estoque por Desenho - Parte 3: FAASA Histórico e Current - TAMANHO: M,Story,2026-03-11T19:01:35.129-0300,2026-04-20T18:30:21.541-0300,WAITING CODE REVIEW,In Code Review,filipe.freitas,SQUAD_5,2026-04-08,2026-04-09,2026-04-29T23:30:00.000-0300
BF3E4-3935,[SUPPLY CHAIN - 14] Entidade: Estoque por Desenho - Parte 3: FAASA Histórico e Current - TAMANHO: M,Story,2026-03-11T19:01:35.129-0300,2026-04-20T18:30:18.732-0300,IN DEVELOPMENT,WAITING CODE REVIEW,filipe.freitas,SQUAD_5,2026-04-08,2026-04-09,2026-04-29T23:30:00.000-0300
BF3E4-3935,[SUPPLY CHAIN - 14] Entidade: Estoque por Desenho - Parte 3: FAASA Histórico e Current - TAMANHO: M,Story,2026-03-11T19:01:35.129-0300,2026-04-15T10:50:38.144-0300,To Do,IN DEVELOPMENT,filipe.freitas,SQUAD_5,2026-04-08,2026-04-09,2026-04-29T23:30:00.000-0300
BF3E4-3935,[SUPPLY CHAIN - 14] Entidade: Estoque por Desenho - Parte 3: FAASA Histórico e Current - TAMANHO: M,Story,2026-03-11T19:01:35.129-0300,2026-04-14T13:24:54.720-0300,Refined,To Do,bruno.teles,SQUAD_5,2026-04-08,2026-04-09,2026-04-29T23:30:00.000-0300
BF3E4-3935,[SUPPLY CHAIN - 14] Entidade: Estoque por Desenho - Parte 3: FAASA Histórico e Current - TAMANHO: M,Story,2026-03-11T19:01:35.129-0300,2026-03-19T10:33:09.466-0300,IN REFINEMENT,Refined,roger.ramos,SQUAD_5,2026-04-08,2026-04-09,2026-04-29T23:30:00.000-0300
BF3E4-3935,[SUPPLY CHAIN - 14] Entidade: Estoque por Desenho - Parte 3: FAASA Histórico e Current - TAMANHO: M,Story,2026-03-11T19:01:35.129-0300,2026-03-19T10:33:07.342-0300,WAITING REFINEMENT,IN REFINEMENT,roger.ramos,SQUAD_5,2026-04-08,2026-04-09,2026-04-29T23:30:00.000-0300
BF3E4-3935,[SUPPLY CHAIN - 14] Entidade: Estoque por Desenho - Parte 3: FAASA Histórico e Current - TAMANHO: M,Story,2026-03-11T19:01:35.129-0300,2026-03-19T10:33:03.995-0300,Open,WAITING REFINEMENT,roger.ramos,SQUAD_5,2026-04-08,2026-04-09,2026-04-29T23:30:00.000-0300
BF3E4-3928,[SUPPLY CHAIN - 13] Entidade: Estoque por Desenho - Parte 2: FIAPE Histórico e Current - TAMANHO: M,Story,2026-03-11T19:01:16.036-0300,2026-05-04T16:06:17.044-0300,Test,Done,marcio.benetasso,SQUAD_5,2026-04-07,2026-04-08,2026-05-04T23:30:00.000-0300
BF3E4-3928,[SUPPLY CHAIN - 13] Entidade: Estoque por Desenho - Parte 2: FIAPE Histórico e Current - TAMANHO: M,Story,2026-03-11T19:01:16.036-0300,2026-05-01T13:11:10.255-0300,Waiting Test,Test,marcio.benetasso,SQUAD_5,2026-04-07,2026-04-08,2026-05-04T23:30:00.000-0300
BF3E4-3928,[SUPPLY CHAIN - 13] Entidade: Estoque por Desenho - Parte 2: FIAPE Histórico e Current - TAMANHO: M,Story,2026-03-11T19:01:16.036-0300,2026-04-22T09:52:02.637-0300,In Code Review,Waiting Test,joao.bosco2,SQUAD_5,2026-04-07,2026-04-08,2026-05-04T23:30:00.000-0300
BF3E4-3928,[SUPPLY CHAIN - 13] Entidade: Estoque por Desenho - Parte 2: FIAPE Histórico e Current - TAMANHO: M,Story,2026-03-11T19:01:16.036-0300,2026-04-22T09:51:59.944-0300,WAITING CODE REVIEW,In Code Review,joao.bosco2,SQUAD_5,2026-04-07,2026-04-08,2026-05-04T23:30:00.000-0300
BF3E4-3928,[SUPPLY CHAIN - 13] Entidade: Estoque por Desenho - Parte 2: FIAPE Histórico e Current - TAMANHO: M,Story,2026-03-11T19:01:16.036-0300,2026-04-22T09:51:48.431-0300,IN DEVELOPMENT,WAITING CODE REVIEW,joao.bosco2,SQUAD_5,2026-04-07,2026-04-08,2026-05-04T23:30:00.000-0300
BF3E4-3928,[SUPPLY CHAIN - 13] Entidade: Estoque por Desenho - Parte 2: FIAPE Histórico e Current - TAMANHO: M,Story,2026-03-11T19:01:16.036-0300,2026-04-15T10:03:56.397-0300,To Do,IN DEVELOPMENT,bruno.teles,SQUAD_5,2026-04-07,2026-04-08,2026-05-04T23:30:00.000-0300
BF3E4-3928,[SUPPLY CHAIN - 13] Entidade: Estoque por Desenho - Parte 2: FIAPE Histórico e Current - TAMANHO: M,Story,2026-03-11T19:01:16.036-0300,2026-04-14T13:24:52.278-0300,Refined,To Do,bruno.teles,SQUAD_5,2026-04-07,2026-04-08,2026-05-04T23:30:00.000-0300
BF3E4-3920,[SUPPLY CHAIN - 12] Entidade: Estoque por Desenho - Parte 1: FIASA Histórico e Current - TAMANHO: M,Story,2026-03-11T19:01:00.185-0300,2026-04-30T16:35:20.924-0300,Test,Done,marcio.benetasso,SQUAD_5,2026-04-06,2026-04-09,2026-04-30T23:30:00.000-0300
BF3E4-3920,[SUPPLY CHAIN - 12] Entidade: Estoque por Desenho - Parte 1: FIASA Histórico e Current - TAMANHO: M,Story,2026-03-11T19:01:00.185-0300,2026-04-29T12:53:40.043-0300,Waiting Test,Test,marcio.benetasso,SQUAD_5,2026-04-06,2026-04-09,2026-04-30T23:30:00.000-0300
BF3E4-3920,[SUPPLY CHAIN - 12] Entidade: Estoque por Desenho - Parte 1: FIASA Histórico e Current - TAMANHO: M,Story,2026-03-11T19:01:00.185-0300,2026-04-22T09:53:12.110-0300,In Code Review,Waiting Test,luiz.martineli,SQUAD_5,2026-04-06,2026-04-09,2026-04-30T23:30:00.000-0300
BF3E4-3920,[SUPPLY CHAIN - 12] Entidade: Estoque por Desenho - Parte 1: FIASA Histórico e Current - TAMANHO: M,Story,2026-03-11T19:01:00.185-0300,2026-04-22T09:53:09.385-0300,WAITING CODE REVIEW,In Code Review,luiz.martineli,SQUAD_5,2026-04-06,2026-04-09,2026-04-30T23:30:00.000-0300
BF3E4-3920,[SUPPLY CHAIN - 12] Entidade: Estoque por Desenho - Parte 1: FIASA Histórico e Current - TAMANHO: M,Story,2026-03-11T19:01:00.185-0300,2026-04-22T09:52:50.029-0300,IN DEVELOPMENT,WAITING CODE REVIEW,luiz.martineli,SQUAD_5,2026-04-06,2026-04-09,2026-04-30T23:30:00.000-0300
BF3E4-3920,[SUPPLY CHAIN - 12] Entidade: Estoque por Desenho - Parte 1: FIASA Histórico e Current - TAMANHO: M,Story,2026-03-11T19:01:00.185-0300,2026-04-14T15:50:13.130-0300,To Do,IN DEVELOPMENT,luiz.martineli,SQUAD_5,2026-04-06,2026-04-09,2026-04-30T23:30:00.000-0300
BF3E4-3920,[SUPPLY CHAIN - 12] Entidade: Estoque por Desenho - Parte 1: FIASA Histórico e Current - TAMANHO: M,Story,2026-03-11T19:01:00.185-0300,2026-04-14T10:05:27.047-0300,Refined,To Do,bruno.teles,SQUAD_5,2026-04-06,2026-04-09,2026-04-30T23:30:00.000-0300
BF3E4-3920,[SUPPLY CHAIN - 12] Entidade: Estoque por Desenho - Parte 1: FIASA Histórico e Current - TAMANHO: M,Story,2026-03-11T19:01:00.185-0300,2026-03-19T10:32:19.733-0300,IN REFINEMENT,Refined,roger.ramos,SQUAD_5,2026-04-06,2026-04-09,2026-04-30T23:30:00.000-0300
BF3E4-3920,[SUPPLY CHAIN - 12] Entidade: Estoque por Desenho - Parte 1: FIASA Histórico e Current - TAMANHO: M,Story,2026-03-11T19:01:00.185-0300,2026-03-19T10:32:16.639-0300,WAITING REFINEMENT,IN REFINEMENT,roger.ramos,SQUAD_5,2026-04-06,2026-04-09,2026-04-30T23:30:00.000-0300
BF3E4-3920,[SUPPLY CHAIN - 12] Entidade: Estoque por Desenho - Parte 1: FIASA Histórico e Current - TAMANHO: M,Story,2026-03-11T19:01:00.185-0300,2026-03-19T10:32:13.901-0300,Open,WAITING REFINEMENT,roger.ramos,SQUAD_5,2026-04-06,2026-04-09,2026-04-30T23:30:00.000-0300
BF3E4-3911,[SUPPLY CHAIN - 11] Entidade: Etiquetas CIM - Parte 2: Plantas FIRE e FAASA - TAMANHO: P,Story,2026-03-11T19:00:42.653-0300,2026-05-06T16:31:24.238-0300,Test,Done,marcio.benetasso,SQUAD_5,2026-04-01,2026-04-07,2026-05-07T23:30:00.000-0300
BF3E4-3911,[SUPPLY CHAIN - 11] Entidade: Etiquetas CIM - Parte 2: Plantas FIRE e FAASA - TAMANHO: P,Story,2026-03-11T19:00:42.653-0300,2026-05-05T17:33:07.882-0300,Waiting Test,Test,marcio.benetasso,SQUAD_5,2026-04-01,2026-04-07,2026-05-07T23:30:00.000-0300
BF3E4-3911,[SUPPLY CHAIN - 11] Entidade: Etiquetas CIM - Parte 2: Plantas FIRE e FAASA - TAMANHO: P,Story,2026-03-11T19:00:42.653-0300,2026-05-05T16:48:53.731-0300,IN DEVELOPMENT,Waiting Test,vinicius.silva4,SQUAD_5,2026-04-01,2026-04-07,2026-05-07T23:30:00.000-0300
BF3E4-3911,[SUPPLY CHAIN - 11] Entidade: Etiquetas CIM - Parte 2: Plantas FIRE e FAASA - TAMANHO: P,Story,2026-03-11T19:00:42.653-0300,2026-04-14T09:53:31.929-0300,To Do,IN DEVELOPMENT,bruno.teles,SQUAD_5,2026-04-01,2026-04-07,2026-05-07T23:30:00.000-0300
BF3E4-3911,[SUPPLY CHAIN - 11] Entidade: Etiquetas CIM - Parte 2: Plantas FIRE e FAASA - TAMANHO: P,Story,2026-03-11T19:00:42.653-0300,2026-04-14T09:53:28.817-0300,Refined,To Do,bruno.teles,SQUAD_5,2026-04-01,2026-04-07,2026-05-07T23:30:00.000-0300
BF3E4-3911,[SUPPLY CHAIN - 11] Entidade: Etiquetas CIM - Parte 2: Plantas FIRE e FAASA - TAMANHO: P,Story,2026-03-11T19:00:42.653-0300,2026-03-19T10:32:00.318-0300,IN REFINEMENT,Refined,roger.ramos,SQUAD_5,2026-04-01,2026-04-07,2026-05-07T23:30:00.000-0300
BF3E4-3911,[SUPPLY CHAIN - 11] Entidade: Etiquetas CIM - Parte 2: Plantas FIRE e FAASA - TAMANHO: P,Story,2026-03-11T19:00:42.653-0300,2026-03-19T10:31:25.430-0300,WAITING REFINEMENT,IN REFINEMENT,roger.ramos,SQUAD_5,2026-04-01,2026-04-07,2026-05-07T23:30:00.000-0300
BF3E4-3911,[SUPPLY CHAIN - 11] Entidade: Etiquetas CIM - Parte 2: Plantas FIRE e FAASA - TAMANHO: P,Story,2026-03-11T19:00:42.653-0300,2026-03-19T10:31:22.271-0300,Open,WAITING REFINEMENT,roger.ramos,SQUAD_5,2026-04-01,2026-04-07,2026-05-07T23:30:00.000-0300
BF3E4-3902,"[SUPPLY CHAIN - 10] Entidade: Etiquetas CIM - Parte 1: Plantas FIAPE, FIASA e Mecânica - TAMANHO: P",Story,2026-03-11T19:00:23.657-0300,2026-05-02T15:23:45.411-0300,Test,Done,fabricio.gauterio,SQUAD_5,2026-04-01,2026-04-07,
BF3E4-3902,"[SUPPLY CHAIN - 10] Entidade: Etiquetas CIM - Parte 1: Plantas FIAPE, FIASA e Mecânica - TAMANHO: P",Story,2026-03-11T19:00:23.657-0300,2026-05-01T15:52:01.847-0300,Waiting Test,Test,fabricio.gauterio,SQUAD_5,2026-04-01,2026-04-07,
BF3E4-3902,"[SUPPLY CHAIN - 10] Entidade: Etiquetas CIM - Parte 1: Plantas FIAPE, FIASA e Mecânica - TAMANHO: P",Story,2026-03-11T19:00:23.657-0300,2026-04-23T13:56:53.192-0300,In Code Review,Waiting Test,bruno.teles,SQUAD_5,2026-04-01,2026-04-07,
BF3E4-3902,"[SUPPLY CHAIN - 10] Entidade: Etiquetas CIM - Parte 1: Plantas FIAPE, FIASA e Mecânica - TAMANHO: P",Story,2026-03-11T19:00:23.657-0300,2026-04-23T13:56:49.801-0300,WAITING CODE REVIEW,In Code Review,bruno.teles,SQUAD_5,2026-04-01,2026-04-07,
BF3E4-3902,"[SUPPLY CHAIN - 10] Entidade: Etiquetas CIM - Parte 1: Plantas FIAPE, FIASA e Mecânica - TAMANHO: P",Story,2026-03-11T19:00:23.657-0300,2026-04-23T13:56:47.199-0300,IN DEVELOPMENT,WAITING CODE REVIEW,bruno.teles,SQUAD_5,2026-04-01,2026-04-07,
BF3E4-3902,"[SUPPLY CHAIN - 10] Entidade: Etiquetas CIM - Parte 1: Plantas FIAPE, FIASA e Mecânica - TAMANHO: P",Story,2026-03-11T19:00:23.657-0300,2026-04-13T16:59:11.377-0300,To Do,IN DEVELOPMENT,bruno.teles,SQUAD_5,2026-04-01,2026-04-07,
BF3E4-3902,"[SUPPLY CHAIN - 10] Entidade: Etiquetas CIM - Parte 1: Plantas FIAPE, FIASA e Mecânica - TAMANHO: P",Story,2026-03-11T19:00:23.657-0300,2026-04-13T16:59:08.106-0300,Refined,To Do,bruno.teles,SQUAD_5,2026-04-01,2026-04-07,
BF3E4-3902,"[SUPPLY CHAIN - 10] Entidade: Etiquetas CIM - Parte 1: Plantas FIAPE, FIASA e Mecânica - TAMANHO: P",Story,2026-03-11T19:00:23.657-0300,2026-03-19T10:31:15.205-0300,IN REFINEMENT,Refined,roger.ramos,SQUAD_5,2026-04-01,2026-04-07,
BF3E4-3902,"[SUPPLY CHAIN - 10] Entidade: Etiquetas CIM - Parte 1: Plantas FIAPE, FIASA e Mecânica - TAMANHO: P",Story,2026-03-11T19:00:23.657-0300,2026-03-19T10:31:12.486-0300,WAITING REFINEMENT,IN REFINEMENT,roger.ramos,SQUAD_5,2026-04-01,2026-04-07,
BF3E4-3902,"[SUPPLY CHAIN - 10] Entidade: Etiquetas CIM - Parte 1: Plantas FIAPE, FIASA e Mecânica - TAMANHO: P",Story,2026-03-11T19:00:23.657-0300,2026-03-19T10:31:08.734-0300,Open,WAITING REFINEMENT,roger.ramos,SQUAD_5,2026-04-01,2026-04-07,
BF3E4-3895,[SUPPLY CHAIN - 9] Entidade: Views Dimensão - Compartimentos e Unidades - TAMANHO: M,Story,2026-03-11T19:00:07.989-0300,2026-04-30T08:16:37.491-0300,Test,Done,natanael.rabelo,SQUAD_5,2026-04-01,2026-04-07,2026-04-29T23:30:00.000-0300
BF3E4-3895,[SUPPLY CHAIN - 9] Entidade: Views Dimensão - Compartimentos e Unidades - TAMANHO: M,Story,2026-03-11T19:00:07.989-0300,2026-04-27T17:32:42.863-0300,Waiting Test,Test,natanael.rabelo,SQUAD_5,2026-04-01,2026-04-07,2026-04-29T23:30:00.000-0300
BF3E4-3895,[SUPPLY CHAIN - 9] Entidade: Views Dimensão - Compartimentos e Unidades - TAMANHO: M,Story,2026-03-11T19:00:07.989-0300,2026-04-15T11:59:29.025-0300,In Code Review,Waiting Test,filipe.freitas,SQUAD_5,2026-04-01,2026-04-07,2026-04-29T23:30:00.000-0300
BF3E4-3895,[SUPPLY CHAIN - 9] Entidade: Views Dimensão - Compartimentos e Unidades - TAMANHO: M,Story,2026-03-11T19:00:07.989-0300,2026-04-15T11:59:23.753-0300,WAITING CODE REVIEW,In Code Review,filipe.freitas,SQUAD_5,2026-04-01,2026-04-07,2026-04-29T23:30:00.000-0300
BF3E4-3895,[SUPPLY CHAIN - 9] Entidade: Views Dimensão - Compartimentos e Unidades - TAMANHO: M,Story,2026-03-11T19:00:07.989-0300,2026-04-15T11:56:46.348-0300,IN DEVELOPMENT,WAITING CODE REVIEW,filipe.freitas,SQUAD_5,2026-04-01,2026-04-07,2026-04-29T23:30:00.000-0300
BF3E4-3895,[SUPPLY CHAIN - 9] Entidade: Views Dimensão - Compartimentos e Unidades - TAMANHO: M,Story,2026-03-11T19:00:07.989-0300,2026-04-02T14:29:25.482-0300,To Do,IN DEVELOPMENT,bruno.teles,SQUAD_5,2026-04-01,2026-04-07,2026-04-29T23:30:00.000-0300
BF3E4-3895,[SUPPLY CHAIN - 9] Entidade: Views Dimensão - Compartimentos e Unidades - TAMANHO: M,Story,2026-03-11T19:00:07.989-0300,2026-03-31T15:31:31.146-0300,Refined,To Do,bruno.teles,SQUAD_5,2026-04-01,2026-04-07,2026-04-29T23:30:00.000-0300
BF3E4-3895,[SUPPLY CHAIN - 9] Entidade: Views Dimensão - Compartimentos e Unidades - TAMANHO: M,Story,2026-03-11T19:00:07.989-0300,2026-03-19T10:30:58.909-0300,IN REFINEMENT,Refined,roger.ramos,SQUAD_5,2026-04-01,2026-04-07,2026-04-29T23:30:00.000-0300
BF3E4-3895,[SUPPLY CHAIN - 9] Entidade: Views Dimensão - Compartimentos e Unidades - TAMANHO: M,Story,2026-03-11T19:00:07.989-0300,2026-03-19T10:30:56.293-0300,WAITING REFINEMENT,IN REFINEMENT,roger.ramos,SQUAD_5,2026-04-01,2026-04-07,2026-04-29T23:30:00.000-0300
BF3E4-3895,[SUPPLY CHAIN - 9] Entidade: Views Dimensão - Compartimentos e Unidades - TAMANHO: M,Story,2026-03-11T19:00:07.989-0300,2026-03-19T10:30:52.000-0300,Open,WAITING REFINEMENT,roger.ramos,SQUAD_5,2026-04-01,2026-04-07,2026-04-29T23:30:00.000-0300
BF3E4-3880,[SUPPLY CHAIN - 8] Entidade: Tabelas Mestres - Áreas e Localizações - TAMANHO: M,Story,2026-03-11T18:59:42.465-0300,2026-05-03T12:52:45.579-0300,Test,Done,marcio.benetasso,SQUAD_5,2026-04-01,2026-04-13,
BF3E4-3880,[SUPPLY CHAIN - 8] Entidade: Tabelas Mestres - Áreas e Localizações - TAMANHO: M,Story,2026-03-11T18:59:42.465-0300,2026-05-01T16:13:59.844-0300,Waiting Test,Test,everton.oliveira2,SQUAD_5,2026-04-01,2026-04-13,
BF3E4-3880,[SUPPLY CHAIN - 8] Entidade: Tabelas Mestres - Áreas e Localizações - TAMANHO: M,Story,2026-03-11T18:59:42.465-0300,2026-04-29T10:56:27.994-0300,IN DEVELOPMENT,Waiting Test,icaro.coelho,SQUAD_5,2026-04-01,2026-04-13,
BF3E4-3880,[SUPPLY CHAIN - 8] Entidade: Tabelas Mestres - Áreas e Localizações - TAMANHO: M,Story,2026-03-11T18:59:42.465-0300,2026-04-01T14:01:31.311-0300,To Do,IN DEVELOPMENT,icaro.coelho,SQUAD_5,2026-04-01,2026-04-13,
BF3E4-3880,[SUPPLY CHAIN - 8] Entidade: Tabelas Mestres - Áreas e Localizações - TAMANHO: M,Story,2026-03-11T18:59:42.465-0300,2026-03-31T15:31:26.120-0300,Refined,To Do,bruno.teles,SQUAD_5,2026-04-01,2026-04-13,
BF3E4-3870,[SUPPLY CHAIN - 7] Entidade: Notas Fiscais de Entrada - TAMANHO: M,Story,2026-03-11T18:59:24.409-0300,2026-05-04T14:16:18.271-0300,Test,Done,marcio.benetasso,SQUAD_5,2026-04-01,2026-04-08,2026-05-04T23:30:00.000-0300
BF3E4-3870,[SUPPLY CHAIN - 7] Entidade: Notas Fiscais de Entrada - TAMANHO: M,Story,2026-03-11T18:59:24.409-0300,2026-05-02T15:31:14.630-0300,Waiting Test,Test,fabricio.gauterio,SQUAD_5,2026-04-01,2026-04-08,2026-05-04T23:30:00.000-0300
BF3E4-3870,[SUPPLY CHAIN - 7] Entidade: Notas Fiscais de Entrada - TAMANHO: M,Story,2026-03-11T18:59:24.409-0300,2026-04-24T11:36:24.118-0300,In Code Review,Waiting Test,luiz.martineli,SQUAD_5,2026-04-01,2026-04-08,2026-05-04T23:30:00.000-0300
BF3E4-3870,[SUPPLY CHAIN - 7] Entidade: Notas Fiscais de Entrada - TAMANHO: M,Story,2026-03-11T18:59:24.409-0300,2026-04-24T11:36:21.147-0300,WAITING CODE REVIEW,In Code Review,luiz.martineli,SQUAD_5,2026-04-01,2026-04-08,2026-05-04T23:30:00.000-0300
BF3E4-3870,[SUPPLY CHAIN - 7] Entidade: Notas Fiscais de Entrada - TAMANHO: M,Story,2026-03-11T18:59:24.409-0300,2026-04-24T11:36:17.481-0300,IN DEVELOPMENT,WAITING CODE REVIEW,luiz.martineli,SQUAD_5,2026-04-01,2026-04-08,2026-05-04T23:30:00.000-0300
BF3E4-3870,[SUPPLY CHAIN - 7] Entidade: Notas Fiscais de Entrada - TAMANHO: M,Story,2026-03-11T18:59:24.409-0300,2026-04-01T08:15:43.439-0300,To Do,IN DEVELOPMENT,luiz.martineli,SQUAD_5,2026-04-01,2026-04-08,2026-05-04T23:30:00.000-0300
BF3E4-3870,[SUPPLY CHAIN - 7] Entidade: Notas Fiscais de Entrada - TAMANHO: M,Story,2026-03-11T18:59:24.409-0300,2026-03-31T15:31:17.499-0300,Refined,To Do,bruno.teles,SQUAD_5,2026-04-01,2026-04-08,2026-05-04T23:30:00.000-0300
BF3E4-3855,[SUPPLY CHAIN - 6] Entidade: Cadastros e Pedidos Especiais - TAMANHO: M,Story,2026-03-11T18:58:56.468-0300,2026-05-07T14:38:50.061-0300,Test,Done,marcio.benetasso,SQUAD_5,2026-04-01,2026-04-14,2026-05-08T23:30:00.000-0300
BF3E4-3855,[SUPPLY CHAIN - 6] Entidade: Cadastros e Pedidos Especiais - TAMANHO: M,Story,2026-03-11T18:58:56.468-0300,2026-05-02T13:38:57.920-0300,Waiting Test,Test,marcio.benetasso,SQUAD_5,2026-04-01,2026-04-14,2026-05-08T23:30:00.000-0300
BF3E4-3855,[SUPPLY CHAIN - 6] Entidade: Cadastros e Pedidos Especiais - TAMANHO: M,Story,2026-03-11T18:58:56.468-0300,2026-04-29T16:58:47.445-0300,IN DEVELOPMENT,Waiting Test,joao.bosco2,SQUAD_5,2026-04-01,2026-04-14,2026-05-08T23:30:00.000-0300
BF3E4-3855,[SUPPLY CHAIN - 6] Entidade: Cadastros e Pedidos Especiais - TAMANHO: M,Story,2026-03-11T18:58:56.468-0300,2026-04-02T09:44:10.202-0300,To Do,IN DEVELOPMENT,joao.bosco2,SQUAD_5,2026-04-01,2026-04-14,2026-05-08T23:30:00.000-0300
BF3E4-3855,[SUPPLY CHAIN - 6] Entidade: Cadastros e Pedidos Especiais - TAMANHO: M,Story,2026-03-11T18:58:56.468-0300,2026-03-31T15:31:11.308-0300,Refined,To Do,bruno.teles,SQUAD_5,2026-04-01,2026-04-14,2026-05-08T23:30:00.000-0300
BF3E4-3846,[SUPPLY CHAIN - 5] Entidade: Posições de Estoque - Parte 2: Plantas FIRE e Mecânica - TAMANHO: M,Story,2026-03-11T18:58:33.012-0300,2026-05-01T18:10:52.828-0300,Test,Done,marcio.benetasso,SQUAD_5,2026-04-01,2026-04-07,2026-04-30T23:30:00.000-0300
BF3E4-3846,[SUPPLY CHAIN - 5] Entidade: Posições de Estoque - Parte 2: Plantas FIRE e Mecânica - TAMANHO: M,Story,2026-03-11T18:58:33.012-0300,2026-04-27T13:38:57.120-0300,Waiting Test,Test,kenia.braga2,SQUAD_5,2026-04-01,2026-04-07,2026-04-30T23:30:00.000-0300
BF3E4-3846,[SUPPLY CHAIN - 5] Entidade: Posições de Estoque - Parte 2: Plantas FIRE e Mecânica - TAMANHO: M,Story,2026-03-11T18:58:33.012-0300,2026-04-22T17:22:16.777-0300,In Code Review,Waiting Test,marconi.sousa,SQUAD_5,2026-04-01,2026-04-07,2026-04-30T23:30:00.000-0300
BF3E4-3846,[SUPPLY CHAIN - 5] Entidade: Posições de Estoque - Parte 2: Plantas FIRE e Mecânica - TAMANHO: M,Story,2026-03-11T18:58:33.012-0300,2026-04-22T17:22:11.606-0300,WAITING CODE REVIEW,In Code Review,marconi.sousa,SQUAD_5,2026-04-01,2026-04-07,2026-04-30T23:30:00.000-0300
BF3E4-3846,[SUPPLY CHAIN - 5] Entidade: Posições de Estoque - Parte 2: Plantas FIRE e Mecânica - TAMANHO: M,Story,2026-03-11T18:58:33.012-0300,2026-04-22T17:21:59.007-0300,IN DEVELOPMENT,WAITING CODE REVIEW,marconi.sousa,SQUAD_5,2026-04-01,2026-04-07,2026-04-30T23:30:00.000-0300
BF3E4-3846,[SUPPLY CHAIN - 5] Entidade: Posições de Estoque - Parte 2: Plantas FIRE e Mecânica - TAMANHO: M,Story,2026-03-11T18:58:33.012-0300,2026-04-02T14:28:51.270-0300,To Do,IN DEVELOPMENT,bruno.teles,SQUAD_5,2026-04-01,2026-04-07,2026-04-30T23:30:00.000-0300
BF3E4-3846,[SUPPLY CHAIN - 5] Entidade: Posições de Estoque - Parte 2: Plantas FIRE e Mecânica - TAMANHO: M,Story,2026-03-11T18:58:33.012-0300,2026-03-31T15:31:04.166-0300,Refined,To Do,bruno.teles,SQUAD_5,2026-04-01,2026-04-07,2026-04-30T23:30:00.000-0300
BF3E4-3846,[SUPPLY CHAIN - 5] Entidade: Posições de Estoque - Parte 2: Plantas FIRE e Mecânica - TAMANHO: M,Story,2026-03-11T18:58:33.012-0300,2026-03-19T10:25:17.863-0300,IN REFINEMENT,Refined,roger.ramos,SQUAD_5,2026-04-01,2026-04-07,2026-04-30T23:30:00.000-0300
BF3E4-3846,[SUPPLY CHAIN - 5] Entidade: Posições de Estoque - Parte 2: Plantas FIRE e Mecânica - TAMANHO: M,Story,2026-03-11T18:58:33.012-0300,2026-03-19T10:25:14.142-0300,WAITING REFINEMENT,IN REFINEMENT,roger.ramos,SQUAD_5,2026-04-01,2026-04-07,2026-04-30T23:30:00.000-0300
BF3E4-3846,[SUPPLY CHAIN - 5] Entidade: Posições de Estoque - Parte 2: Plantas FIRE e Mecânica - TAMANHO: M,Story,2026-03-11T18:58:33.012-0300,2026-03-19T10:24:57.719-0300,Open,WAITING REFINEMENT,roger.ramos,SQUAD_5,2026-04-01,2026-04-07,2026-04-30T23:30:00.000-0300
BF3E4-3837,"[SUPPLY CHAIN - 4] Entidade: Posições de Estoque - Parte 1: Plantas JEEP, FAASA e FIASA - TAMANHO: P",Story,2026-03-11T18:58:15.880-0300,2026-05-02T13:34:42.006-0300,Test,Done,marcio.benetasso,SQUAD_5,2026-04-01,2026-04-06,
BF3E4-3837,"[SUPPLY CHAIN - 4] Entidade: Posições de Estoque - Parte 1: Plantas JEEP, FAASA e FIASA - TAMANHO: P",Story,2026-03-11T18:58:15.880-0300,2026-05-01T18:18:12.088-0300,Waiting Test,Test,marcio.benetasso,SQUAD_5,2026-04-01,2026-04-06,
BF3E4-3837,"[SUPPLY CHAIN - 4] Entidade: Posições de Estoque - Parte 1: Plantas JEEP, FAASA e FIASA - TAMANHO: P",Story,2026-03-11T18:58:15.880-0300,2026-04-23T10:56:49.835-0300,In Code Review,Waiting Test,kenia.braga2,SQUAD_5,2026-04-01,2026-04-06,
BF3E4-3837,"[SUPPLY CHAIN - 4] Entidade: Posições de Estoque - Parte 1: Plantas JEEP, FAASA e FIASA - TAMANHO: P",Story,2026-03-11T18:58:15.880-0300,2026-04-23T10:56:46.965-0300,WAITING CODE REVIEW,In Code Review,kenia.braga2,SQUAD_5,2026-04-01,2026-04-06,
BF3E4-3837,"[SUPPLY CHAIN - 4] Entidade: Posições de Estoque - Parte 1: Plantas JEEP, FAASA e FIASA - TAMANHO: P",Story,2026-03-11T18:58:15.880-0300,2026-04-23T10:56:36.546-0300,IN DEVELOPMENT,WAITING CODE REVIEW,kenia.braga2,SQUAD_5,2026-04-01,2026-04-06,
BF3E4-3837,"[SUPPLY CHAIN - 4] Entidade: Posições de Estoque - Parte 1: Plantas JEEP, FAASA e FIASA - TAMANHO: P",Story,2026-03-11T18:58:15.880-0300,2026-04-02T09:43:15.368-0300,To Do,IN DEVELOPMENT,kenia.braga2,SQUAD_5,2026-04-01,2026-04-06,
BF3E4-3837,"[SUPPLY CHAIN - 4] Entidade: Posições de Estoque - Parte 1: Plantas JEEP, FAASA e FIASA - TAMANHO: P",Story,2026-03-11T18:58:15.880-0300,2026-03-31T15:30:13.541-0300,Refined,To Do,bruno.teles,SQUAD_5,2026-04-01,2026-04-06,
BF3E4-3837,"[SUPPLY CHAIN - 4] Entidade: Posições de Estoque - Parte 1: Plantas JEEP, FAASA e FIASA - TAMANHO: P",Story,2026-03-11T18:58:15.880-0300,2026-03-19T10:24:49.418-0300,IN REFINEMENT,Refined,roger.ramos,SQUAD_5,2026-04-01,2026-04-06,
BF3E4-3837,"[SUPPLY CHAIN - 4] Entidade: Posições de Estoque - Parte 1: Plantas JEEP, FAASA e FIASA - TAMANHO: P",Story,2026-03-11T18:58:15.880-0300,2026-03-19T10:24:45.528-0300,WAITING REFINEMENT,IN REFINEMENT,roger.ramos,SQUAD_5,2026-04-01,2026-04-06,
BF3E4-3837,"[SUPPLY CHAIN - 4] Entidade: Posições de Estoque - Parte 1: Plantas JEEP, FAASA e FIASA - TAMANHO: P",Story,2026-03-11T18:58:15.880-0300,2026-03-19T10:24:41.457-0300,Open,WAITING REFINEMENT,roger.ramos,SQUAD_5,2026-04-01,2026-04-06,
BF3E4-3826,"[SUPPLY CHAIN - 3] Entidade: Movimentos Contábeis - Parte 2: Plantas FIRE, JEEP e Mecânica - TAMANHO: M",Story,2026-03-11T18:57:56.708-0300,2026-05-01T17:51:26.710-0300,Test,Done,marcio.benetasso,SQUAD_5,2026-04-01,2026-04-08,2026-04-30T23:30:00.000-0300
BF3E4-3826,"[SUPPLY CHAIN - 3] Entidade: Movimentos Contábeis - Parte 2: Plantas FIRE, JEEP e Mecânica - TAMANHO: M",Story,2026-03-11T18:57:56.708-0300,2026-04-23T17:35:54.056-0300,Waiting Test,Test,marcio.benetasso,SQUAD_5,2026-04-01,2026-04-08,2026-04-30T23:30:00.000-0300
BF3E4-3826,"[SUPPLY CHAIN - 3] Entidade: Movimentos Contábeis - Parte 2: Plantas FIRE, JEEP e Mecânica - TAMANHO: M",Story,2026-03-11T18:57:56.708-0300,2026-04-17T17:32:04.740-0300,In Code Review,Waiting Test,vinicius.silva4,SQUAD_5,2026-04-01,2026-04-08,2026-04-30T23:30:00.000-0300
BF3E4-3826,"[SUPPLY CHAIN - 3] Entidade: Movimentos Contábeis - Parte 2: Plantas FIRE, JEEP e Mecânica - TAMANHO: M",Story,2026-03-11T18:57:56.708-0300,2026-04-17T17:31:58.926-0300,WAITING CODE REVIEW,In Code Review,vinicius.silva4,SQUAD_5,2026-04-01,2026-04-08,2026-04-30T23:30:00.000-0300
BF3E4-3826,"[SUPPLY CHAIN - 3] Entidade: Movimentos Contábeis - Parte 2: Plantas FIRE, JEEP e Mecânica - TAMANHO: M",Story,2026-03-11T18:57:56.708-0300,2026-04-17T17:31:52.080-0300,IN DEVELOPMENT,WAITING CODE REVIEW,vinicius.silva4,SQUAD_5,2026-04-01,2026-04-08,2026-04-30T23:30:00.000-0300
BF3E4-3826,"[SUPPLY CHAIN - 3] Entidade: Movimentos Contábeis - Parte 2: Plantas FIRE, JEEP e Mecânica - TAMANHO: M",Story,2026-03-11T18:57:56.708-0300,2026-04-02T14:28:38.337-0300,To Do,IN DEVELOPMENT,bruno.teles,SQUAD_5,2026-04-01,2026-04-08,2026-04-30T23:30:00.000-0300
BF3E4-3826,"[SUPPLY CHAIN - 3] Entidade: Movimentos Contábeis - Parte 2: Plantas FIRE, JEEP e Mecânica - TAMANHO: M",Story,2026-03-11T18:57:56.708-0300,2026-03-31T15:30:00.760-0300,Refined,To Do,bruno.teles,SQUAD_5,2026-04-01,2026-04-08,2026-04-30T23:30:00.000-0300
BF3E4-3826,"[SUPPLY CHAIN - 3] Entidade: Movimentos Contábeis - Parte 2: Plantas FIRE, JEEP e Mecânica - TAMANHO: M",Story,2026-03-11T18:57:56.708-0300,2026-03-19T10:21:49.415-0300,IN REFINEMENT,Refined,roger.ramos,SQUAD_5,2026-04-01,2026-04-08,2026-04-30T23:30:00.000-0300
BF3E4-3826,"[SUPPLY CHAIN - 3] Entidade: Movimentos Contábeis - Parte 2: Plantas FIRE, JEEP e Mecânica - TAMANHO: M",Story,2026-03-11T18:57:56.708-0300,2026-03-19T10:21:44.168-0300,WAITING REFINEMENT,IN REFINEMENT,roger.ramos,SQUAD_5,2026-04-01,2026-04-08,2026-04-30T23:30:00.000-0300
BF3E4-3826,"[SUPPLY CHAIN - 3] Entidade: Movimentos Contábeis - Parte 2: Plantas FIRE, JEEP e Mecânica - TAMANHO: M",Story,2026-03-11T18:57:56.708-0300,2026-03-19T10:21:40.602-0300,Open,WAITING REFINEMENT,roger.ramos,SQUAD_5,2026-04-01,2026-04-08,2026-04-30T23:30:00.000-0300
BF3E4-3817,"[SUPPLY CHAIN - 2] Entidade: Movimentos Contábeis - Parte 1: Plantas FAASA, CKD e FIASA - TAMANHO: P",Story,2026-03-11T18:57:36.361-0300,2026-04-27T15:24:29.636-0300,Test,Done,marcio.benetasso,SQUAD_5,2026-03-31,2026-04-02,2026-04-27T23:30:00.000-0300
BF3E4-3817,"[SUPPLY CHAIN - 2] Entidade: Movimentos Contábeis - Parte 1: Plantas FAASA, CKD e FIASA - TAMANHO: P",Story,2026-03-11T18:57:36.361-0300,2026-04-23T17:33:20.133-0300,Waiting Test,Test,marcio.benetasso,SQUAD_5,2026-03-31,2026-04-02,2026-04-27T23:30:00.000-0300
BF3E4-3817,"[SUPPLY CHAIN - 2] Entidade: Movimentos Contábeis - Parte 1: Plantas FAASA, CKD e FIASA - TAMANHO: P",Story,2026-03-11T18:57:36.361-0300,2026-04-14T10:50:52.274-0300,In Code Review,Waiting Test,olivia.diniz,SQUAD_5,2026-03-31,2026-04-02,2026-04-27T23:30:00.000-0300
BF3E4-3817,"[SUPPLY CHAIN - 2] Entidade: Movimentos Contábeis - Parte 1: Plantas FAASA, CKD e FIASA - TAMANHO: P",Story,2026-03-11T18:57:36.361-0300,2026-04-14T10:50:49.637-0300,WAITING CODE REVIEW,In Code Review,olivia.diniz,SQUAD_5,2026-03-31,2026-04-02,2026-04-27T23:30:00.000-0300
BF3E4-3817,"[SUPPLY CHAIN - 2] Entidade: Movimentos Contábeis - Parte 1: Plantas FAASA, CKD e FIASA - TAMANHO: P",Story,2026-03-11T18:57:36.361-0300,2026-04-14T10:50:46.369-0300,IN DEVELOPMENT,WAITING CODE REVIEW,olivia.diniz,SQUAD_5,2026-03-31,2026-04-02,2026-04-27T23:30:00.000-0300
BF3E4-3817,"[SUPPLY CHAIN - 2] Entidade: Movimentos Contábeis - Parte 1: Plantas FAASA, CKD e FIASA - TAMANHO: P",Story,2026-03-11T18:57:36.361-0300,2026-03-27T09:32:19.913-0300,To Do,IN DEVELOPMENT,bruno.teles,SQUAD_5,2026-03-31,2026-04-02,2026-04-27T23:30:00.000-0300
BF3E4-3817,"[SUPPLY CHAIN - 2] Entidade: Movimentos Contábeis - Parte 1: Plantas FAASA, CKD e FIASA - TAMANHO: P",Story,2026-03-11T18:57:36.361-0300,2026-03-27T09:32:16.667-0300,Refined,To Do,bruno.teles,SQUAD_5,2026-03-31,2026-04-02,2026-04-27T23:30:00.000-0300
BF3E4-3817,"[SUPPLY CHAIN - 2] Entidade: Movimentos Contábeis - Parte 1: Plantas FAASA, CKD e FIASA - TAMANHO: P",Story,2026-03-11T18:57:36.361-0300,2026-03-19T10:21:19.121-0300,IN REFINEMENT,Refined,roger.ramos,SQUAD_5,2026-03-31,2026-04-02,2026-04-27T23:30:00.000-0300
BF3E4-3817,"[SUPPLY CHAIN - 2] Entidade: Movimentos Contábeis - Parte 1: Plantas FAASA, CKD e FIASA - TAMANHO: P",Story,2026-03-11T18:57:36.361-0300,2026-03-19T10:21:14.056-0300,WAITING REFINEMENT,IN REFINEMENT,roger.ramos,SQUAD_5,2026-03-31,2026-04-02,2026-04-27T23:30:00.000-0300
BF3E4-3817,"[SUPPLY CHAIN - 2] Entidade: Movimentos Contábeis - Parte 1: Plantas FAASA, CKD e FIASA - TAMANHO: P",Story,2026-03-11T18:57:36.361-0300,2026-03-19T10:21:05.568-0300,Open,WAITING REFINEMENT,roger.ramos,SQUAD_5,2026-03-31,2026-04-02,2026-04-27T23:30:00.000-0300
BF3E4-3817,"[SUPPLY CHAIN - 2] Entidade: Movimentos Contábeis - Parte 1: Plantas FAASA, CKD e FIASA - TAMANHO: P",Story,2026-03-11T18:57:36.361-0300,2026-03-19T10:20:56.588-0300,WAITING REFINEMENT,Open,roger.ramos,SQUAD_5,2026-03-31,2026-04-02,2026-04-27T23:30:00.000-0300
BF3E4-3817,"[SUPPLY CHAIN - 2] Entidade: Movimentos Contábeis - Parte 1: Plantas FAASA, CKD e FIASA - TAMANHO: P",Story,2026-03-11T18:57:36.361-0300,2026-03-19T10:20:53.821-0300,Open,WAITING REFINEMENT,roger.ramos,SQUAD_5,2026-03-31,2026-04-02,2026-04-27T23:30:00.000-0300
BF3E4-3806,[SUPPLY CHAIN - 1] Entidade: Movimentos FAASA - Plantas 6.21 e 6.22 - TAMANHO: M,Story,2026-03-11T18:55:49.849-0300,2026-03-25T11:53:58.177-0300,Refined,Canceled,bruno.teles,SQUAD_5,2026-03-23,2026-03-30,
